-0.3920,+2.903,+10.97,Wed May 15 12:23:12 GMT+08:00 2019,851476744702402,0
-0.3730,+3.267,+9.018,Wed May 15 12:23:12 GMT+08:00 2019,851476810644940,0
-0.1810,+3.075,+9.496,Wed May 15 12:23:12 GMT+08:00 2019,851476876654710,0
-0.3160,+3.113,+8.922,Wed May 15 12:23:13 GMT+08:00 2019,851476942654479,0
-0.4300,+3.132,+9.305,Wed May 15 12:23:13 GMT+08:00 2019,851477008652863,0
-0.5260,+3.362,+9.190,Wed May 15 12:23:13 GMT+08:00 2019,851477074658402,0
-0.7560,+3.496,+8.577,Wed May 15 12:23:13 GMT+08:00 2019,851477140653171,0
-0.7750,+2.788,+6.796,Wed May 15 12:23:13 GMT+08:00 2019,851477206653325,0
-1.350,+3.132,+9.707,Wed May 15 12:23:13 GMT+08:00 2019,851477272652556,0
-2.078,+3.343,+7.198,Wed May 15 12:23:13 GMT+08:00 2019,851477338656556,0
-1.656,+2.615,+8.577,Wed May 15 12:23:13 GMT+08:00 2019,851477404660787,0
-1.752,+2.328,+5.666,Wed May 15 12:23:13 GMT+08:00 2019,851477470651710,0
-2.154,+1.006,+7.026,Wed May 15 12:23:13 GMT+08:00 2019,851477536652325,0
-3.399,+0.3550,+5.646,Wed May 15 12:23:13 GMT+08:00 2019,851477602654171,0
-2.537,-2.038,+7.619,Wed May 15 12:23:13 GMT+08:00 2019,851477668652556,0
-5.985,-4.739,+2.218,Wed May 15 12:23:13 GMT+08:00 2019,851477734658633,0
-8.245,-7.018,+1.854,Wed May 15 12:23:13 GMT+08:00 2019,851477800652171,0
-10.93,-12.98,+4.746,Wed May 15 12:23:13 GMT+08:00 2019,851477866650402,0
-12.84,-16.08,+5.627,Wed May 15 12:23:14 GMT+08:00 2019,851477932653940,0
-12.80,-11.58,+7.026,Wed May 15 12:23:14 GMT+08:00 2019,851477998651017,0
-10.87,-9.470,+3.884,Wed May 15 12:23:14 GMT+08:00 2019,851478064653479,0
-7.422,-8.953,+2.314,Wed May 15 12:23:14 GMT+08:00 2019,851478130654787,0
-6.081,-6.233,+3.003,Wed May 15 12:23:14 GMT+08:00 2019,851478196652171,0
-5.698,-8.321,+1.222,Wed May 15 12:23:14 GMT+08:00 2019,851478262651556,0
-3.648,-9.298,-0.02200,Wed May 15 12:23:14 GMT+08:00 2019,851478328659940,0
-2.767,-8.819,-1.497,Wed May 15 12:23:14 GMT+08:00 2019,851478394656248,0
-3.706,-8.895,-2.187,Wed May 15 12:23:14 GMT+08:00 2019,851478460677402,0
-4.491,-7.536,-1.497,Wed May 15 12:23:14 GMT+08:00 2019,851478526653787,0
-7,-9.298,+0.6850,Wed May 15 12:23:14 GMT+08:00 2019,851478592656325,0
-10.73,-11.67,+1.452,Wed May 15 12:23:14 GMT+08:00 2019,851478658651710,0
-8.571,-8.934,+3.674,Wed May 15 12:23:14 GMT+08:00 2019,851478724664325,0
-7.575,-9.183,+2.946,Wed May 15 12:23:14 GMT+08:00 2019,851478790655941,0
-6.311,-10.56,+1.375,Wed May 15 12:23:14 GMT+08:00 2019,851478856651633,0
-5.257,-7.938,+2.505,Wed May 15 12:23:14 GMT+08:00 2019,851478922653402,0
-3.246,-8.666,+2.122,Wed May 15 12:23:15 GMT+08:00 2019,851478988657402,0
-1.082,-8.800,+1.069,Wed May 15 12:23:15 GMT+08:00 2019,851479054655633,0
+0.1620,-8.991,+1.777,Wed May 15 12:23:15 GMT+08:00 2019,851479120657248,0
-3.993,-10.66,+0.8390,Wed May 15 12:23:15 GMT+08:00 2019,851479186656325,0
-5.219,-13.93,+0.8000,Wed May 15 12:23:15 GMT+08:00 2019,851479252661171,0
-5.832,-11.65,+2.141,Wed May 15 12:23:15 GMT+08:00 2019,851479318657710,0
-8.935,-10.37,+2.199,Wed May 15 12:23:15 GMT+08:00 2019,851479384654787,0
-7.728,-7.785,-0.4050,Wed May 15 12:23:15 GMT+08:00 2019,851479450652479,0
-6.407,-6.884,+0.8390,Wed May 15 12:23:15 GMT+08:00 2019,851479516656864,0
-7.996,-5.812,+0.7430,Wed May 15 12:23:15 GMT+08:00 2019,851479583768556,0
-8.705,-5.160,+0.3600,Wed May 15 12:23:15 GMT+08:00 2019,851479648657941,0
-9.433,-7.938,+1.318,Wed May 15 12:23:15 GMT+08:00 2019,851479714657017,0
-11.81,-10.47,+1.260,Wed May 15 12:23:15 GMT+08:00 2019,851479780656325,0
-10.18,-8.493,+2.352,Wed May 15 12:23:15 GMT+08:00 2019,851479846656479,0
-9.395,-12.23,+1.298,Wed May 15 12:23:15 GMT+08:00 2019,851479912676941,0
-5.564,-11.58,+1.662,Wed May 15 12:23:16 GMT+08:00 2019,851479978679633,0
-4.070,-8.800,+1.777,Wed May 15 12:23:16 GMT+08:00 2019,851480044651864,0
-2.480,-9.106,+0.3980,Wed May 15 12:23:16 GMT+08:00 2019,851480110648941,0
-1.312,-8.627,+0.5710,Wed May 15 12:23:16 GMT+08:00 2019,851480176649094,0
-1.656,-9.949,+1.375,Wed May 15 12:23:16 GMT+08:00 2019,851480242651787,0
-2.135,-11.25,+0.5130,Wed May 15 12:23:16 GMT+08:00 2019,851480308767941,0
-4.089,-11.83,+1.107,Wed May 15 12:23:16 GMT+08:00 2019,851480374647479,0
-6.253,-11.61,+2.582,Wed May 15 12:23:16 GMT+08:00 2019,851480441437171,0
-9.127,-10.54,+0.9150,Wed May 15 12:23:16 GMT+08:00 2019,851480506652248,0
-7.767,-8.895,+0.1300,Wed May 15 12:23:16 GMT+08:00 2019,851480572681864,0
-8.035,-7.650,+0.6660,Wed May 15 12:23:16 GMT+08:00 2019,851480638658094,0
-7.843,-7.018,+0.3220,Wed May 15 12:23:16 GMT+08:00 2019,851480704648864,0
-8.782,-6.712,+0.9920,Wed May 15 12:23:16 GMT+08:00 2019,851480770646864,0
-11.35,-9.068,-0.02200,Wed May 15 12:23:16 GMT+08:00 2019,851480836654556,0
-11.52,-7.650,+2.103,Wed May 15 12:23:16 GMT+08:00 2019,851480902657018,0
-10.91,-10.98,+1.586,Wed May 15 12:23:17 GMT+08:00 2019,851480968700864,0
-6.751,-11.73,+2.160,Wed May 15 12:23:17 GMT+08:00 2019,851481034651171,0
-4.606,-10.22,+2.754,Wed May 15 12:23:17 GMT+08:00 2019,851481100646171,0
-3.878,-10.12,+1.432,Wed May 15 12:23:17 GMT+08:00 2019,851481166649094,0
-2.633,-9.432,+0.8000,Wed May 15 12:23:17 GMT+08:00 2019,851481232686325,0
-2.614,-9.470,+1.490,Wed May 15 12:23:17 GMT+08:00 2019,851481298651018,0
-2.940,-11.21,+0.7810,Wed May 15 12:23:17 GMT+08:00 2019,851481364651171,0
+0.4110,-11.69,+1.203,Wed May 15 12:23:17 GMT+08:00 2019,851481433476325,0
-5.142,-10.79,+2.965,Wed May 15 12:23:17 GMT+08:00 2019,851481496648941,0
-6.253,-11.27,-0.8460,Wed May 15 12:23:17 GMT+08:00 2019,851481562647710,0
-6.158,-9.393,+2.122,Wed May 15 12:23:17 GMT+08:00 2019,851481628657095,0
-7.288,-8.493,+1.241,Wed May 15 12:23:17 GMT+08:00 2019,851481694650556,0
-8.456,-7.650,+0.7240,Wed May 15 12:23:17 GMT+08:00 2019,851481760671864,0
-9.490,-6.808,+0.07300,Wed May 15 12:23:17 GMT+08:00 2019,851481826650248,0
-10.95,-8.781,+0.3220,Wed May 15 12:23:17 GMT+08:00 2019,851481892648556,0
-10.85,-10.18,+0.7430,Wed May 15 12:23:18 GMT+08:00 2019,851481958646941,0
-10.14,-9.566,+0.5510,Wed May 15 12:23:18 GMT+08:00 2019,851482024652248,0
-5.162,-12.65,-1.057,Wed May 15 12:23:18 GMT+08:00 2019,851482090650787,0
-4.510,-11.31,+1.911,Wed May 15 12:23:18 GMT+08:00 2019,851482156646402,0
-3.591,-12.06,-0.8460,Wed May 15 12:23:18 GMT+08:00 2019,851482222647171,0
-0.1620,-11.73,-2.014,Wed May 15 12:23:18 GMT+08:00 2019,851482288650556,0
-0.5450,-10.37,-1.095,Wed May 15 12:23:18 GMT+08:00 2019,851482354659633,0
-2.193,-10.35,-1.344,Wed May 15 12:23:18 GMT+08:00 2019,851482420660787,0
-4.932,-14.85,-1.516,Wed May 15 12:23:18 GMT+08:00 2019,851482486681479,0
-4.874,-14.85,+3.520,Wed May 15 12:23:18 GMT+08:00 2019,851482552685864,0
-6.771,-10.18,+6.087,Wed May 15 12:23:18 GMT+08:00 2019,851482618653018,0
-7.307,-8.359,+1.720,Wed May 15 12:23:18 GMT+08:00 2019,851482684651864,0
-6.905,-8.206,+1.892,Wed May 15 12:23:18 GMT+08:00 2019,851482750854787,0
-6.215,-8.570,+3.635,Wed May 15 12:23:18 GMT+08:00 2019,851482816647402,0
-6.273,-7.804,+4.057,Wed May 15 12:23:18 GMT+08:00 2019,851482882650556,0
-6.349,-7.746,+3.176,Wed May 15 12:23:19 GMT+08:00 2019,851482948649787,0
-7.728,-6.769,+1.969,Wed May 15 12:23:19 GMT+08:00 2019,851483014685248,0
-10.79,-11.02,+1.605,Wed May 15 12:23:19 GMT+08:00 2019,851483080661095,0
-11.98,-6.539,-0.7690,Wed May 15 12:23:19 GMT+08:00 2019,851483146703018,0
-12.54,-6.923,-1.133,Wed May 15 12:23:19 GMT+08:00 2019,851483212647248,0
-7.020,-9.298,-3.183,Wed May 15 12:23:19 GMT+08:00 2019,851483278647479,0
-5.123,-11.08,-3.336,Wed May 15 12:23:19 GMT+08:00 2019,851483344661018,0
-5.353,-9.987,-1.612,Wed May 15 12:23:19 GMT+08:00 2019,851483410651710,0
-3.859,-8.532,-1.708,Wed May 15 12:23:19 GMT+08:00 2019,851483479427710,0
-3.936,-10.54,-1.191,Wed May 15 12:23:19 GMT+08:00 2019,851483542654325,0
-3.610,-15.18,+0.7620,Wed May 15 12:23:19 GMT+08:00 2019,851483615588479,0
+0.2960,-9.374,+6.298,Wed May 15 12:23:19 GMT+08:00 2019,851483674926710,0
-5.162,-7.765,+0.6280,Wed May 15 12:23:19 GMT+08:00 2019,851483740655248,0
-3.170,-10.96,+0.3600,Wed May 15 12:23:19 GMT+08:00 2019,851483806820556,0
-4.376,-8.800,+3.654,Wed May 15 12:23:19 GMT+08:00 2019,851483872648864,0
-6.445,-8.321,+1.260,Wed May 15 12:23:20 GMT+08:00 2019,851483938649633,0
-7.575,-7.765,-0.06100,Wed May 15 12:23:20 GMT+08:00 2019,851484004648249,0
-8.380,-8.570,+1.739,Wed May 15 12:23:20 GMT+08:00 2019,851484070689633,0
-10.58,-8.953,+0.2830,Wed May 15 12:23:20 GMT+08:00 2019,851484136650556,0
-8.571,-6.884,+1.796,Wed May 15 12:23:20 GMT+08:00 2019,851484202651249,0
-8.801,-7.248,+0.2450,Wed May 15 12:23:20 GMT+08:00 2019,851484268649710,0
-7.211,-9.700,-0.4050,Wed May 15 12:23:20 GMT+08:00 2019,851484334651864,0
-6.866,-8.340,+1.988,Wed May 15 12:23:20 GMT+08:00 2019,851484400649479,0
-4.376,-10.39,+1.567,Wed May 15 12:23:20 GMT+08:00 2019,851484471051479,0
-1.810,-10.45,-0.08000,Wed May 15 12:23:20 GMT+08:00 2019,851484532652402,0
-2.806,-9.106,+0.8960,Wed May 15 12:23:20 GMT+08:00 2019,851484598650402,0
-1.867,-11.23,+0.1300,Wed May 15 12:23:20 GMT+08:00 2019,851484664647633,0
-2.346,-12.98,+0.6470,Wed May 15 12:23:20 GMT+08:00 2019,851484730697787,0
-2.901,-10.29,+2.448,Wed May 15 12:23:20 GMT+08:00 2019,851484796647402,0
-4.338,-11.14,+0.2830,Wed May 15 12:23:20 GMT+08:00 2019,851484862650249,0
-4.817,-9.393,+1.088,Wed May 15 12:23:21 GMT+08:00 2019,851484928653325,0
-5.468,-8.934,-0.3290,Wed May 15 12:23:21 GMT+08:00 2019,851484994646402,0
-6.828,-8.302,-0.5200,Wed May 15 12:23:21 GMT+08:00 2019,851485060647941,0
-6.158,-7.555,-0.5590,Wed May 15 12:23:21 GMT+08:00 2019,851485126690479,0
-8.475,-10.31,+0.3980,Wed May 15 12:23:21 GMT+08:00 2019,851485192650172,0
-9.031,-8.378,+1.298,Wed May 15 12:23:21 GMT+08:00 2019,851485258649633,0
-9.012,-7.287,+3.290,Wed May 15 12:23:21 GMT+08:00 2019,851485324649095,0
-7.709,-9.815,+0.6280,Wed May 15 12:23:21 GMT+08:00 2019,851485390653172,0
-6.273,-9.528,+1.816,Wed May 15 12:23:21 GMT+08:00 2019,851485456659172,0
-6.790,-7.919,+1.547,Wed May 15 12:23:21 GMT+08:00 2019,851485522648249,0
-5.142,-9.662,+0.2450,Wed May 15 12:23:21 GMT+08:00 2019,851485588651479,0
-4.319,-8.915,+1.049,Wed May 15 12:23:21 GMT+08:00 2019,851485654649633,0
-4.778,-9.834,+1.739,Wed May 15 12:23:21 GMT+08:00 2019,851485720721172,0
-3.744,-11.61,+1.164,Wed May 15 12:23:21 GMT+08:00 2019,851485786655710,0
-3.438,-11.67,+0.9340,Wed May 15 12:23:21 GMT+08:00 2019,851485852853326,0
-2.786,-9.298,+1.471,Wed May 15 12:23:21 GMT+08:00 2019,851485918845556,0
-4.606,-10.14,-0.04100,Wed May 15 12:23:22 GMT+08:00 2019,851485984667095,0
-5.200,-9.183,+1.547,Wed May 15 12:23:22 GMT+08:00 2019,851486050648095,0
-6.483,-9.106,+1.298,Wed May 15 12:23:22 GMT+08:00 2019,851486121648479,0
-7.862,-9.298,+0.8770,Wed May 15 12:23:22 GMT+08:00 2019,851486182647095,0
-8.322,-8.091,+0.4940,Wed May 15 12:23:22 GMT+08:00 2019,851486248648402,0
-8.782,-10.01,+0.2640,Wed May 15 12:23:22 GMT+08:00 2019,851486314665787,0
-9.969,-9.202,-1.306,Wed May 15 12:23:22 GMT+08:00 2019,851486380650172,0
-9.376,-6.942,+0.4750,Wed May 15 12:23:22 GMT+08:00 2019,851486446658249,0
-9.050,-8.532,+0.05300,Wed May 15 12:23:22 GMT+08:00 2019,851486512652941,0
-8.303,-9.106,+0.8000,Wed May 15 12:23:22 GMT+08:00 2019,851486578680095,0
-7.479,-7.746,-1.631,Wed May 15 12:23:22 GMT+08:00 2019,851486644872479,0
-6.636,-11.40,+0.8000,Wed May 15 12:23:22 GMT+08:00 2019,851486710682018,0
-6.617,-10.41,+2.754,Wed May 15 12:23:22 GMT+08:00 2019,851486776703249,0
-5.296,-10.72,+2.582,Wed May 15 12:23:22 GMT+08:00 2019,851486842676172,0
-4.070,-11.71,+2.122,Wed May 15 12:23:22 GMT+08:00 2019,851486908679249,0
-0.5450,-11.92,+0.2830,Wed May 15 12:23:23 GMT+08:00 2019,851486974685403,0
-1.733,-9.547,+2.639,Wed May 15 12:23:23 GMT+08:00 2019,851487040674018,0
-4.127,-10.60,+0.8580,Wed May 15 12:23:23 GMT+08:00 2019,851487107491095,0
-5.545,-10.58,+1.049,Wed May 15 12:23:23 GMT+08:00 2019,851487172665018,0
-7.345,-10.72,+1.586,Wed May 15 12:23:23 GMT+08:00 2019,851487238667018,0
-8.935,-10.60,-0.4630,Wed May 15 12:23:23 GMT+08:00 2019,851487304660095,0
-9.644,-9.030,-0.9420,Wed May 15 12:23:23 GMT+08:00 2019,851487370669172,0
-9.682,-10.48,-1.382,Wed May 15 12:23:23 GMT+08:00 2019,851487436661479,0
-11.56,-9.489,-2.934,Wed May 15 12:23:23 GMT+08:00 2019,851487502983864,0
-10.28,-7.363,-1.631,Wed May 15 12:23:23 GMT+08:00 2019,851487568664710,0
-9.318,-9.202,-1.037,Wed May 15 12:23:23 GMT+08:00 2019,851487634713403,0
-8.035,-10.48,+1.222,Wed May 15 12:23:23 GMT+08:00 2019,851487700656479,0
-8.743,-10.03,+1.203,Wed May 15 12:23:23 GMT+08:00 2019,851487766664864,0
-8.226,-11.46,+2.179,Wed May 15 12:23:23 GMT+08:00 2019,851487832658172,0
-5.468,-11.75,+2.256,Wed May 15 12:23:23 GMT+08:00 2019,851487898665326,0
-4.606,-10.50,+3.099,Wed May 15 12:23:24 GMT+08:00 2019,851487964657941,0
-2.308,-10.29,+1.432,Wed May 15 12:23:24 GMT+08:00 2019,851488030659326,0
-1.312,-10.81,+1.088,Wed May 15 12:23:24 GMT+08:00 2019,851488096656403,0
-1.522,-9.623,+1.873,Wed May 15 12:23:24 GMT+08:00 2019,851488162676403,0
-5.947,-11.79,+1.049,Wed May 15 12:23:24 GMT+08:00 2019,851488228662403,0
-6.924,-11.75,+0.1870,Wed May 15 12:23:24 GMT+08:00 2019,851488294649095,0
-7,-10.73,+1.969,Wed May 15 12:23:24 GMT+08:00 2019,851488360648710,0
-8.016,-11.96,+0.1870,Wed May 15 12:23:24 GMT+08:00 2019,851488426647018,0
-9.567,-10.72,-0.4820,Wed May 15 12:23:24 GMT+08:00 2019,851488492664556,0
-10.51,-9.987,-1.037,Wed May 15 12:23:24 GMT+08:00 2019,851488558649326,0
-10.72,-10.20,-2.206,Wed May 15 12:23:24 GMT+08:00 2019,851488624654095,0
-9.893,-7.574,-0.5590,Wed May 15 12:23:24 GMT+08:00 2019,851488690651249,0
-8.590,-8.934,-1.229,Wed May 15 12:23:24 GMT+08:00 2019,851488756650787,0
-6.273,-11.40,-0.8270,Wed May 15 12:23:24 GMT+08:00 2019,851488822650633,0
-5.583,-11.83,+1.796,Wed May 15 12:23:24 GMT+08:00 2019,851488888672864,0
-2.576,-12.52,+1.758,Wed May 15 12:23:25 GMT+08:00 2019,851488954683864,0
+0.5650,-11.86,+1.432,Wed May 15 12:23:25 GMT+08:00 2019,851489020658480,0
+0.9670,-10.03,+0.7430,Wed May 15 12:23:25 GMT+08:00 2019,851489086658326,0
-0.8710,-12.00,+0.6090,Wed May 15 12:23:25 GMT+08:00 2019,851489154570864,0
-3.323,-15.02,+1.681,Wed May 15 12:23:25 GMT+08:00 2019,851489219000326,0
-4.740,-12.21,+4.172,Wed May 15 12:23:25 GMT+08:00 2019,851489284663326,0
-9.261,-10.47,+2.792,Wed May 15 12:23:25 GMT+08:00 2019,851489350661172,0
-6.541,-10.12,+0.3790,Wed May 15 12:23:25 GMT+08:00 2019,851489416648864,0
-7,-7.670,-0.06100,Wed May 15 12:23:25 GMT+08:00 2019,851489482647249,0
-5.794,-8.148,-1.440,Wed May 15 12:23:25 GMT+08:00 2019,851489548657787,0
-7.364,-6.827,-2.895,Wed May 15 12:23:25 GMT+08:00 2019,851489614678018,0
-6.885,-6.501,-2.551,Wed May 15 12:23:25 GMT+08:00 2019,851489680669249,0
-6.483,-8.742,-0.8080,Wed May 15 12:23:25 GMT+08:00 2019,851489746682710,0
-4.127,-15.56,+3.329,Wed May 15 12:23:25 GMT+08:00 2019,851489814210403,0
-1.752,-9.508,+6.049,Wed May 15 12:23:25 GMT+08:00 2019,851489878669018,0
-2.767,-11.37,+0.7050,Wed May 15 12:23:26 GMT+08:00 2019,851489944664249,0
-3.687,-8.091,+2.314,Wed May 15 12:23:26 GMT+08:00 2019,851490010687557,0
-5.200,-8.397,+2.371,Wed May 15 12:23:26 GMT+08:00 2019,851490076665633,0
-5.947,-9.183,+3.041,Wed May 15 12:23:26 GMT+08:00 2019,851490142679633,0
-4.625,-9.010,+3.233,Wed May 15 12:23:26 GMT+08:00 2019,851490208681018,0
-5.142,-9.030,+1.777,Wed May 15 12:23:26 GMT+08:00 2019,851490274648787,0
-3.284,-11.08,+1.701,Wed May 15 12:23:26 GMT+08:00 2019,851490340681326,0
+0.3350,-13.59,+2.371,Wed May 15 12:23:26 GMT+08:00 2019,851490406648710,0
-1.005,-8.953,+3.425,Wed May 15 12:23:26 GMT+08:00 2019,851490472653787,0
-5.583,-10.81,+0.2450,Wed May 15 12:23:26 GMT+08:00 2019,851490538654403,0
-5.257,-10.93,-0.2520,Wed May 15 12:23:26 GMT+08:00 2019,851490604996557,0
-7.096,-9.719,-0.5010,Wed May 15 12:23:26 GMT+08:00 2019,851490670669095,0
-7.460,-9.681,-2.474,Wed May 15 12:23:26 GMT+08:00 2019,851490736663172,0
-6.713,-8.627,-3.202,Wed May 15 12:23:26 GMT+08:00 2019,851490802667787,0
-5.698,-8.895,-2.723,Wed May 15 12:23:26 GMT+08:00 2019,851490868657095,0
-6.771,-10.79,-4.083,Wed May 15 12:23:27 GMT+08:00 2019,851490934681634,0
-7.039,-13.88,+1.662,Wed May 15 12:23:27 GMT+08:00 2019,851491000677018,0
-4.491,-8.646,+7.638,Wed May 15 12:23:27 GMT+08:00 2019,851491066647326,0
-6.407,-6.693,+5.302,Wed May 15 12:23:27 GMT+08:00 2019,851491132648710,0
-6.847,-9.279,+7.983,Wed May 15 12:23:27 GMT+08:00 2019,851491198649018,0
-7.058,-8.761,+7.179,Wed May 15 12:23:27 GMT+08:00 2019,851491264651172,0
-8.916,-6.923,+5.340,Wed May 15 12:23:27 GMT+08:00 2019,851491330651634,0
-8.226,-7.229,+4.650,Wed May 15 12:23:27 GMT+08:00 2019,851491396650557,0
-6.598,-8.761,+6.106,Wed May 15 12:23:27 GMT+08:00 2019,851491462646710,0
-7.652,-11.67,+5.359,Wed May 15 12:23:27 GMT+08:00 2019,851491528649249,0
-4.721,-10.72,+6.259,Wed May 15 12:23:27 GMT+08:00 2019,851491594650864,0
-8.016,-11.23,+4.076,Wed May 15 12:23:27 GMT+08:00 2019,851491660648403,0
-6.368,-11.75,+1.183,Wed May 15 12:23:27 GMT+08:00 2019,851491726681249,0
-6.100,-9.949,+1.452,Wed May 15 12:23:27 GMT+08:00 2019,851491792650018,0
-5.104,-10.24,+0.5710,Wed May 15 12:23:27 GMT+08:00 2019,851491858647787,0
-3.208,-9.508,-0.9420,Wed May 15 12:23:27 GMT+08:00 2019,851491924650787,0
-2.423,-7.727,-0.2710,Wed May 15 12:23:28 GMT+08:00 2019,851491990682787,0
-2.269,-6.961,+0.07300,Wed May 15 12:23:28 GMT+08:00 2019,851492056646941,0
-3.476,-7.899,-0.9990,Wed May 15 12:23:28 GMT+08:00 2019,851492122648711,0
-4.740,-10.26,+1.107,Wed May 15 12:23:28 GMT+08:00 2019,851492188648787,0
-5.985,-15.96,+3.367,Wed May 15 12:23:28 GMT+08:00 2019,851492254684018,0
-7.690,-12.04,+4.382,Wed May 15 12:23:28 GMT+08:00 2019,851492320668634,0
-8.245,-12.67,+1.758,Wed May 15 12:23:28 GMT+08:00 2019,851492386647557,0
-7.996,-9.030,+0.1300,Wed May 15 12:23:28 GMT+08:00 2019,851492452650172,0
-9.548,-6.463,-0.3480,Wed May 15 12:23:28 GMT+08:00 2019,851492518646634,0
-7.518,-6.348,-0.8840,Wed May 15 12:23:28 GMT+08:00 2019,851492584652787,0
-6.694,-6.769,+1.528,Wed May 15 12:23:28 GMT+08:00 2019,851492651908557,0
-5.966,-7.785,+1.567,Wed May 15 12:23:28 GMT+08:00 2019,851492717049634,0
-4.970,-8.876,+3.520,Wed May 15 12:23:28 GMT+08:00 2019,851492782649403,0
-4.510,-11.77,+3.271,Wed May 15 12:23:28 GMT+08:00 2019,851492848663249,0
-3.323,-13.49,+1.222,Wed May 15 12:23:28 GMT+08:00 2019,851492914667249,0
-0.7180,-8.972,+5.512,Wed May 15 12:23:29 GMT+08:00 2019,851492980649941,0
-0.7180,-9.547,+2.620,Wed May 15 12:23:29 GMT+08:00 2019,851493046683788,0
-0.6220,-10.29,+3.233,Wed May 15 12:23:29 GMT+08:00 2019,851493112649711,0
-3.878,-7.440,+2.199,Wed May 15 12:23:29 GMT+08:00 2019,851493178647326,0
-4.970,-8.302,-1.229,Wed May 15 12:23:29 GMT+08:00 2019,851493244650864,0
-5.545,-8.532,-0.09900,Wed May 15 12:23:29 GMT+08:00 2019,851493310695941,0
-7.939,-6.731,-1.516,Wed May 15 12:23:29 GMT+08:00 2019,851493376647634,0
-9.031,-8.915,-2.551,Wed May 15 12:23:29 GMT+08:00 2019,851493442652172,0
-9.797,-10.60,+1.854,Wed May 15 12:23:29 GMT+08:00 2019,851493509207326,0
-7.575,-11.98,+4.478,Wed May 15 12:23:29 GMT+08:00 2019,851493574650557,0
-9.241,-10.66,+2.390,Wed May 15 12:23:29 GMT+08:00 2019,851493640651941,0
-7.345,-9.930,+1.911,Wed May 15 12:23:29 GMT+08:00 2019,851493707135480,0
-5.526,-7.612,+2.754,Wed May 15 12:23:29 GMT+08:00 2019,851493772646326,0
-2.997,-8.819,+1.681,Wed May 15 12:23:29 GMT+08:00 2019,851493839198172,0
-1.158,-8.934,+1.298,Wed May 15 12:23:29 GMT+08:00 2019,851493904652711,0
-1.580,-7.650,+1.624,Wed May 15 12:23:30 GMT+08:00 2019,851493970649095,0
-1.752,-8.359,+1.279,Wed May 15 12:23:30 GMT+08:00 2019,851494036653172,0
-4.510,-9.796,+0.6470,Wed May 15 12:23:30 GMT+08:00 2019,851494102648941,0
-7.479,-12.69,+0.4750,Wed May 15 12:23:30 GMT+08:00 2019,851494168687249,0
-6.522,-14.45,+1.567,Wed May 15 12:23:30 GMT+08:00 2019,851494234649018,0
-8.054,-13.49,+7.811,Wed May 15 12:23:30 GMT+08:00 2019,851494300649480,0
-11.23,-10.05,-5.022,Wed May 15 12:23:30 GMT+08:00 2019,851494366661941,0
-9.299,-6.214,-0.6350,Wed May 15 12:23:30 GMT+08:00 2019,851494432683557,0
-7.862,-6.578,+1.605,Wed May 15 12:23:30 GMT+08:00 2019,851494499775711,0
-7.671,-6.233,+0.01500,Wed May 15 12:23:30 GMT+08:00 2019,851494564648172,0
-7.805,-6.176,-1.076,Wed May 15 12:23:30 GMT+08:00 2019,851494630669172,0
-11.71,-11.71,-0.7120,Wed May 15 12:23:30 GMT+08:00 2019,851494696648711,0
-10.35,-14.20,+3.616,Wed May 15 12:23:30 GMT+08:00 2019,851494762647018,0
-9.931,-14.76,+5.263,Wed May 15 12:23:30 GMT+08:00 2019,851494828685557,0
-5.430,-14.22,+4.574,Wed May 15 12:23:30 GMT+08:00 2019,851494894650018,0
-4.127,-11.52,+1.164,Wed May 15 12:23:31 GMT+08:00 2019,851494960710095,0
-3.936,-9.317,+0.8000,Wed May 15 12:23:31 GMT+08:00 2019,851495026896172,0
-2.135,-8.072,+0.5130,Wed May 15 12:23:31 GMT+08:00 2019,851495094588095,0
-1.120,-7.172,+2.122,Wed May 15 12:23:31 GMT+08:00 2019,851495159436172,0
-1.350,-9.662,+1.260,Wed May 15 12:23:31 GMT+08:00 2019,851495224658249,0
-3.208,-11.48,+0.8000,Wed May 15 12:23:31 GMT+08:00 2019,851495290651865,0
-5.200,-11.46,+2.141,Wed May 15 12:23:31 GMT+08:00 2019,851495358280557,0
-8.609,-12.94,+2.141,Wed May 15 12:23:31 GMT+08:00 2019,851495422657326,0
-9.107,-11.33,+2.065,Wed May 15 12:23:31 GMT+08:00 2019,851495490092249,0
-9.395,-9.968,+0.8390,Wed May 15 12:23:31 GMT+08:00 2019,851495554669557,0
-9.146,-9.700,+0.2640,Wed May 15 12:23:31 GMT+08:00 2019,851495620664942,0
-10.03,-7.267,+0.07300,Wed May 15 12:23:31 GMT+08:00 2019,851495686650172,0
-11.02,-7.823,-0.3860,Wed May 15 12:23:31 GMT+08:00 2019,851495752685788,0
-13.42,-8.685,-2.436,Wed May 15 12:23:31 GMT+08:00 2019,851495818650018,0
-11.48,-8.991,+0.7810,Wed May 15 12:23:31 GMT+08:00 2019,851495884650788,0
-9.510,-11.35,+1.452,Wed May 15 12:23:32 GMT+08:00 2019,851495950655711,0
-8.322,-14.30,+1.701,Wed May 15 12:23:32 GMT+08:00 2019,851496016656788,0
-6.560,-12.74,+2.773,Wed May 15 12:23:32 GMT+08:00 2019,851496082658865,0
-5.928,-10.79,+2.237,Wed May 15 12:23:32 GMT+08:00 2019,851496148659557,0
-4.012,-10.01,+1.222,Wed May 15 12:23:32 GMT+08:00 2019,851496214649557,0
-1.465,-8.570,+1.509,Wed May 15 12:23:32 GMT+08:00 2019,851496280659788,0
-1.426,-9.279,+0.8770,Wed May 15 12:23:32 GMT+08:00 2019,851496346665788,0
-2.059,-10.41,+1.452,Wed May 15 12:23:32 GMT+08:00 2019,851496412690326,0
-2.518,-9.968,+1.796,Wed May 15 12:23:32 GMT+08:00 2019,851496478650249,0
-6.694,-11.92,+2.179,Wed May 15 12:23:32 GMT+08:00 2019,851496544650557,0
-8.054,-12.90,+1.164,Wed May 15 12:23:32 GMT+08:00 2019,851496564650557,0
-8.054,-12.90,+1.164,Wed May 15 12:23:32 GMT+08:00 2019,851496584650557,0
-8.054,-12.90,+1.164,Wed May 15 12:23:32 GMT+08:00 2019,851496610676403,0
-8.303,-12.21,+1.452,Wed May 15 12:23:32 GMT+08:00 2019,851496630652326,0
-8.954,-11.19,+1.413,Wed May 15 12:23:32 GMT+08:00 2019,851496653886634,0
-9.625,-10.18,+0.8960,Wed May 15 12:23:32 GMT+08:00 2019,851496674704865,0
-9.759,-9.834,+0.8960,Wed May 15 12:23:32 GMT+08:00 2019,851496694492480,0
-9.490,-9.796,+0.5510,Wed May 15 12:23:32 GMT+08:00 2019,851496713059557,0
-9.356,-9.872,+0.4940,Wed May 15 12:23:32 GMT+08:00 2019,851496732268172,0
-9.433,-9.796,+0.3220,Wed May 15 12:23:32 GMT+08:00 2019,851496752906634,0
-9.720,-9.642,-0.1950,Wed May 15 12:23:32 GMT+08:00 2019,851496770710711,0
-9.701,-9.144,-0.7310,Wed May 15 12:23:32 GMT+08:00 2019,851496791591942,0
-9.701,-8.359,-0.8460,Wed May 15 12:23:32 GMT+08:00 2019,851496811342865,0
-9.854,-7.248,-0.9220,Wed May 15 12:23:32 GMT+08:00 2019,851496830904942,0
-10.18,-6.635,-0.9610,Wed May 15 12:23:32 GMT+08:00 2019,851496850943172,0
-10.08,-6.597,-0.8460,Wed May 15 12:23:32 GMT+08:00 2019,851496872562711,0
-9.874,-6.923,-0.6350,Wed May 15 12:23:32 GMT+08:00 2019,851496890650172,0
-10.20,-7.612,-0.9800,Wed May 15 12:23:32 GMT+08:00 2019,851496913209942,0
-10.73,-8.187,-1.574,Wed May 15 12:23:33 GMT+08:00 2019,851496932381557,0
-11.18,-8.148,-2.033,Wed May 15 12:23:33 GMT+08:00 2019,851496953665788,0
-11.75,-8.053,-2.417,Wed May 15 12:23:33 GMT+08:00 2019,851496972260172,0
-11.62,-8.666,-1.382,Wed May 15 12:23:33 GMT+08:00 2019,851496993278019,0
-10.95,-8.991,-0.02200,Wed May 15 12:23:33 GMT+08:00 2019,851497010647403,0
-10.64,-9.489,+0.7240,Wed May 15 12:23:33 GMT+08:00 2019,851497030902788,0
-9.663,-8.857,+1.873,Wed May 15 12:23:33 GMT+08:00 2019,851497051538557,0
-9.759,-8.895,+1.739,Wed May 15 12:23:33 GMT+08:00 2019,851497071607326,0
-9.874,-9.834,+1.796,Wed May 15 12:23:33 GMT+08:00 2019,851497090829326,0
-9.644,-11.31,+1.739,Wed May 15 12:23:33 GMT+08:00 2019,851497110954711,0
-8.743,-12.31,+1.586,Wed May 15 12:23:33 GMT+08:00 2019,851497132047095,0
-8.054,-12.88,+1.547,Wed May 15 12:23:33 GMT+08:00 2019,851497152424172,0
-7.269,-12.67,+2.141,Wed May 15 12:23:33 GMT+08:00 2019,851497176376095,0
-7,-12.32,+2.199,Wed May 15 12:23:33 GMT+08:00 2019,851497190710403,0
-6.253,-11.71,+2.486,Wed May 15 12:23:33 GMT+08:00 2019,851497210659634,0
-5.775,-11.04,+2.831,Wed May 15 12:23:33 GMT+08:00 2019,851497230661634,0
-5.660,-10.39,+3.271,Wed May 15 12:23:33 GMT+08:00 2019,851497250716172,0
-5.679,-10.14,+3.310,Wed May 15 12:23:33 GMT+08:00 2019,851497270653557,0
-5.506,-10.10,+2.639,Wed May 15 12:23:33 GMT+08:00 2019,851497290671634,0
-4.664,-10.22,+1.183,Wed May 15 12:23:33 GMT+08:00 2019,851497312014326,0
-3.993,-10.18,+0.5900,Wed May 15 12:23:33 GMT+08:00 2019,851497332611711,0
-3.744,-10.05,+0.5320,Wed May 15 12:23:33 GMT+08:00 2019,851497351273865,0
-3.399,-9.547,+0.8000,Wed May 15 12:23:33 GMT+08:00 2019,851497371108249,0
-3.150,-8.895,+1.222,Wed May 15 12:23:33 GMT+08:00 2019,851497393549634,0
-2.882,-8.225,+1.567,Wed May 15 12:23:33 GMT+08:00 2019,851497412159788,0
-2.882,-8.512,+1.662,Wed May 15 12:23:33 GMT+08:00 2019,851497430721172,0
-2.940,-8.800,+1.681,Wed May 15 12:23:33 GMT+08:00 2019,851497450720942,0
-2.940,-9.279,+1.337,Wed May 15 12:23:33 GMT+08:00 2019,851497471593865,0
-2.997,-9.317,+1.183,Wed May 15 12:23:33 GMT+08:00 2019,851497490992942,0
-2.825,-9.279,+1.107,Wed May 15 12:23:33 GMT+08:00 2019,851497510700788,0
-3.189,-9.930,+1.088,Wed May 15 12:23:33 GMT+08:00 2019,851497530653557,0
-3.399,-10.85,+0.9920,Wed May 15 12:23:33 GMT+08:00 2019,851497550704865,0
-3.246,-11.02,+0.8770,Wed May 15 12:23:33 GMT+08:00 2019,851497571794403,0
-2.097,-10.89,+0.9340,Wed May 15 12:23:33 GMT+08:00 2019,851497594188788,0
-1.503,-9.719,+1.624,Wed May 15 12:23:33 GMT+08:00 2019,851497615401403,0
-1.982,-9.279,+2.141,Wed May 15 12:23:33 GMT+08:00 2019,851497631410095,0
-3.917,-8.934,+2.735,Wed May 15 12:23:33 GMT+08:00 2019,851497653509095,0
-4.759,-9.030,+2.524,Wed May 15 12:23:33 GMT+08:00 2019,851497672773095,0
-6.215,-9.470,+1.624,Wed May 15 12:23:33 GMT+08:00 2019,851497690644557,0
-7.115,-10.33,+0.4940,Wed May 15 12:23:33 GMT+08:00 2019,851497711620942,0
-7.039,-11.39,-0.2900,Wed May 15 12:23:33 GMT+08:00 2019,851497732001480,0
-6.847,-11.96,-0.6160,Wed May 15 12:23:33 GMT+08:00 2019,851497751166249,0
-7.173,-11.19,+0.7620,Wed May 15 12:23:33 GMT+08:00 2019,851497776145788,0
-7.383,-10.72,+1.183,Wed May 15 12:23:33 GMT+08:00 2019,851497790673557,0
-7.901,-9.834,+1.892,Wed May 15 12:23:33 GMT+08:00 2019,851497810768711,0
-7.958,-9.413,+1.835,Wed May 15 12:23:33 GMT+08:00 2019,851497832455403,0
-7.901,-9.508,+1.777,Wed May 15 12:23:33 GMT+08:00 2019,851497853124095,0
-8.054,-9.681,+1.509,Wed May 15 12:23:33 GMT+08:00 2019,851497870861249,0
-8.130,-9.681,+1.203,Wed May 15 12:23:33 GMT+08:00 2019,851497890683095,0
-8.667,-9.432,+0.3790,Wed May 15 12:23:33 GMT+08:00 2019,851497912764480,0
-8.878,-9.240,+0.09200,Wed May 15 12:23:34 GMT+08:00 2019,851497932896326,0
-8.935,-9.030,+0.01500,Wed May 15 12:23:34 GMT+08:00 2019,851497950654634,0
-9.069,-8.053,-0.2520,Wed May 15 12:23:34 GMT+08:00 2019,851497971480711,0
-9.184,-6.980,-0.7880,Wed May 15 12:23:34 GMT+08:00 2019,851497992304865,0
-9.299,-7.038,-0.7880,Wed May 15 12:23:34 GMT+08:00 2019,851498011070095,0
-9.356,-7.248,-0.7880,Wed May 15 12:23:34 GMT+08:00 2019,851498030656557,0
-9.854,-8.053,-1.057,Wed May 15 12:23:34 GMT+08:00 2019,851498051309711,0
-10.26,-8.742,-1.555,Wed May 15 12:23:34 GMT+08:00 2019,851498071625172,0
-11.14,-9.106,-1.957,Wed May 15 12:23:34 GMT+08:00 2019,851498092807711,0
-11.96,-9.183,-2.072,Wed May 15 12:23:34 GMT+08:00 2019,851498118223326,0
-11.71,-9.125,-1.306,Wed May 15 12:23:34 GMT+08:00 2019,851498131731403,0
-11.27,-8.857,-0.8080,Wed May 15 12:23:34 GMT+08:00 2019,851498151189480,0
-10.62,-8.761,+0.3790,Wed May 15 12:23:34 GMT+08:00 2019,851498176140096,0
-10.05,-8.915,+1.030,Wed May 15 12:23:34 GMT+08:00 2019,851498190654480,0
-9.050,-8.819,+1.777,Wed May 15 12:23:34 GMT+08:00 2019,851498210681480,0
-8.418,-8.378,+1.854,Wed May 15 12:23:34 GMT+08:00 2019,851498231642788,0
-8.839,-8.723,+1.854,Wed May 15 12:23:34 GMT+08:00 2019,851498255810557,0
-8.533,-9.489,+1.394,Wed May 15 12:23:34 GMT+08:00 2019,851498271441403,0
-7.690,-10.14,+0.7240,Wed May 15 12:23:34 GMT+08:00 2019,851498291057019,0
-7.039,-10.91,+0.4560,Wed May 15 12:23:34 GMT+08:00 2019,851498313583172,0
-6.847,-11.33,+0.8200,Wed May 15 12:23:34 GMT+08:00 2019,851498333735788,0
-6.790,-11.08,+0.7620,Wed May 15 12:23:34 GMT+08:00 2019,851498350683403,0
-6.407,-10.75,+0.7810,Wed May 15 12:23:34 GMT+08:00 2019,851498374928403,0
-6.311,-10.70,+0.9150,Wed May 15 12:23:34 GMT+08:00 2019,851498390655403,0
-6.311,-10.37,+1.816,Wed May 15 12:23:34 GMT+08:00 2019,851498412130788,0
-6.273,-10.03,+2.352,Wed May 15 12:23:34 GMT+08:00 2019,851498430890019,0
-5.909,-9.777,+2.448,Wed May 15 12:23:34 GMT+08:00 2019,851498451507403,0
-5.334,-9.623,+2.352,Wed May 15 12:23:34 GMT+08:00 2019,851498473687865,0
-4.759,-9.662,+2.409,Wed May 15 12:23:34 GMT+08:00 2019,851498490689480,0
-4.261,-9.585,+2.390,Wed May 15 12:23:34 GMT+08:00 2019,851498510649942,0
-3.668,-9.279,+2.103,Wed May 15 12:23:34 GMT+08:00 2019,851498531062480,0
-2.959,-8.742,+1.873,Wed May 15 12:23:34 GMT+08:00 2019,851498553348403,0
-2.710,-8.685,+1.471,Wed May 15 12:23:34 GMT+08:00 2019,851498570767172,0
-2.614,-9.144,+1.222,Wed May 15 12:23:34 GMT+08:00 2019,851498590674865,0
-2.767,-9.642,+1.069,Wed May 15 12:23:34 GMT+08:00 2019,851498610658096,0
-2.729,-9.834,+1.107,Wed May 15 12:23:34 GMT+08:00 2019,851498630669942,0
-2.557,-10.01,+0.8200,Wed May 15 12:23:34 GMT+08:00 2019,851498650653019,0
-2.154,-10.48,+0.6850,Wed May 15 12:23:34 GMT+08:00 2019,851498670657865,0
-2.154,-11.25,+0.9540,Wed May 15 12:23:34 GMT+08:00 2019,851498690677788,0
-2.327,-11.65,+1.107,Wed May 15 12:23:34 GMT+08:00 2019,851498710667019,0
-2.729,-12.36,+0.8390,Wed May 15 12:23:34 GMT+08:00 2019,851498734751480,0
-2.097,-11.98,+1.241,Wed May 15 12:23:34 GMT+08:00 2019,851498750660865,0
-1.944,-10.77,+1.969,Wed May 15 12:23:34 GMT+08:00 2019,851498770668019,0
-2.997,-9.700,+2.716,Wed May 15 12:23:34 GMT+08:00 2019,851498790655172,0
-4.338,-9.374,+2.601,Wed May 15 12:23:34 GMT+08:00 2019,851498810656019,0
-5.717,-9.355,+2.218,Wed May 15 12:23:34 GMT+08:00 2019,851498830753249,0
-6.828,-9.911,+1.298,Wed May 15 12:23:34 GMT+08:00 2019,851498850738172,0
-7.479,-10.81,+0.6280,Wed May 15 12:23:34 GMT+08:00 2019,851498870664865,0
-7.422,-11.35,+0.2070,Wed May 15 12:23:34 GMT+08:00 2019,851498890662096,0
-7,-11.37,+0.07300,Wed May 15 12:23:34 GMT+08:00 2019,851498911332019,0
-6.560,-10.79,+0.7430,Wed May 15 12:23:35 GMT+08:00 2019,851498930650326,0
-6.579,-10.39,+1.950,Wed May 15 12:23:35 GMT+08:00 2019,851498952646019,0
-6.694,-9.872,+2.678,Wed May 15 12:23:35 GMT+08:00 2019,851498970667403,0
-7.115,-9.566,+2.658,Wed May 15 12:23:35 GMT+08:00 2019,851498990693788,0
-7.249,-9.068,+2.007,Wed May 15 12:23:35 GMT+08:00 2019,851499010667788,0
-7.383,-8.915,+1.260,Wed May 15 12:23:35 GMT+08:00 2019,851499030660788,0
-7.537,-8.972,+1.011,Wed May 15 12:23:35 GMT+08:00 2019,851499050657019,0
-7.747,-9.030,+0.6280,Wed May 15 12:23:35 GMT+08:00 2019,851499070652480,0
-7.747,-8.455,+0.3790,Wed May 15 12:23:35 GMT+08:00 2019,851499090670403,0
-7.977,-7.938,+0.1680,Wed May 15 12:23:35 GMT+08:00 2019,851499110675096,0
-8.456,-7.593,+0.1870,Wed May 15 12:23:35 GMT+08:00 2019,851499130658480,0
-8.878,-7.401,+0.3410,Wed May 15 12:23:35 GMT+08:00 2019,851499150658942,0
-9.012,-7.497,+0.3220,Wed May 15 12:23:35 GMT+08:00 2019,851499170656403,0
-9.261,-8.091,+0.3790,Wed May 15 12:23:35 GMT+08:00 2019,851499190655403,0
-9.912,-8.417,+0.3410,Wed May 15 12:23:35 GMT+08:00 2019,851499210667096,0
-10.41,-8.225,+0.05300,Wed May 15 12:23:35 GMT+08:00 2019,851499230914711,0
-10.62,-7.497,-0.3480,Wed May 15 12:23:35 GMT+08:00 2019,851499255471942,0
-10.93,-6.903,+0.2640,Wed May 15 12:23:35 GMT+08:00 2019,851499270663788,0
-10.87,-6.903,+1.069,Wed May 15 12:23:35 GMT+08:00 2019,851499290684788,0
-10.64,-7.842,+1.356,Wed May 15 12:23:35 GMT+08:00 2019,851499310657480,0
-9.816,-9.068,+1.337,Wed May 15 12:23:35 GMT+08:00 2019,851499330654788,0
-9.050,-9.202,+0.7240,Wed May 15 12:23:35 GMT+08:00 2019,851499351460942,0
-8.724,-8.819,-0.003000,Wed May 15 12:23:35 GMT+08:00 2019,851499371579480,0
-9.471,-8.972,-0.6540,Wed May 15 12:23:35 GMT+08:00 2019,851499390696711,0
-9.893,-10.35,-0.9800,Wed May 15 12:23:35 GMT+08:00 2019,851499411628019,0
-9.605,-11.67,-1.325,Wed May 15 12:23:35 GMT+08:00 2019,851499431112788,0
-8.341,-13.03,-1.670,Wed May 15 12:23:35 GMT+08:00 2019,851499450658557,0
-6.579,-14.22,-1.746,Wed May 15 12:23:35 GMT+08:00 2019,851499473139634,0
-4.376,-14.76,-1.306,Wed May 15 12:23:35 GMT+08:00 2019,851499490773480,0
-3.572,-14.26,-0.5590,Wed May 15 12:23:35 GMT+08:00 2019,851499510722634,0
-2.595,-13.61,+0.4940,Wed May 15 12:23:35 GMT+08:00 2019,851499530680634,0
-1.522,-12.92,+0.5900,Wed May 15 12:23:35 GMT+08:00 2019,851499550680634,0
-1.273,-12.55,+0.8390,Wed May 15 12:23:35 GMT+08:00 2019,851499570711788,0
-1.676,-11.67,+0.2450,Wed May 15 12:23:35 GMT+08:00 2019,851499590660173,0
-1.599,-11.61,-1.689,Wed May 15 12:23:35 GMT+08:00 2019,851499611683019,0
-1.503,-11.35,-3.144,Wed May 15 12:23:35 GMT+08:00 2019,851499630676249,0
-1.388,-11.19,-4.255,Wed May 15 12:23:35 GMT+08:00 2019,851499651314403,0
-1.963,-10.24,-3.930,Wed May 15 12:23:35 GMT+08:00 2019,851499670681557,0
-2.729,-9.259,-2.666,Wed May 15 12:23:35 GMT+08:00 2019,851499690669634,0
-3.246,-9.125,-1.995,Wed May 15 12:23:35 GMT+08:00 2019,851499710654788,0
-3.457,-9.700,-1.612,Wed May 15 12:23:35 GMT+08:00 2019,851499730656249,0
-3.438,-10.06,-1.382,Wed May 15 12:23:35 GMT+08:00 2019,851499750668403,0
-3.093,-10.75,-1.459,Wed May 15 12:23:35 GMT+08:00 2019,851499770698173,0
-3.265,-11.58,-0.9220,Wed May 15 12:23:35 GMT+08:00 2019,851499790671019,0
-3.093,-11.44,+0.1110,Wed May 15 12:23:35 GMT+08:00 2019,851499810661326,0
-3.533,-10.91,+1.203,Wed May 15 12:23:35 GMT+08:00 2019,851499830782480,0
-4.874,-11.50,+1.547,Wed May 15 12:23:35 GMT+08:00 2019,851499850655557,0
-5.257,-12.11,+1.356,Wed May 15 12:23:35 GMT+08:00 2019,851499872011096,0
-4.817,-12.11,+0.8960,Wed May 15 12:23:35 GMT+08:00 2019,851499891289557,0
-4.108,-11.79,+0.9150,Wed May 15 12:23:35 GMT+08:00 2019,851499911249865,0
-3.821,-11.04,+1.643,Wed May 15 12:23:36 GMT+08:00 2019,851499930687326,0
-4.108,-9.987,+2.812,Wed May 15 12:23:36 GMT+08:00 2019,851499950663019,0
-4.549,-9.183,+3.903,Wed May 15 12:23:36 GMT+08:00 2019,851499970657326,0
-4.970,-8.915,+4.899,Wed May 15 12:23:36 GMT+08:00 2019,851499990679557,0
-5.564,-9.164,+5.570,Wed May 15 12:23:36 GMT+08:00 2019,851500010908173,0
-5.947,-9.796,+5.225,Wed May 15 12:23:36 GMT+08:00 2019,851500030684173,0
-6.215,-9.949,+3.405,Wed May 15 12:23:36 GMT+08:00 2019,851500096650249,0
-5.717,-8.627,+5.436,Wed May 15 12:23:36 GMT+08:00 2019,851500162647711,0
-7.058,-8.168,+3.731,Wed May 15 12:23:36 GMT+08:00 2019,851500228645249,0
-8.245,-7.957,+2.160,Wed May 15 12:23:36 GMT+08:00 2019,851500294664173,0
-8.743,-8.455,+1.547,Wed May 15 12:23:36 GMT+08:00 2019,851500360659942,0
-9.395,-9.087,+1.816,Wed May 15 12:23:36 GMT+08:00 2019,851500426666096,0
-10.81,-9.853,-0.8270,Wed May 15 12:23:36 GMT+08:00 2019,851500492655942,0
-11.83,-5.467,-2.014,Wed May 15 12:23:36 GMT+08:00 2019,851500558642865,0
-10.97,-7.555,-3.470,Wed May 15 12:23:36 GMT+08:00 2019,851500624648788,0
-10.01,-10.91,-0.8460,Wed May 15 12:23:36 GMT+08:00 2019,851500690666326,0
-7.326,-11.29,+2.448,Wed May 15 12:23:36 GMT+08:00 2019,851500756660865,0
-4.798,-11.50,+1.356,Wed May 15 12:23:36 GMT+08:00 2019,851500822664711,0
-3.648,-10.18,+1.260,Wed May 15 12:23:36 GMT+08:00 2019,851500888662173,0
-2.710,-8.417,+0.5510,Wed May 15 12:23:37 GMT+08:00 2019,851500954669250,0
-2.748,-8.991,+0.2450,Wed May 15 12:23:37 GMT+08:00 2019,851501020657788,0
-2.978,-10.37,+0.2070,Wed May 15 12:23:37 GMT+08:00 2019,851501086657942,0
-3.399,-12.00,+1.088,Wed May 15 12:23:37 GMT+08:00 2019,851501152657326,0
-4.395,-8.646,+3.693,Wed May 15 12:23:37 GMT+08:00 2019,851501218657173,0
-7.690,-10.54,+1.030,Wed May 15 12:23:37 GMT+08:00 2019,851501284660865,0
-7.556,-9.547,+1.126,Wed May 15 12:23:37 GMT+08:00 2019,851501350654480,0
-7.977,-7.765,+1.969,Wed May 15 12:23:37 GMT+08:00 2019,851501416651865,0
-8.265,-7.842,+0.4750,Wed May 15 12:23:37 GMT+08:00 2019,851501482679019,0
-7.920,-6.674,+0.3020,Wed May 15 12:23:37 GMT+08:00 2019,851501549277711,0
-8.111,-7.133,-0.4050,Wed May 15 12:23:37 GMT+08:00 2019,851501614650788,0
-10.03,-8.589,-0.4050,Wed May 15 12:23:37 GMT+08:00 2019,851501680656557,0
-9.376,-9.221,+1.203,Wed May 15 12:23:37 GMT+08:00 2019,851501746656173,0
-7.920,-8.397,+1.854,Wed May 15 12:23:37 GMT+08:00 2019,851501812656788,0
-8.341,-10.08,+0.3020,Wed May 15 12:23:37 GMT+08:00 2019,851501878657250,0
-7.345,-11.08,+0.9920,Wed May 15 12:23:38 GMT+08:00 2019,851501944651403,0
-6.598,-9.451,+2.639,Wed May 15 12:23:38 GMT+08:00 2019,851502010664096,0
-5.200,-9.317,+2.333,Wed May 15 12:23:38 GMT+08:00 2019,851502076650557,0
-2.844,-8.340,+0.9150,Wed May 15 12:23:38 GMT+08:00 2019,851502142710788,0
-2.308,-9.355,+1.088,Wed May 15 12:23:38 GMT+08:00 2019,851502208650942,0
-2.748,-9.700,+0.8580,Wed May 15 12:23:38 GMT+08:00 2019,851502274655711,0
-3.687,-12.31,+0.7620,Wed May 15 12:23:38 GMT+08:00 2019,851502340651942,0
-4.989,-8.800,+3.156,Wed May 15 12:23:38 GMT+08:00 2019,851502406658019,0
-7.786,-9.949,+0.4560,Wed May 15 12:23:38 GMT+08:00 2019,851502472745480,0
-6.866,-10.68,+1.298,Wed May 15 12:23:38 GMT+08:00 2019,851502538843788,0
-7.460,-9.700,+2.371,Wed May 15 12:23:38 GMT+08:00 2019,851502605724480,0
-8.494,-9.030,+0.8000,Wed May 15 12:23:38 GMT+08:00 2019,851502670658480,0
-9.395,-6.635,-0.02200,Wed May 15 12:23:38 GMT+08:00 2019,851502736662865,0
-9.280,-7.593,-0.7310,Wed May 15 12:23:38 GMT+08:00 2019,851502802664865,0
-12.13,-8.551,-1.842,Wed May 15 12:23:38 GMT+08:00 2019,851502868663634,0
-11.29,-8.800,-0.08000,Wed May 15 12:23:39 GMT+08:00 2019,851502934659942,0
-8.763,-9.030,+2.179,Wed May 15 12:23:39 GMT+08:00 2019,851503000656019,0
-8.073,-12.09,+0.9920,Wed May 15 12:23:39 GMT+08:00 2019,851503066656173,0
-7.403,-11.69,+1.701,Wed May 15 12:23:39 GMT+08:00 2019,851503132658942,0
-6.962,-10.31,+2.735,Wed May 15 12:23:39 GMT+08:00 2019,851503198673634,0
-4.721,-9.623,+2.007,Wed May 15 12:23:39 GMT+08:00 2019,851503264676404,0
-1.905,-8.302,+1.892,Wed May 15 12:23:39 GMT+08:00 2019,851503330746404,0
-1.503,-8.895,+0.9150,Wed May 15 12:23:39 GMT+08:00 2019,851503396643250,0
-2.020,-9.796,+1.164,Wed May 15 12:23:39 GMT+08:00 2019,851503462644250,0
-3.380,-12.17,+1.547,Wed May 15 12:23:39 GMT+08:00 2019,851503528648019,0
-6.866,-9.298,+1.662,Wed May 15 12:23:39 GMT+08:00 2019,851503594680250,0
-8.265,-10.54,+0.1680,Wed May 15 12:23:39 GMT+08:00 2019,851503660680711,0
-8.092,-9.700,+0.8960,Wed May 15 12:23:39 GMT+08:00 2019,851503726665404,0
-8.073,-9.087,+0.4170,Wed May 15 12:23:39 GMT+08:00 2019,851503792667404,0
-9.203,-8.532,-0.9990,Wed May 15 12:23:39 GMT+08:00 2019,851503858661480,0
-9.318,-6.463,-0.3290,Wed May 15 12:23:39 GMT+08:00 2019,851503924646788,0
-9.605,-9.221,-1.018,Wed May 15 12:23:40 GMT+08:00 2019,851503990651019,0
-11.90,-8.991,+0.2640,Wed May 15 12:23:40 GMT+08:00 2019,851504056644788,0
-9.720,-8.819,+1.643,Wed May 15 12:23:40 GMT+08:00 2019,851504122645865,0
-7.479,-9.949,+1.126,Wed May 15 12:23:40 GMT+08:00 2019,851504188659557,0
-6.617,-10.85,+1.873,Wed May 15 12:23:40 GMT+08:00 2019,851504254653327,0
-8.035,-9.566,+3.118,Wed May 15 12:23:40 GMT+08:00 2019,851504320653096,0
-6.675,-9.968,+3.022,Wed May 15 12:23:40 GMT+08:00 2019,851504386651250,0
-4.031,-9.528,+2.543,Wed May 15 12:23:40 GMT+08:00 2019,851504452653327,0
-1.120,-9.164,+1.222,Wed May 15 12:23:40 GMT+08:00 2019,851504518687327,0
-0.6220,-9.719,+0.6280,Wed May 15 12:23:40 GMT+08:00 2019,851504585258942,0
-2.978,-11.40,+1.452,Wed May 15 12:23:40 GMT+08:00 2019,851504650651250,0
-3.859,-10.20,+2.045,Wed May 15 12:23:40 GMT+08:00 2019,851504716648865,0
-7.345,-11.52,+2.065,Wed May 15 12:23:40 GMT+08:00 2019,851504782649096,0
-8.322,-11.25,+1.260,Wed May 15 12:23:40 GMT+08:00 2019,851504848659942,0
-8.743,-9.834,+0.8580,Wed May 15 12:23:40 GMT+08:00 2019,851504914655711,0
-9.069,-9.604,-0.3860,Wed May 15 12:23:41 GMT+08:00 2019,851504980746481,0
-9.988,-7.593,-1.421,Wed May 15 12:23:41 GMT+08:00 2019,851505046667788,0
-9.797,-6.865,-2.225,Wed May 15 12:23:41 GMT+08:00 2019,851505112705096,0
-11.12,-8.436,-2.493,Wed May 15 12:23:41 GMT+08:00 2019,851505132705096,0
-11.12,-8.436,-2.493,Wed May 15 12:23:41 GMT+08:00 2019,851505152705096,0
-11.12,-8.436,-2.493,Wed May 15 12:23:41 GMT+08:00 2019,851505180443096,0
-11.81,-8.972,-2.225,Wed May 15 12:23:41 GMT+08:00 2019,851505198650481,0
-11.10,-9.834,-0.4440,Wed May 15 12:23:41 GMT+08:00 2019,851505219066711,0
-10.95,-10.05,-0.06100,Wed May 15 12:23:41 GMT+08:00 2019,851505239616865,0
-10.28,-10.85,+1.030,Wed May 15 12:23:41 GMT+08:00 2019,851505258836173,0
-9.127,-10.73,+1.777,Wed May 15 12:23:41 GMT+08:00 2019,851505284537250,0
-8.494,-10.03,+2.122,Wed May 15 12:23:41 GMT+08:00 2019,851505299191327,0
-8.629,-9.777,+2.294,Wed May 15 12:23:41 GMT+08:00 2019,851505319549096,0
-8.743,-10.50,+2.103,Wed May 15 12:23:41 GMT+08:00 2019,851505338925865,0
-8.571,-11.50,+1.701,Wed May 15 12:23:41 GMT+08:00 2019,851505360904019,0
-8.245,-12.46,+1.643,Wed May 15 12:23:41 GMT+08:00 2019,851505378652557,0
-7.881,-13.03,+1.432,Wed May 15 12:23:41 GMT+08:00 2019,851505398654019,0
-7.575,-12.57,+1.528,Wed May 15 12:23:41 GMT+08:00 2019,851505422550096,0
-7.556,-12.17,+1.720,Wed May 15 12:23:41 GMT+08:00 2019,851505438656942,0
-7.039,-10.85,+2.429,Wed May 15 12:23:41 GMT+08:00 2019,851505469526019,0
-6.522,-10.22,+2.907,Wed May 15 12:23:41 GMT+08:00 2019,851505484481404,0
-6.158,-10.12,+3.041,Wed May 15 12:23:41 GMT+08:00 2019,851505499195019,0
-5.583,-9.987,+3.137,Wed May 15 12:23:41 GMT+08:00 2019,851505519213327,0
-4.970,-9.891,+3.176,Wed May 15 12:23:41 GMT+08:00 2019,851505538659557,0
-4.395,-9.700,+2.716,Wed May 15 12:23:41 GMT+08:00 2019,851505559946404,0
-4.012,-9.642,+2.179,Wed May 15 12:23:41 GMT+08:00 2019,851505579893019,0
-3.131,-9.547,+1.681,Wed May 15 12:23:41 GMT+08:00 2019,851505598745173,0
-2.365,-9.068,+1.490,Wed May 15 12:23:41 GMT+08:00 2019,851505623285865,0
-1.790,-8.378,+1.758,Wed May 15 12:23:41 GMT+08:00 2019,851505638895865,0
-1.733,-7.670,+2.199,Wed May 15 12:23:41 GMT+08:00 2019,851505659384711,0
-1.580,-7.708,+2.237,Wed May 15 12:23:41 GMT+08:00 2019,851505678664404,0
-1.312,-8.091,+2.084,Wed May 15 12:23:41 GMT+08:00 2019,851505698644557,0
-1.407,-8.244,+1.854,Wed May 15 12:23:41 GMT+08:00 2019,851505720038942,0
-1.561,-8.436,+1.586,Wed May 15 12:23:41 GMT+08:00 2019,851505739799327,0
-1.637,-8.742,+1.375,Wed May 15 12:23:41 GMT+08:00 2019,851505759174096,0
-1.810,-9.413,+1.586,Wed May 15 12:23:41 GMT+08:00 2019,851505779806250,0
-2.480,-10.20,+2.084,Wed May 15 12:23:41 GMT+08:00 2019,851505800421019,0
-3.304,-11.10,+2.371,Wed May 15 12:23:41 GMT+08:00 2019,851505821658173,0
-3.974,-11.81,+2.256,Wed May 15 12:23:41 GMT+08:00 2019,851505838658788,0
-4.510,-12.61,+1.911,Wed May 15 12:23:41 GMT+08:00 2019,851505859042404,0
-4.510,-12.00,+1.854,Wed May 15 12:23:41 GMT+08:00 2019,851505881949404,0
-5.047,-10.98,+2.620,Wed May 15 12:23:41 GMT+08:00 2019,851505901486634,0
-6.043,-10.41,+2.697,Wed May 15 12:23:41 GMT+08:00 2019,851505920535788,0
-7.690,-10.35,+2.429,Wed May 15 12:23:42 GMT+08:00 2019,851505942136019,0
-9.165,-10.50,+1.739,Wed May 15 12:23:42 GMT+08:00 2019,851505959392481,0
-9.663,-10.75,+0.7810,Wed May 15 12:23:42 GMT+08:00 2019,851505979891327,0
-9.299,-11.33,-0.08000,Wed May 15 12:23:42 GMT+08:00 2019,851505998671865,0
-9.127,-11.48,-0.3290,Wed May 15 12:23:42 GMT+08:00 2019,851506018730634,0
-9.127,-11.08,+0.3020,Wed May 15 12:23:42 GMT+08:00 2019,851506038684865,0
-9.682,-10.20,+0.9920,Wed May 15 12:23:42 GMT+08:00 2019,851506058653481,0
-9.778,-9.183,+1.107,Wed May 15 12:23:42 GMT+08:00 2019,851506078655558,0
-9.088,-8.838,+0.7050,Wed May 15 12:23:42 GMT+08:00 2019,851506098653173,0
-8.475,-8.915,+0.6470,Wed May 15 12:23:42 GMT+08:00 2019,851506118666404,0
-8.475,-8.838,+0.3410,Wed May 15 12:23:42 GMT+08:00 2019,851506138725711,0
-8.954,-8.455,-0.1950,Wed May 15 12:23:42 GMT+08:00 2019,851506158660404,0
-9.567,-7.785,-1.172,Wed May 15 12:23:42 GMT+08:00 2019,851506178674788,0
-10.03,-7.076,-1.631,Wed May 15 12:23:42 GMT+08:00 2019,851506198668173,0
-10.41,-6.118,-1.804,Wed May 15 12:23:42 GMT+08:00 2019,851506218659942,0
-11.04,-5.486,-1.650,Wed May 15 12:23:42 GMT+08:00 2019,851506238717865,0
-11.25,-5.160,-1.344,Wed May 15 12:23:42 GMT+08:00 2019,851506258676019,0
-11.23,-5.620,-1.191,Wed May 15 12:23:42 GMT+08:00 2019,851506278695173,0
-11.04,-5.869,-1.325,Wed May 15 12:23:42 GMT+08:00 2019,851506298666096,0
-12.15,-6.061,-1.172,Wed May 15 12:23:42 GMT+08:00 2019,851506318684096,0
-12.90,-6.520,-0.6160,Wed May 15 12:23:42 GMT+08:00 2019,851506338775865,0
-13.86,-6.827,-0.1370,Wed May 15 12:23:42 GMT+08:00 2019,851506358659173,0
-14.64,-7.325,+0.7240,Wed May 15 12:23:42 GMT+08:00 2019,851506378664865,0
-15.89,-8.225,+2.333,Wed May 15 12:23:42 GMT+08:00 2019,851506398659250,0
-15.27,-10.08,+5.014,Wed May 15 12:23:42 GMT+08:00 2019,851506423254711,0
-14.57,-10.64,+5.436,Wed May 15 12:23:42 GMT+08:00 2019,851506438682634,0
-13.97,-11.46,+6.087,Wed May 15 12:23:42 GMT+08:00 2019,851506458656942,0
-13.36,-11.52,+7.006,Wed May 15 12:23:42 GMT+08:00 2019,851506478654019,0
-12.73,-11.40,+6.374,Wed May 15 12:23:42 GMT+08:00 2019,851506498656481,0
-12.61,-11.90,+6.738,Wed May 15 12:23:42 GMT+08:00 2019,851506518690096,0
-12.21,-13.03,+7.907,Wed May 15 12:23:42 GMT+08:00 2019,851506541071711,0
-11.39,-13.72,+9.152,Wed May 15 12:23:42 GMT+08:00 2019,851506558686942,0
-9.701,-13.84,+10.20,Wed May 15 12:23:42 GMT+08:00 2019,851506578705327,0
-9.012,-12.94,+10.82,Wed May 15 12:23:42 GMT+08:00 2019,851506598705250,0
-8.801,-11.81,+11.30,Wed May 15 12:23:42 GMT+08:00 2019,851506618680711,0
-8.437,-10.70,+10.66,Wed May 15 12:23:42 GMT+08:00 2019,851506638675711,0
-8.207,-9.432,+9.343,Wed May 15 12:23:42 GMT+08:00 2019,851506662761788,0
-7.862,-9.221,+8.788,Wed May 15 12:23:42 GMT+08:00 2019,851506681155942,0
-6.809,-8.570,+7.313,Wed May 15 12:23:42 GMT+08:00 2019,851506698709096,0
-6.062,-7.746,+5.857,Wed May 15 12:23:42 GMT+08:00 2019,851506718682942,0
-5.794,-6.769,+4.957,Wed May 15 12:23:42 GMT+08:00 2019,851506738699019,0
-5.870,-5.543,+4.957,Wed May 15 12:23:42 GMT+08:00 2019,851506758674788,0
-5.104,-4.701,+4.440,Wed May 15 12:23:42 GMT+08:00 2019,851506778700096,0
-4.012,-4.049,+3.386,Wed May 15 12:23:42 GMT+08:00 2019,851506798672173,0
-3.495,-3.073,+3.041,Wed May 15 12:23:42 GMT+08:00 2019,851506819273327,0
-3.304,-1.942,+3.750,Wed May 15 12:23:42 GMT+08:00 2019,851506838656711,0
-2.997,-1.100,+4.152,Wed May 15 12:23:42 GMT+08:00 2019,851506858653019,0
-2.097,-0.7360,+4.095,Wed May 15 12:23:42 GMT+08:00 2019,851506878651250,0
-1.618,+0.1440,+3.559,Wed May 15 12:23:42 GMT+08:00 2019,851506898669173,0
-1.848,+1.006,+4.880,Wed May 15 12:23:42 GMT+08:00 2019,851506918695096,0
-1.810,+1.332,+4.459,Wed May 15 12:23:43 GMT+08:00 2019,851506938714942,0
-0.9480,+1.945,+4.344,Wed May 15 12:23:43 GMT+08:00 2019,851506959319250,0
-0.02800,+2.385,+6.125,Wed May 15 12:23:43 GMT+08:00 2019,851506978658327,0
-0.4300,+2.347,+7.275,Wed May 15 12:23:43 GMT+08:00 2019,851506998662558,0
-0.02800,+2.424,+6.470,Wed May 15 12:23:43 GMT+08:00 2019,851507018655481,0
-0.3920,+3.496,+4.746,Wed May 15 12:23:43 GMT+08:00 2019,851507038714173,0
-1.541,+4.492,+4.938,Wed May 15 12:23:43 GMT+08:00 2019,851507058857634,0
-2.097,+4.569,+7.504,Wed May 15 12:23:43 GMT+08:00 2019,851507078944250,0
-2.154,+3.822,+9.611,Wed May 15 12:23:43 GMT+08:00 2019,851507098927173,0
-2.116,+3.611,+10.01,Wed May 15 12:23:43 GMT+08:00 2019,851507118770019,0
-1.484,+3.726,+8.615,Wed May 15 12:23:43 GMT+08:00 2019,851507138656096,0
-0.9090,+3.899,+7.389,Wed May 15 12:23:43 GMT+08:00 2019,851507158648711,0
-0.9860,+4.895,+5.627,Wed May 15 12:23:43 GMT+08:00 2019,851507183096404,0
-1.388,+5.297,+5.417,Wed May 15 12:23:43 GMT+08:00 2019,851507202330096,0
-2.020,+5.565,+5.608,Wed May 15 12:23:43 GMT+08:00 2019,851507220459558,0
-1.982,+5.488,+6.125,Wed May 15 12:23:43 GMT+08:00 2019,851507239580019,0
-1.503,+4.971,+7.313,Wed May 15 12:23:43 GMT+08:00 2019,851507258673942,0
-0.9280,+4.837,+7.447,Wed May 15 12:23:43 GMT+08:00 2019,851507278653250,0
-0.06700,+4.856,+7.485,Wed May 15 12:23:43 GMT+08:00 2019,851507298778173,0
+0.4690,+4.741,+7.715,Wed May 15 12:23:43 GMT+08:00 2019,851507318843404,0
+0.8520,+5.182,+7.524,Wed May 15 12:23:43 GMT+08:00 2019,851507338660250,0
-0.009000,+5.871,+7.811,Wed May 15 12:23:43 GMT+08:00 2019,851507358681481,0
-0.7750,+5.737,+8.041,Wed May 15 12:23:43 GMT+08:00 2019,851507378663481,0
-0.04700,+5.182,+7.332,Wed May 15 12:23:43 GMT+08:00 2019,851507398653019,0
+0.2010,+5.239,+6.968,Wed May 15 12:23:43 GMT+08:00 2019,851507418653404,0
+0.3160,+5.278,+6.623,Wed May 15 12:23:43 GMT+08:00 2019,851507438669096,0
-0.02800,+5.622,+7.773,Wed May 15 12:23:43 GMT+08:00 2019,851507460287635,0
+0.009000,+5.680,+8.749,Wed May 15 12:23:43 GMT+08:00 2019,851507478665711,0
+0.5260,+4.914,+10.03,Wed May 15 12:23:43 GMT+08:00 2019,851507498677019,0
+1.561,+5.048,+8.692,Wed May 15 12:23:43 GMT+08:00 2019,851507518817096,0
+1.197,+5.220,+9.094,Wed May 15 12:23:43 GMT+08:00 2019,851507538652942,0
+0.8900,+5.297,+9.018,Wed May 15 12:23:43 GMT+08:00 2019,851507558659635,0
+0.2010,+5.603,+6.642,Wed May 15 12:23:43 GMT+08:00 2019,851507578670481,0
-0.9670,+5.948,+7.351,Wed May 15 12:23:43 GMT+08:00 2019,851507600172788,0
-0.9090,+5.144,+9.707,Wed May 15 12:23:43 GMT+08:00 2019,851507618684019,0
-0.8710,+4.263,+12.08,Wed May 15 12:23:43 GMT+08:00 2019,851507638658019,0
-0.1810,+3.688,+12.50,Wed May 15 12:23:43 GMT+08:00 2019,851507658818096,0
+0.4500,+4.148,+10.55,Wed May 15 12:23:43 GMT+08:00 2019,851507679433019,0
+1.139,+4.397,+8.596,Wed May 15 12:23:43 GMT+08:00 2019,851507699246481,0
+1.312,+4.646,+7.409,Wed May 15 12:23:43 GMT+08:00 2019,851507718705635,0
+1.312,+4.550,+7.313,Wed May 15 12:23:43 GMT+08:00 2019,851507738657019,0
+0.6030,+4.626,+7.811,Wed May 15 12:23:43 GMT+08:00 2019,851507758661558,0
+0.04700,+4.761,+5.091,Wed May 15 12:23:43 GMT+08:00 2019,851507778745404,0
-0.2200,+4.722,+5.819,Wed May 15 12:23:43 GMT+08:00 2019,851507798971942,0
-2.001,+4.531,+10.09,Wed May 15 12:23:43 GMT+08:00 2019,851507819331558,0
-1.312,+4.531,+12.26,Wed May 15 12:23:43 GMT+08:00 2019,851507838938327,0
+0.4500,+3.650,+10.07,Wed May 15 12:23:43 GMT+08:00 2019,851507859116173,0
+1.676,+3.535,+7.332,Wed May 15 12:23:43 GMT+08:00 2019,851507879332635,0
+1.465,+3.994,+6.489,Wed May 15 12:23:43 GMT+08:00 2019,851507899076404,0
