acceleration_x,acceleration_y,acceleration_z
-0.9269,1.471,10.16
-1.396,1.267,10.28
-1.904,1.198,10.37
-1.928,0.7928,10.64
-1.823,0.5532,11.09
-2.072,0.6898,10.98
-1.729,1.454,10.72
-1.43,1.26,10.51
-0.6323,0.9556,9.719
-0.7305,1.633,9.108
-1.298,2.412,7.745
-1.995,1.351,8.591
-1.657,0.00479,8.524
-2.024,-0.7832,8.814
-1.638,0.08383,9.511
-2.156,0.855,9.202
-2.124,1.851,9.324
-1.329,1.923,9.496
-1.133,1.657,9.582
-1.154,1.583,9.441
-1.236,1.681,9.365
-1.684,1.55,9.312
-1.926,1.442,9.326
-1.717,1.427,9.525
-1.427,1.284,9.638
-1.114,1.128,9.721
-0.9436,1.154,9.717
-1.013,1.236,9.731
-1.241,1.293,9.714
-1.483,1.25,9.638
-1.48,1.272,9.633
-1.657,1.274,9.568
-1.715,1.353,9.482
-1.808,1.37,9.621
-1.866,1.312,9.647
-1.657,1.281,9.781
-1.533,1.037,9.949
-1.487,0.9101,9.942
-1.289,1.106,9.769
-1.253,1.394,9.616
-1.499,1.681,9.549
-1.607,1.825,9.408
-1.708,1.839,9.307
-1.784,1.758,9.197
-1.279,2.076,8.672
-1.54,1.597,9.494
-1.418,0.9867,9.733
-1.547,0.6874,9.851
-1.454,0.7664,9.906
-1.432,1.049,9.803
-1.593,1.317,9.523
-1.506,1.674,9.427
-1.59,1.777,9.484
-1.468,1.71,9.377
-1.403,1.578,9.456
-1.408,1.339,9.475
-1.473,1.255,9.549
-1.605,1.123,9.63
-1.631,1.128,9.666
-1.588,1.063,9.662
-1.609,1.152,9.63
-1.619,1.142,9.594
-1.724,1.209,9.544
-1.665,1.332,9.554
-1.679,1.358,9.463
-1.578,1.447,9.487
-1.538,1.315,9.494
-1.49,1.26,9.58
-1.514,1.202,9.594
-1.564,1.176,9.599
-1.557,1.138,9.554
-1.533,1.154,9.549
-1.588,1.095,9.547
-1.53,1.09,9.527
-1.55,1.138,9.542
-1.559,1.198,9.494
-1.506,1.334,9.489
-1.542,1.384,9.427
-1.528,1.423,9.405
-1.468,1.356,9.468
-1.59,1.157,9.515
-1.562,1.083,9.628
-1.557,0.9412,9.673
-1.576,0.958,9.681
-1.609,1.03,9.697
-1.554,1.109,9.669
-1.655,1.212,9.645
-1.66,1.248,9.561
-1.645,1.224,9.559
-1.607,1.284,9.487
-1.665,1.277,9.448
-1.641,1.236,9.468
-1.607,1.159,9.491
-1.557,1.047,9.487
-1.53,1.004,9.489
-1.617,1.004,9.532
-2.512,0.6802,9.314
-1.483,1.31,9.482
-1.236,1.262,9.611
-1.559,0.9436,9.508
-1.66,0.9556,9.41
-1.576,1.109,9.465
-1.605,1.133,9.503
-1.672,1.154,9.513
-1.569,1.142,9.544
-1.518,1.095,9.559
-1.55,1.047,9.594
-1.564,1.015,9.671
-1.626,0.8598,9.621
-1.621,0.8862,9.702
-1.593,0.9197,9.69
-1.562,0.9532,9.729
-1.612,1.001,9.69
-1.607,1.025,9.707
-1.538,1.123,9.791
-1.581,1.104,9.781
-1.595,1.02,9.788
-1.595,1.114,9.7
-1.533,1.212,9.669
-1.461,1.181,9.736
-1.569,1.073,9.647
-1.401,1.116,9.791
-1.36,0.9245,9.76
-1.415,0.9125,9.848
-1.401,0.9245,9.841
-1.483,0.9436,9.748
-1.415,1.032,9.609
-1.583,0.9724,9.551
-1.509,1.023,9.444
-1.444,0.9963,9.499
-1.578,0.9508,9.465
-1.502,0.9341,9.53
-1.459,0.958,9.527
-1.535,0.9245,9.472
-1.554,0.9317,9.458
-1.624,0.8957,9.35
-1.518,1.006,9.341
-1.617,0.9197,9.278
-1.724,0.9053,9.257
-1.717,0.8862,9.204
-1.729,0.946,9.171
-1.945,0.9077,9.044
-1.993,1.032,8.914
-1.971,1.126,8.785
-2.12,1.071,8.627
-2.141,1.097,8.55
-2.378,0.9388,8.548
-2.182,0.5389,8.208
-2.862,0.1006,7.896
-3.2,0.5796,7.542
-2.316,0.6107,7.247
-2.385,0.4239,7.233
-2.596,0.2251,6.9
-2.603,0.1102,6.752
-2.594,0.1557,6.749
-2.584,0.1485,6.711
-2.771,0.1437,6.653
-2.845,0.1581,6.323
-3.058,-0.05269,6.304
-3.173,-0.3473,6.316
-3.063,-0.8215,6.222
-3.149,-1.344,6.17
-3.171,-1.65,6.263
-3.044,-1.966,6.536
-3.02,-2.194,6.792
-3.111,-2.352,7.099
-3.308,-2.496,7.278
-3.463,-2.462,7.326
-3.509,-2.259,7.18
-3.545,-2.124,6.814
-3.367,-2.33,6.467
-3.152,-2.709,6.308
-2.948,-3.173,6.574
-2.733,-3.679,6.488
-2.74,-4.436,5.949
-2.706,-5.497,4.773
-2.86,-6.385,4.438
-4.186,-8.648,5.389
-4.692,-12.08,6.438
-3.937,-14.77,7.693
-3.011,-15.02,9.003
-2.637,-13.19,9.281
-2.85,-10.67,8.141
-3.351,-8.057,6.981
-4.251,-5.894,5.403
-4.862,-4.776,3.942
-5.236,-4.757,3.07
-5.219,-5.413,2.232
-5.068,-6.459,1.688
-4.836,-7.403,1.413
-4.675,-7.87,1.068
-4.754,-7.971,0.8598
-5.245,-7.631,0.6634
-5.808,-6.828,0.3401
-6.373,-5.935,-0.115
-7.013,-5.307,-0.5461
-7.623,-4.658,-0.7113
-8.165,-4.194,-0.6538
-8.804,-4.079,-0.4886
-9.647,-4.107,-0.2467
-10.6,-4.191,-0.03114
-11.47,-4.098,0.1557
-12.22,-3.913,0.2994
-13.34,-3.585,0.4263
-12.11,-3.183,1.114
-11.22,-3.521,2.359
-10.21,-4.1,2.165
-8.627,-5.36,2.122
-8.167,-5.353,2.093
-8.181,-4.141,1.516
-8.854,-4.388,1.312
-9.357,-4.713,1.569
-10.36,-3.858,1.226
-11.09,-2.69,0.7999
-11.25,-3.978,1.133
-12.03,-3.511,0.6371
-12.4,-3.856,0.9173
-11.85,-2.915,0.2682
-11.85,-1.95,0.4072
-10.54,-1.837,0.7664
-9.824,-0.7401,0.2012
-9.111,-0.03832,-0.1988
-9.094,0.7185,-0.04072
-8.816,0.9939,-0.01198
-9.844,-0.5652,0.2611
-10.29,-1.157,0.3377
-11.55,-2.151,0.7161
-12.49,-2.405,0.6443
-12.96,-3.444,0.7616
-12.6,-3.839,1.657
-12.26,-3.638,1.624
-10.99,-3.815,1.471
-10.16,-4.182,1.375
-9.266,-3.916,1.413
-8.639,-4.242,1.53
-8.351,-4.486,1.451
-8.435,-4.289,1.018
-8.929,-4.256,0.7544
-10.05,-3.624,0.5628
-10.72,-3.078,0.4239
-11.4,-2.999,0.309
-12.11,-2.544,0.4958
-12.47,-1.811,0.4479
-11.97,-1.851,0.5509
-11.86,-0.7281,0.5509
-10.93,-0.6946,0.2682
-10.99,0.4455,-0.1413
-10.15,0.2275,-0.3976
-9.863,2.098,-0.479
-9.336,2.175,-0.6538
-9.59,1.401,-0.6083
-10.62,0.4383,-0.2132
-11.62,-0.6922,0.02635
-12.54,-1.71,0.3497
-13,-3.001,0.9867
-12.72,-3.267,1.533
-11.85,-3.245,1.296
-10.67,-3.298,1.145
-9.891,-3.506,1.061
-8.938,-4,1.188
-8.591,-4.548,1.341
-8.215,-4.749,1.186
-8.383,-4.297,1.049
-9.06,-3.88,0.9796
-9.944,-3.128,0.9149
-10.73,-2.814,0.8742
-11.63,-3.128,0.9676
-11.95,-3.346,0.7544
-12.79,-3.763,1.351
-12.82,-3.013,1.042
-12.64,-3.382,1.205
-11.77,-1.485,0.7784
-10.01,-0.5149,0.2922
-9.214,-0.05748,-0.4215
-8.689,0.5461,-0.3329
-8.608,1.138,-0.103
-9.154,-0.01916,-0.309
-9.652,-0.3808,-0.3545
-11.11,-1.959,0.01198
-12.17,-3.023,-0.4886
-12.74,-4.481,1.061
-12.62,-1.461,0.673
-12.24,-2.644,0.8862
-11.13,-1.928,1.411
-10.38,-1.976,2.445
-10.66,-4.337,2.975
-8.531,-6.534,2.539
-8.545,-4.979,2.153
-8.955,-5.365,2.361
-9.417,-3.602,2.11
-10.31,-2.773,2.555
-10.56,-1.471,2.239
-11.52,-2.709,2.388
-11.86,-2.606,2.103
-13.06,-2.457,1.784
-12.75,-2.053,1.557
-13.06,-0.0982,1.023
-11.67,-0.4191,1.26
-9.841,-0.5988,0.8407
-7.973,-0.2802,-0.103
-8.244,-1.118,0.5269
-7.736,-0.5365,-0.3018
-8.239,-0.752,-0.5485
-8.629,-0.946,-0.2395
-9.822,-1.456,0.6586
-10.9,-1.586,1.478
-11.92,-1.332,2.002
-12.15,-1.756,2.529
-12.49,-1.083,2.299
-12.59,-2.663,3.037
-11.41,-2.122,2.884
-10.93,-2.563,4.663
-10.02,-2.158,5.461
-8.85,-2.407,5.887
-8.907,-1.887,5.556
-9.218,-1.882,4.991
-9.597,-1.906,4.304
-10.32,-1.863,3.748
-11.2,-1.451,3.075
-12.04,-1.727,2.376
-12.84,-2.304,2.211
-12.55,-2.56,2.323
-12.84,-3.71,2.139
-12.51,-1.545,1.169
-10.68,-0.5149,0.7089
-9.836,0.4263,-0.1437
-7.7,0.3137,-0.503
-7.142,0.01198,0.2371
-7.355,-0.2156,0.4527
-7.729,-0.879,0.4024
-9.041,-1.068,0.8886
-10.25,-1.827,1.736
-10.92,-2.201,2.361
-11.86,-1.48,2.369
-12.24,-2.048,2.821
-12.39,-1.305,3.212
-12.46,-1.971,3.437
-11.17,-2.076,4.127
-10.53,-1.818,4.091
-9.436,-1.566,4.723
-8.969,-3.008,4.584
-8.897,-2.503,4.376
-9.338,-2.223,4.206
-9.992,-2.357,3.813
-10.71,-1.914,3.346
-11.64,-1.868,2.953
-12.03,-1.775,2.582
-12.63,-1.53,2.383
-12.88,-1.174,2.335
-12.32,-1.662,2.06
-11.41,-0.6946,1.396
-9.956,-0.9891,1.384
-8.931,-0.9221,0.879
-7.499,-1.593,0.6347
-7.13,-1.015,0.1964
-7.022,-1.435,0.3114
-7.698,-0.8838,0.1485
-8.713,-1.015,0.1461
-10.04,-1.581,0.9532
-11.41,-1.392,1.439
-12.6,-1.655,1.818
-13.02,-1.384,2.323
-12.86,-2.273,3.07
-12.66,-2.024,2.611
-11.48,-3.3,4.251
-10.52,-2.972,4.313
-9.441,-3.243,5.056
-9.012,-2.076,4.359
-9.377,-2.644,3.844
-9.501,-2.814,3.748
-10.07,-2.733,3.243
-10.71,-2.373,2.982
-11.8,-2.033,2.625
-12.64,-2.323,2.397
-12.68,-1.904,2.522
-12.68,-1.035,2.194
-11.52,-0.2682,1.324
-10.15,-0.4934,1.32
-9.309,-0.4431,1.516
-8.064,-0.5317,1.095
-7.688,-0.3329,0.4718
-7.738,-0.4335,0.5053
-8.181,-0.5916,0.6179
-8.749,-1.008,0.9724
-9.671,-1.138,1.183
-10.43,-1.039,1.226
-11.4,-1.233,1.801
-12.03,-1.423,2.057
-12.72,-1.801,2.496
-12.57,-1.198,1.794
-12.58,-0.9053,2.179
-11.36,-3.054,3.305
-10.18,-2.999,4.486
-9.206,-2.455,3.324
-9.23,-2.594,3.935
-8.895,-3.195,3.897
-9.396,-2.773,3.451
-10.17,-2.496,2.855
-10.95,-2.429,2.785
-11.97,-1.32,2.769
-12.34,-1.657,2.436
-12.81,-0.4383,1.602
-12.19,-2.977,1.631
-12.13,-1.365,1.736
-11.28,-1.071,1.461
-9.882,-0.3401,0.3593
-9.731,-0.4598,0.5413
-8.308,0.5988,-0.3736
-8.404,-0.7017,0.07664
-8.368,-1.226,0.1293
-8.718,-0.3808,-0.4622
-9.903,-0.3545,-0.1988
-10.63,-0.5173,0.115
-12.27,-0.6059,0.6299
-12.5,-2.014,1.533
-13.2,-1.054,1.679
-13.09,-1.696,2.577
-11.96,-2.017,3.339
-11.4,-1.794,2.687
-10.41,-1.358,3.233
-9.673,-3.176,3.858
-9.103,-3.521,3.712
-8.974,-3.348,2.814
-8.953,-3.116,2.314
-9.52,-2.776,1.892
-10.34,-2.613,1.751
-11.37,-2.338,1.787
-11.96,-2.22,1.837
-12.43,-2.103,2.156
-12.67,-1.219,1.336
-12.18,-0.7137,1.827
-11.71,-0.7999,1.423
-10.59,-2.081,1.442
-10.76,-1.08,0.5269
-9.654,0.1653,0.1844
-8.747,0.558,-0.02635
-8.768,1.502,-0.6227
-8.169,-1.118,0.6778
-9.218,0.5556,0.1892
-9.887,-1.633,1.207
-10.72,0.02156,0.9173
-11.05,-0.7041,1.667
-11.69,-0.6155,2.036
-11.69,-1.255,1.911
-11.77,-2.735,2.788
-11.4,-1.928,2.788
-10.71,-2.316,2.843
-10.36,-2.433,3.272
-10.14,-2.824,3.832
-9.058,-2.891,4.222
-8.993,-2.608,3.77
-9.422,-2.429,3.015
-10.1,-2.599,2.848
-10.95,-1.89,2.565
-11.45,-1.621,2.474
-12.37,-1.645,2.402
-11.77,-1.672,2.227
-12.27,-1.152,2.194
-11.24,-1.655,2.273
-10.68,-1.068,2.522
-10.06,-0.6203,1.686
-9.087,-0.3569,1.344
-8.268,-0.8143,1.528
-7.769,-0.2299,1.336
-7.611,-0.7113,1.36
-7.741,-0.5173,0.9772
-8.725,-1.073,1.255
-9.075,-0.8718,1.372
-10.36,-0.582,1.411
-10.98,-2.247,2.268
-11.68,-1.284,2.084
-12.33,-1.847,2.405
-11.93,-1.973,2.235
-11.78,-4.033,3.698
-11.03,-2.73,4.258
-9.98,-0.9245,4.828
-9.58,-0.9053,4.8
-9.23,-1.911,4.792
-9.175,-2.237,4.232
-9.573,-2.608,3.696
-10.34,-1.906,3.315
-11.04,-1.813,3.185
-11.69,-1.971,2.714
-11.72,-2.706,2.831
-12.02,-1.887,2.256
-11.96,-0.9891,1.717
-11.79,-0.6826,1.734
-10.49,-1.111,1.375
-8.993,-0.182,-0.1772
-7.851,-0.8215,0.1174
-7.834,-0.2826,-0.5125
-8.066,0.03114,-1.368
-9.12,-0.2443,-0.9891
-10.38,-0.3521,-0.3521
-11.74,-1.011,0.6251
-12.36,-1.861,1.899
-12.85,-2.189,2.019
-12.3,-2.493,2.606
-12.53,-2.254,2.96
-11.29,-2.144,4.04
-10.81,-2.026,3.801
-9.738,-2.467,3.873
-9.125,-2.615,3.925
-8.881,-3.276,4.242
-9.106,-2.773,3.765
-9.556,-2.589,3.444
-10.28,-1.938,3.224
-10.98,-3.032,3.056
-11.74,-2.117,2.661
-12.17,-1.744,2.259
-12.32,-1.607,2.136
-11.91,-1.669,1.502
-11.24,-1.226,1.248
-10.56,-0.9173,0.2587
-9.853,1.734,-1.777
-9.408,0.8694,-1.545
-9.048,2.062,-2.072
-9.341,1.207,-1.499
-9.865,0.7616,-1.289
-10.54,-0.2012,-0.3593
-11.33,-0.8478,0.3712
-12.01,-1.284,0.9748
-12.31,-1.887,1.7
-12.56,-2.407,1.887
-12.25,-2.402,1.868
-11.66,-3.135,2.668
-10.6,-3.137,2.924
-9.824,-3.24,2.584
-9.271,-3.796,2.503
-8.581,-4.469,2.165
-8.624,-4.74,1.952
-8.921,-4.495,1.583
-9.877,-4.304,1.272
-10.64,-3.803,1.202
-11.25,-2.814,1.099
-11.75,-2.783,1.303
-12.38,-2.223,1.274
-12.55,-2.515,1.085
-12.3,-2.278,1.178
-11.65,-1.356,0.9604
-11.38,-0.6011,0.2179
-10.33,-0.6898,0.06946
-9.238,2.134,-0.1796
-8.95,1.411,-1.169
-8.955,1.193,-1.478
-9.786,0.04072,-1.145
-10.86,-0.764,-1.02
-11.41,-1.198,0.06227
-12.61,-2.407,0.982
-12.63,-2.97,1.756
-12.5,-2.862,1.679
-12.23,-3.363,2.124
-11.36,-2.864,2.366
-10.17,-2.776,3.092
-9.506,-3.664,3.377
-8.591,-4.206,2.903
-8.157,-4.689,2.943
-8.694,-4.093,2.366
-9.183,-3.969,2.189
-10.1,-4.004,2.112
-10.79,-3.454,1.911
-11.5,-3.458,1.789
-11.85,-3.066,1.799
-12.03,-3.348,1.071
-12.44,-3.252,1.432
-12.74,-1.878,0.867
-12.13,-0.6419,0.8047
-10.55,0.8263,0.4551
-9.647,1.502,0.2467
-8.521,2.704,-0.5101
-8.325,1.207,-0.3593
-9.218,0.5988,-0.273
-9.951,-0.09341,-0.1916
-10.66,-1.423,0.1964
-11.77,-2.002,0.788
-12.26,-2.86,1.935
-12.6,-3.636,2.51
-12.73,-2.747,1.782
-11.69,-3.346,2.728
-10.99,-3.13,3.293
-10.47,-2.905,3.284
-9.156,-4.186,3.849
-8.742,-4.716,3.638
-8.749,-4.433,3.097
-9.02,-4.014,2.536
-9.503,-3.375,1.957
-10.12,-3.094,1.511
-10.34,-2.759,1.174
-10.81,-2.785,1.2
-11.71,-2.872,1.015
-12.55,-1.789,0.7616
-11.66,-1.147,0.9867
-11.24,0.01916,0.9341
-10.24,1.066,0.4143
-9.853,1.174,0.2874
-9.582,1.789,-0.7664
-9.662,1.104,-1.384
-9.642,1.095,-1.183
-10.01,0.0982,-0.4311
-10.64,-0.4862,-0.09341
-11.28,-1.796,0.7425
-11.48,-2.381,1.442
-11.94,-2.239,1.607
-11.66,-2.932,2.309
-11.12,-2.074,2.096
-10.25,-2.555,2.249
-9.65,-2.515,2.316
-9.144,-3.104,2.69
-8.763,-3.315,2.718
-9.003,-3.207,2.139
-9.161,-3.348,2.23
-9.815,-3.066,2.024
-10.38,-3.312,2
-10.98,-2.999,1.763
-11.4,-2.836,1.399
-11.73,-2.503,1.645
-11.7,-2.206,1.389
-11.64,-1.861,1.554
-10.3,-1.444,1.174
-10.01,-0.5077,0.3473
-9.266,-0.04072,-0.2251
-8.821,0.03832,-0.6898
-8.835,0.4982,-1.063
-9.123,0.08383,-0.7904
-9.197,-0.2084,-0.467
-10.08,-1.152,0.002395
-10.87,-1.995,0.3449
-10.97,-2.706,1.736
-11.78,-2.304,1.954
-11.72,-3.506,3.109
-10.9,-3.437,3.669
-10.53,-3.487,3.961
-9.693,-3.645,4.409
-9.151,-3.521,4.21
-9.235,-2.932,2.972
-9.283,-3.684,2.754
-9.575,-3.2,2.448
-10.15,-3.039,2.239
-10.85,-3.255,2.924
-11.42,-2.73,1.77
-11.62,-2.692,1.456
-11.52,-1.473,1.231
-10.84,-1.518,1.063
-10.2,-0.558,0.9125
-9.719,-0.6083,0.867
-9.044,0.3784,0.4982
-8.593,0.01677,0.1126
-8.531,0.6131,-0.1509
-9.25,-0.3185,-0.1772
-9.441,0.3473,-0.2515
-10.39,0.00479,0.4622
-11.66,-0.6419,1.087
-12.48,-2.079,1.995
-12.5,-2.716,2.453
-12.34,-3.193,3.046
-11.42,-2.886,2.908
-10.14,-2.946,3.42
-9.733,-3.185,3.882
-8.993,-3.422,3.65
-8.601,-4.268,3.561
-8.85,-4.275,3.152
-9.377,-3.576,2.781
-10.22,-3.65,2.424
-10.94,-3.001,2.424
-11.54,-2.886,2.213
-13.12,-2.862,2.747
-13.21,-1.518,1.497
-12.93,-1.595,1.49
-11.13,-0.2802,0.7544
-10.09,-0.9484,1.25
-9.175,0.867,0.1198
-8.51,1.087,-0.7329
-8.612,0.6347,-0.7808
-8.85,0.4239,-0.6011
-9.487,-0.6083,-0.2203
-10.11,-1.083,0.103
-11.01,-2.22,0.9077
-12.15,-2.747,1.526
-12.34,-2.706,1.677
-11.76,-3.207,2.52
-11.53,-2.92,2.424
-10.96,-3.252,2.661
-9.889,-3.787,3.145
-9.309,-3.961,3.231
-8.833,-4.706,3.327
-8.883,-4.754,2.738
-8.969,-4.495,2.488
-9.618,-3.861,2.045
-10.24,-3.399,1.854
-10.93,-3.219,1.559
-11.4,-2.903,1.521
-11.97,-2.62,1.241
-11.89,-2.833,1.334
-12.41,-2.062,0.8335
-11.18,-0.9891,0.285
-10.66,0.0503,-0.05988
-9.19,0.2491,0.002395
-8.629,0.4167,-0.2922
-8.368,0.1102,-0.4862
-8.792,-0.5389,-0.479
-9.391,-1.221,-0.1078
-9.743,-1.518,0.1796
-10.52,-2.345,0.5341
-11.03,-2.807,1.13
-11.54,-3.039,1.509
-11.41,-3.485,2.036
-11.23,-3.262,2.503
-10.77,-2.778,2.419
-10.11,-2.503,2.742
-9.664,-2.599,2.788
-9.192,-2.874,2.831
-9.036,-3.705,2.908
-9.23,-3.269,2.807
-9.489,-2.905,2.565
-9.98,-2.733,2.311
-10.61,-2.52,2.06
-10.97,-2.306,1.578
-11.4,-2.031,1.411
-11.42,-1.509,1.19
-10.85,-0.9724,1.063
-10.64,-1.183,1.066
-9.982,0.03593,0.5006
-9.714,0.1557,0.00479
-9.12,0.3281,-0.3616
-9.008,-0.3449,-0.2156
-9.194,-0.1461,-0.1916
-9.594,-0.6203,0.1269
-9.81,-0.6658,0.297
-10.16,-1.322,0.5125
-10.5,-2.057,0.9005
-10.78,-2.342,1.459
-10.99,-2.22,1.609
-11.16,-2.886,2.297
-10.35,-3.011,2.455
-9.82,-3.027,2.606
-9.491,-3.181,2.675
-9.319,-3.911,2.682
-9.218,-3.578,2.347
-9.214,-3.595,2.033
-9.293,-3.097,1.993
-9.7,-2.886,1.789
-10.3,-2.754,1.839
-11.14,-2.594,1.674
-11.28,-2.043,1.523
-11.39,-1.657,1.487
-11.29,-1.669,1.229
-10.73,-1.075,1.099
-10.38,-1.044,0.7472
-9.645,2.424,2.745
-10.58,1.351,-0.5916
-8.751,1.085,-0.4431
-9.408,0.5293,-0.9939
-9.64,0.3233,-0.5916
-10.77,-0.1413,-0.297
-11.59,-0.8143,0.4479
-11.89,-1.202,1.164
-11.94,-1.705,1.504
-11.44,-2.316,1.942
-10.74,-2.484,2.175
-10.21,-2.805,2.297
-9.685,-3.406,2.438
-9.19,-4.831,2.953
-8.447,-3.727,2.678
-8.579,-3.19,2.611
-9.293,-3.164,2.675
-9.707,-2.896,2.752
-10.69,-3.032,2.668
-11.33,-2.785,2.342
-12.39,-2.443,2.203
-12.48,-2.383,2.026
-11.93,-1.439,1.413
-11.41,-0.7185,1.02
-10.78,-0.1605,0.8335
-9.992,1.035,-0.4407
-9.547,0.6131,-1.545
-8.692,1.253,-1.408
-9.091,2.63,-1.72
-9.8,1.768,-1.571
-10.97,0.9077,-1.004
-12.47,-0.8287,-0.1006
-13,-1.619,1.217
-13.07,-2.383,2.182
-12.58,-3.063,2.084
-11.09,-4.143,3.099
-10.35,-4.886,3.001
-8.636,-5.813,4.254
-8.502,-4.958,3.861
-8.442,-5.202,3.48
-9.343,-4.982,3.434
-10.17,-3.897,2.855
-10.98,-3.348,2.678
-11.82,-2.577,2.644
-12.58,-1.698,1.768
-12.59,-1.593,1.49
-12.26,-1.106,0.3161
-11.51,-0.5461,0.07185
-10.54,-1.126,0.4072
-9.748,1.734,-0.9939
-9.257,1.025,-1.176
-9.144,1.648,-1.26
-9.621,1.459,-0.8095
-10.89,1.554,-0.1102
-11.85,0.479,0.6035
-12.64,-0.7281,1.777
-13.13,-1.166,1.851
-12.87,-2.67,3.14
-11.88,-3.039,3.511
-11.2,-3.006,2.546
-9.532,-4.328,3.597
-8.979,-4.634,2.936
-8.239,-5.626,3.135
-8.44,-4.785,3.123
-8.9,-4.05,2.417
-9.52,-3.937,2.613
-10.45,-3.284,2.27
-11.43,-3.411,2.45
-12.27,-3.149,2.431
-13.1,-2.402,2.318
-12.98,-1.344,1.574
-12.72,-1.104,1.401
-12.24,-0.05748,0.6754
-10.53,1.128,0.2994
-9.309,0.503,0.6107
-8.79,1.971,-0.3736
-8.845,1.595,-0.5437
-9.439,0.7496,-0.1796
-10.42,0.194,0.2156
-11.32,-0.7305,0.4335
-12.47,-1.837,1.245
-13.06,-2.632,2.129
-13.15,-3.094,2.943
-12.2,-3.109,3.087
-11.35,-3.09,2.417
-10.34,-3.137,2.666
-9.338,-2.869,2.742
-8.859,-3.056,2.594
-8.442,-3.497,2.567
-8.383,-3.549,2.359
-8.818,-3.37,2.033
-9.575,-3.044,2.041
-10.27,-2.644,1.782
-11.46,-2.577,2.029
-12.23,-2.134,1.748
-12.91,-1.885,1.997
-12.66,-1.073,1.82
-11.8,-0.1293,1.375
-11.19,-0.6203,1.269
-10.67,-0.1485,0.8766
-9.937,0.07185,0.4048
-9.156,0.8981,-0.2347
-8.991,0.5365,-0.2706
-9.123,0.2491,-0.297
-9.252,-0.5604,-0.03832
-9.966,-1.384,0.1102
-10.64,-1.882,0.5628
-11.21,-2.476,1.073
-11.43,-2.661,1.614
-11.74,-2.711,1.875
-11.34,-2.749,2.132
-10.82,-2.567,2.371
-10.16,-2.45,2.726
-9.633,-2.29,2.881
-9.448,-2.611,3.284
-9.194,-2.874,3.245
-9.209,-2.862,2.893
-9.405,-2.838,2.618
-9.76,-2.644,2.326
-10.28,-2.551,2.179
-10.78,-2.213,1.985
-11.29,-2.057,1.744
-11.56,-2.017,1.842
-12.07,-1.272,1.708
-11.64,-1.116,1.298
-10.67,-0.7353,0.8981
-9.64,-1.008,0.7928
-8.608,-0.4503,0.17
-7.932,-0.3808,-0.2156
-7.868,0.06467,-0.6227
-8.727,-0.6514,-0.03832
-9.673,-0.8957,0.4431
-10.46,-1.662,0.9388
-10.93,-2.167,1.53
-11.41,-2.225,1.727
-11.25,-2.491,2.28
-11.18,-2.704,2.69
-10.83,-2.749,2.833
-10.13,-2.953,3.164
-9.717,-2.941,2.886
-9.278,-3.454,3.602
-9.06,-3.31,3.427
-9.053,-3.736,3.032
-9.511,-3.442,2.395
-9.836,-3.205,2.328
-10.4,-2.666,1.868
-10.95,-2.642,2.029
-11.42,-2.479,1.933
-11.64,-1.825,1.82
-11.35,-1.332,1.578
-10.88,-0.5317,1.509
-10.22,0.01437,1.353
-9.238,0.2994,1.344
-9.309,0.2706,0.4886
-8.816,0.7688,-0.3928
-9.252,0.08143,-0.3784
-9.374,-0.2132,0.03353
-10.01,-0.8526,0.03114
-10.68,-1.868,0.2994
-11.19,-2.467,0.8718
-11.33,-2.807,1.576
-11.7,-2.666,1.933
-11.44,-3.094,2.187
-10.52,-3.09,2.675
-9.956,-2.239,2.462
-9.348,-3.228,2.826
-8.866,-3.585,3.111
-8.945,-3.561,2.864
-9.171,-3.403,2.74
-9.719,-3.339,2.292
-10.27,-3.193,2.189
-10.79,-2.512,1.557
-11.37,-2.582,1.765
-11.74,-2.072,1.356
-11.92,-1.894,1.229
-11.74,-1.171,0.8311
-10.82,-0.8574,0.7568
-10.21,0.2898,-0.2515
-9.123,0.2778,-0.3784
-9.314,1.267,-0.855
-9.187,1.351,-1.087
-9.393,0.5149,-0.6706
-10,-0.06467,-0.2156
-10.63,-0.9796,0.1389
-11.28,-1.662,0.5173
-11.65,-2.247,1.303
-11.76,-2.261,1.705
-11.37,-2.354,1.947
-10.85,-2.227,2.23
-10.41,-2.335,2.33
-9.798,-3.111,2.896
-9.036,-3.305,3.114
-8.941,-3.382,3.236
-9.218,-2.922,2.752
-9.398,-3.023,2.582
-9.846,-2.9,2.328
-10.5,-2.778,2.144
-11.11,-2.567,1.945
-11.47,-2.23,1.641
-11.38,-2.139,1.356
-11.76,-1.595,1.317
-11.17,-0.3976,0.2874
-11.22,-0.4024,0.03353
-10.1,0.7281,-0.4
-9.345,1.188,-0.4694
-8.931,0.9844,-0.3808
-8.941,1.044,-0.8766
-9.626,0.4694,-0.8287
-10.09,-0.2658,-0.2635
-11.02,-1.013,0.4862
-11.62,-1.674,1.099
-11.88,-1.988,1.693
-11.62,-2.179,2.464
-11.18,-2.364,2.505
-10.55,-3.046,2.805
-9.92,-3.83,3.116
-9.147,-4.352,3.298
-8.653,-4.373,2.721
-8.486,-4.548,2.673
-9.032,-3.724,2.184
-9.784,-3.363,2.191
-10.38,-3.281,2.031
-10.93,-3.176,2.029
-11.66,-2.766,1.77
-11.83,-2.361,1.621
-12.04,-1.617,1.25
-11.42,-0.879,0.8766
-9.338,1.902,2.982
-11.79,0.2227,-1.157
-9.36,2.33,-0.4095
-9.012,2.503,0.103
-9.051,0.1461,-1.075
-10.16,-1.779,-0.5628
-9.822,-2.371,-0.4072
-10.28,-2.057,0.2898
-10.59,-1.554,0.6347
-11.09,-1.684,1.329
-11.31,-1.966,1.952
-10.96,-2.584,2.718
-10.49,-2.702,2.884
-9.98,-2.932,2.989
-9.523,-2.936,3.214
-9.257,-2.682,3.145
-9.183,-2.91,3.207
-9.343,-2.912,3.063
-9.664,-2.888,2.749
-9.829,-2.759,2.572
-10.42,-2.795,2.405
-10.92,-2.345,2.251
-11.36,-2.117,1.904
-11.56,-2.323,1.863
-12.03,-2.002,1.451
-11.18,-1.976,1.071
-10.63,-1.576,0.9867
-9.508,-0.1748,0.2658
-8.268,-0.04072,0.08383
-8.184,-0.08143,-0.1293
-8.577,0.5796,-0.6083
-9.19,0.00958,-0.04311
-10.08,-0.2347,0.3209
-11.06,-1.188,0.4862
-11.99,-1.729,1.049
-12.24,-1.787,1.116
-12.23,-2.33,1.55
-11.52,-2.673,2.323
-11.25,-3.034,2.517
-10.1,-3.87,3.135
-9.369,-4.079,3.085
-8.684,-4.943,3.763
-8.663,-4.598,3.631
-9.123,-4.182,3.26
-9.812,-3.937,2.891
-10.6,-3.422,2.685
-11.16,-2.874,2.153
-11.47,-2.663,2.079
-12.06,-2.352,1.772
-12.31,-1.693,1.392
-11.74,-1.478,1.087
-11.48,-0.3593,0.5269
-10.2,0.6275,-0.2515
-9.151,1.892,-0.982
-8.72,1.358,-0.9963
-8.895,1.406,-1.255
-9.42,1.08,-1.231
-10.45,0.1221,-0.6227
-11.46,-1.049,0.3353
-12.52,-1.918,1.265
-12.77,-2.623,2.151
-12.18,-2.625,3.02
-11.7,-2.496,2.874
-10.47,-2.419,3.276
-10.04,-2.91,3.549
-8.907,-3.681,4.119
-8.799,-4.009,3.87
-9.012,-3.643,3.454
-9.468,-3.355,2.788
-10.1,-3.161,2.151
-10.73,-2.941,1.691
-11.52,-2.797,1.516
-11.92,-2.167,1.641
-12.28,-0.7496,1.231
-11.79,0.06467,0.7975
-11.36,0.467,0.4646
-10.23,1.219,-0.3329
-9.87,2.031,-0.6419
-9.302,3.03,-0.7137
-9.482,2.867,-0.8957
-10.08,1.487,-0.7592
-10.88,0.3545,-0.4072
-11.58,-0.7904,0.2898
-12.13,-1.293,0.9029
-12.15,-2.017,1.401
-11.8,-2.781,2.405
-10.84,-2.805,3.166
-10.1,-3.011,2.924
-9.53,-3.463,3.284
-8.989,-3.066,2.797
-8.409,-3.729,2.989
-8.725,-3.985,2.821
-9.621,-3.755,2.637
-10.2,-3.372,2.11
-10.7,-3.157,2.407
-11.83,-2.321,1.777
-11.89,-2.393,1.667
-12.76,-2.06,1.384
-11.99,-1.344,0.9365
-11.87,-0.8526,0.7568
-10.46,-0.4622,0.3569
-9.695,0.3233,-0.05509
-8.936,1.758,-1.015
-8.933,1.756,-1.121
-9.142,1.427,-1.039
-10.06,0.3664,-0.8215
-10.75,-0.4551,-0.4119
-11.58,-1.494,0.3497
-12.18,-2.048,0.8622
-12.34,-2.656,1.413
-12.1,-3.013,2.201
-11.32,-2.965,2.46
-10.62,-2.733,2.424
-9.978,-2.73,2.553
-9.302,-2.812,2.742
-8.929,-2.826,2.932
-8.881,-2.987,2.987
-9.269,-2.963,2.699
-9.664,-2.908,2.354
-10.26,-2.682,2.069
-11.02,-2.479,1.794
-11.42,-2.294,1.593
-11.72,-2.062,1.19
-11.9,-2.551,1.26
-12.29,-2.017,1.15
-12.05,-1.449,0.5437
-10.88,-0.00479,-0.1724
-8.725,5.506,2.747
-12.94,0.1605,-0.8742
-8.167,1.866,-0.285
-9.508,0.8359,-0.9245
-9.523,-1.372,-0.6347
-10.27,-1.449,-0.6993
-10.56,-2.587,-0.1629
-10.95,-2.421,0.6011
-11.32,-2.184,1.279
-11.29,-2.656,2.39
-11.25,-2.771,2.733
-11.09,-3.252,2.979
-10.09,-3.48,3.521
-9.767,-2.934,3.006
-9.297,-3.169,2.953
-9.036,-3.363,2.876
-9.274,-3.25,2.527
-9.489,-3.161,2.103
-9.846,-3.056,1.571
-10.14,-3.087,1.358
-10.75,-2.886,1.298
-11.48,-2.28,1.315
-11.84,-1.626,1.126
-11.52,-1.509,1.305
-10.9,-0.2994,1.061
-10.47,-0.2371,0.6395
-9.76,0.1892,0.5317
-9.206,1.926,-0.06706
-9.206,0.8886,-0.1677
-9.487,0.6514,-0.4455
-10.02,-0.5652,-0.3425
-10.65,-1.245,-0.08622
-11.05,-2.177,0.5485
-11.39,-2.814,1.401
-11.34,-2.656,1.502
-11.43,-2.757,1.784
-10.86,-3.427,2.079
-10.05,-2.872,2.041
-9.353,-2.941,2.627
-9.202,-3.454,2.829
-8.969,-3.578,2.596
-9.276,-3.528,2.395
-9.786,-3.142,2.141
-10.18,-2.994,1.978
-11.11,-2.85,1.633
-11.33,-2.546,1.231
-11.62,-2.086,1.384
-11.16,-1.152,1.066
-10.78,-0.5317,0.97
-10.88,0.2994,0.0958
-10.05,1.166,-0.2395
-10.15,1.641,-0.8095
-9.087,1.511,-1.358
-9.257,1.322,-0.9484
-9.506,1.039,-1.188
-9.985,0.2156,-0.7808
-10.62,-0.364,-0.4814
-11.45,-1.262,0.1317
-11.77,-2.314,1.102
-11.64,-2.694,2.029
-11.34,-3.061,2.51
-10.58,-3.454,3.161
-10.08,-3.145,2.84
-9.46,-3.001,2.932
-9.326,-2.92,2.773
-9.044,-2.848,2.754
-9.408,-2.869,2.407
-9.714,-2.613,2.014
-10.23,-2.625,1.892
-10.9,-2.539,1.641
-11.22,-2.397,1.372
-11.46,-2.065,1.186
-11.4,-1.744,0.9029
-11.24,-1.039,0.5173
-10.64,-0.2179,0.3114
-10.21,0.3018,-0.01677
-9.647,1.25,-0.8359
-9.654,0.7137,-0.7832
-9.221,0.6946,-0.5173
-9.518,0.2539,-0.752
-9.798,-0.479,-0.5245
-10.35,-1.346,0.01677
-11.03,-1.856,0.5413
-11.19,-2.29,1.219
-11.22,-2.654,1.842
-11.01,-2.845,2.237
-10.41,-2.955,2.464
-9.908,-3.044,2.563
-9.456,-2.496,3.097
-9.276,-2.093,3.322
-9.403,-1.621,3.056
-9.484,-1.193,2.884
-9.659,-1.942,2.843
-10.11,-2.103,2.498
-10.46,-2.419,2.16
-10.8,-2.354,2.072
-11.29,-1.892,1.684
-11.71,-1.72,1.281
-11.31,-1.267,0.9317
-11.07,-0.9029,0.5365
-10.27,-0.7928,0.3401
-9.41,0.2802,-0.0503
-9.13,-0.3042,-0.1461
-8.761,0.2635,-0.3736
-9.06,-0.6706,-0.2036
-9.25,-1.59,-0.1844
-9.69,-1.971,-0.1892
-10.16,-2.402,0.1461
-10.77,-2.618,0.7233
-11,-2.749,1.176
-11.15,-2.728,1.753
-11.13,-2.235,2.065
-10.58,-1.813,2.326
-10.17,-1.729,2.57
-9.844,-1.775,2.876
-9.396,-2.405,3.264
-9.374,-2.493,3.272
-9.554,-2.45,3.073
-9.827,-2.086,2.642
-10.08,-2.026,2.433
-10.67,-2.28,2.129
-10.84,-2.436,2.096
-11.28,-2.206,1.626
-11.38,-2.601,1.696
-11.65,-2.129,1.329
-11.01,-1.722,0.5772
-10.26,-1.104,0.4048
-9.602,-0.3425,-0.0479
-8.373,-0.6682,0.00958
-8.117,0.01437,-0.3042
-8.337,-0.5365,-0.5389
-9.115,-1.15,-0.4407
-9.82,-1.985,0.03832
-10.76,-2.488,0.5916
-11.3,-2.524,1.128
-11.83,-2.74,1.42
-11.57,-3.181,1.928
-11.06,-3.063,2.036
-10.75,-2.563,2.005
-9.949,-2.539,2.302
-9.915,-2.793,2.706
-9.362,-2.766,2.805
-9.101,-3.135,2.766
-9.262,-3.406,2.613
-9.319,-3.384,2.316
-9.705,-3.164,2.017
-10.26,-3.164,1.887
-10.92,-2.697,1.978
-11.54,-2.376,1.492
-11.92,-2.39,1.653
-12.28,-2.024,1.166
-11.83,-2.256,1.2
-11.49,-1.559,1.063
-9.956,-0.594,0.467
-8.931,-0.5509,0.4239
-8.222,-0.08862,0.194
-8.045,0.06467,-0.1509
-8.62,-1.102,-0.08143
-9.202,-1.384,-0.1126
-9.697,-1.684,0.007185
-10.67,-2.151,0.4072
-11.34,-2.62,0.855
-11.64,-3.058,1.708
-11.79,-3.291,2.108
-11.5,-3.382,2.577
-10.97,-2.572,2.287
-10.17,-1.971,2.273
-9.446,-1.882,2.702
-9.091,-2.153,2.896
-8.878,-2.726,2.896
-8.974,-3.109,2.934
-9.377,-2.936,2.809
-9.999,-2.752,2.546
-10.65,-2.579,2.445
-11.29,-2.297,2.167
-11.86,-1.995,1.727
-12.17,-2.376,1.703
-12.79,-1.973,1.37
-11.85,-1.303,0.6299
-11.22,-0.8814,0.2946
-9.99,-0.4718,-0.0479
-9.115,-1.174,-0.1892
-7.973,0.1269,-0.7041
-8.229,-0.8526,-0.5437
-8.411,-0.4359,-0.6251
-8.797,-1.504,-0.8886
-10.04,-2.407,0.002395
-10.46,-2.532,0.3808
-11.38,-2.637,0.06706
-11.85,-2.783,1.078
-12.06,-2.409,1.818
-11.78,-2.381,2.484
-11.15,-1.916,3.104
-10.61,-1.756,3.626
-9.769,-1.59,3.856
-9.307,-2.177,3.854
-9.07,-2.726,3.616
-9.266,-2.785,3.171
-9.685,-2.486,2.73
-10.37,-2.105,2.352
-10.88,-2.122,1.952
-11.32,-2.177,1.72
-11.98,-1.609,1.351
-12.05,-1.363,0.7999
-11.66,-1.463,0.7377
-11.38,-1.284,0.6898
-10.4,-0.6155,0.09101
-9.321,-0.9269,0.04311
-8.32,0.4167,-0.1844
-8.383,-0.8095,-0.09341
-8.466,-0.9388,-0.285
-8.967,-1.454,-0.1748
-9.53,-1.77,-0.3377
-10.39,-1.897,0.103
-11.14,-2.335,0.7928
-11.76,-3.027,1.315
-11.97,-3.312,2.012
-11.63,-2.697,2.065
-11.14,-2.215,2.002
-10.32,-1.703,2.242
-9.846,-1.593,2.443
-9.144,-2.031,2.9
-8.967,-2.529,2.821
-9.254,-2.84,2.848
-9.4,-2.74,2.888
-9.829,-2.285,2.469
-10.21,-2.196,2.532
-11.04,-0.8957,2.309
-11.03,-1.638,1.209
-11.24,-2.771,1.432
-11.96,-3.027,1.487
-11.83,-2.5,1.229
-11.33,-2.002,1.13
-10.55,-1.736,0.8071
-9.626,-1.559,0.3569
-8.414,-0.97,-0.02635
-7.777,-1.617,0.02874
-7.523,-1.847,-0.002395
-7.772,-2.16,0.1317
-8.469,-2.177,0.1245
-9.192,-2.46,0.1581
-10.24,-2.879,0.6514
-11.12,-3.221,1.209
-11.99,-3.631,1.791
-12,-2.814,1.906
-11.71,-2.738,1.918
-11.28,-2.12,2.065
-10.42,-2.033,2.721
-9.762,-1.782,2.503
-9.326,-2.654,3.238
-8.847,-2.812,3.049
-9.034,-2.915,3.008
-9.525,-2.658,2.572
-9.844,-2.611,2.189
-10.59,-2.342,2.072
-11.25,-2.081,1.684
-11.58,-2.005,1.506
-11.58,-1.787,0.97
-11.84,-2.055,1.19
-11.63,-1.255,0.6371
-10.52,-1.032,0.7449
-9.97,-1.198,0.7089
-8.881,-0.3712,0.309
-8.699,-0.5485,0.07185
-7.963,0.3233,-0.2611
-8.483,-0.05988,-0.2036
-9.111,-0.05748,-0.1102
-9.92,-1.164,0.3042
-10.84,-1.667,0.5461
-11.75,-2.493,1.164
-12.09,-2.517,2.117
-12,-2.359,2.148
-11.41,-2.225,2.208
-10.74,-2.084,2.462
-10.09,-1.971,2.761
-9.487,-2.359,3.114
-9.175,-2.263,3.379
-9.199,-2.443,3.334
-9.439,-2.189,2.996
-9.98,-2.06,2.618
-10.74,-1.914,2.23
-11.19,-1.945,1.83
-11.74,-1.873,1.617
-11.56,-1.686,1.243
-11.63,-1.691,1.142
-10.67,-1.186,0.6778
-10.08,-1.066,0.3329
-9.465,-0.6467,-0.1509
-8.742,-0.1461,-0.4982
-8.411,0.1006,-0.685
-8.498,-0.07425,-0.6011
-9.06,-0.4287,-0.4503
-9.896,-0.7353,-0.2443
-10.49,-1.312,0.2443
-11.33,-1.801,0.7401
-11.67,-2.244,1.157
-11.74,-2.532,1.691
-11.33,-2.544,2.249
-10.7,-2.457,2.618
-10.09,-2.706,3.207
-9.556,-2.706,3.729
-9.357,-2.34,3.667
-9.594,-1.744,3.391
-9.848,-1.566,2.912
-9.994,-1.856,2.809
-10.67,-1.782,2.33
-11.03,-1.981,1.978
-11.61,-2.072,1.768
-11.82,-1.597,1.092
-11.59,-1.394,0.7065
-10.96,-0.5796,0.2587
-10.32,-0.6275,-0.0503
-9.59,-0.2658,-0.3185
-8.773,-0.3593,-0.4263
-8.517,-0.1269,-0.7928
-8.529,-0.194,-0.6035
-8.579,-1.607,0.3832
-9.139,-1.655,0.5341
-10.03,-2.165,0.9676
-10.88,-2.5,1.447
-11.35,-2.534,1.938
-11.43,-2.567,2.383
-10.95,-2.134,2.433
-10.58,-1.782,2.613
-10.02,-1.286,3.027
-9.669,-1.624,3.37
-9.441,-2.517,3.719
-9.683,-2.366,3.454
-10.06,-2.211,3.212
-10.29,-1.887,2.881
-10.82,-2.11,2.385
-11.12,-2.273,2.321
-11.49,-1.892,1.988
-11.37,-1.542,1.427
-11.1,-1.571,1.303
-10.64,-0.8862,0.6898
-9.779,-0.8814,0.1844
-8.991,-1.025,0.03353
-8.265,-0.3401,-0.3712
-7.913,-0.1245,-0.5293
-8.239,-0.9053,-0.1317
-8.962,-1.286,0.2275
-9.774,-1.437,0.6059
-10.6,-1.882,0.9724
-11.23,-2.292,1.691
-11.76,-2.62,2.247
-11.93,-2.888,2.563
-11.1,-2.642,2.934
-10.61,-1.799,2.9
-10.08,-1.638,3.114
-9.496,-1.813,3.339
-9.223,-2.199,3.408
-9.056,-2.563,3.399
-9.168,-2.474,3.126
-9.566,-2.122,2.759
-10.23,-2.031,2.438
-10.68,-1.988,2.144
-11.29,-2.117,1.787
-11.51,-2.203,1.724
-11.95,-1.825,1.65
-11.42,-1.413,1.157
-11.04,-1.372,1.035
-12.44,2.065,3.791
-12.28,-2.766,-0.9628
-8.385,1.547,0.08622
-8.852,0.5317,-0.5724
-8.847,-0.6706,-1.118
-9.59,-0.5724,-0.6706
-10.21,-1.471,0.1054
-10.91,-0.6179,0.4694
-11.57,-0.8239,0.946
-12.14,-1.418,1.609
-11.9,-2.132,2.503
-11.15,-2.656,3.252
-10.53,-2.721,3.396
-9.975,-2.45,3.255
-9.559,-2.328,3.54
-9.106,-1.923,3.624
-9.206,-1.823,3.485
-9.41,-2.273,3.319
-9.817,-2.189,3.049
-10.44,-2.031,2.692
-11.08,-1.892,2.603
-11.46,-1.868,2.144
-11.77,-1.957,2.311
-11.73,-1.839,2.084
-11.75,-2.213,1.882
-11.06,-1.437,1.478
-10.21,-1.037,0.7592
-9.652,-0.4814,0.194
-8.897,0.4766,-0.4982
-8.56,0.4311,-0.5868
-8.931,0.5628,-0.9652
-9.084,0.4215,-0.7377
-10.03,-0.2251,-0.2994
-10.85,-1.078,0.2539
-11.95,-1.847,1.14
-12.71,-2.172,1.708
-12.65,-2.658,2.57
-12.1,-2.567,2.783
-11.41,-2.218,2.843
-10.81,-2.045,2.932
-9.824,-2.096,3.142
-8.972,-2.321,3.389
-8.756,-2.733,3.382
-8.821,-2.805,3.205
-9.314,-2.577,2.831
-9.774,-2.364,2.517
-10.29,-2.34,2.247
-11.06,-2.122,1.976
-11.85,-1.894,1.856
-12.63,-1.684,1.528
-12.56,-1.456,1.004
-12.82,-1.109,0.8335
-12.24,-0.4048,-0.182
-10.58,-0.9556,0.007185
-8.993,0.05509,0.08143
-8.442,0.5245,-0.08143
-7.781,0.1916,-0.4191
-8.893,0.4167,-0.6634
-9.487,0.07425,-0.08383
-10.74,-0.7353,-0.194
-11.9,-1.394,0.503
-12.63,-2.488,1.166
-12.96,-2.4,1.736
-12.45,-2.4,2.302
-11.97,-2.211,2.373
-11.02,-1.667,2.579
-10.09,-1.693,2.726
-9.163,-2.673,2.965
-8.689,-3.238,2.948
-8.265,-3.832,3.006
-8.933,-3.985,3.023
-9.53,-3.243,2.431
-10.11,-2.697,2.211
-11.35,-2.596,2.361
-12.1,-2.091,2.105
-12.5,-1.832,3.09
-12.6,-1.188,2.259
-12.86,-1.351,1.894
-11.94,-1.126,1.327
-11.11,-0.4551,0.8359
-9.97,-0.02874,0.4718
-8.921,1.372,-0.2084
-8.356,0.8095,-0.5437
-8.713,0.3353,-0.7616
-8.929,-0.4311,-0.2443
-9.839,-0.6826,0.2227
-10.83,-1.547,0.7999
-11.88,-2.017,1.703
-12.82,-1.962,1.722
-12.55,-2.594,2.347
-12.02,-2.486,2.886
-11.39,-2.347,2.778
-10.41,-2.582,3.451
-9.566,-2.088,3.473
-9.293,-2.251,3.482
-8.814,-2.402,3.317
-8.684,-2.975,3.03
-9.283,-2.867,2.833
-10.02,-2.534,2.318
-10.75,-1.985,2.541
-11.54,-1.617,1.971
-11.89,-2.045,2.34
-12.15,-2.024,1.863
-12.18,-2.613,2.184
-12.03,-1.995,1.806
-11.35,-1.806,1.329
-10.36,-1.193,1.035
-9.13,-0.8909,0.7856
-8.399,-0.5652,0.297
-7.813,-0.4574,0.1653
-8.066,-1.004,0.2371
-8.581,-1.032,0.2563
-9.295,-1.296,0.3329
-10.3,-1.959,0.8143
-11.2,-2.4,1.262
-11.85,-2.709,1.758
-12.25,-2.797,2.213
-12.09,-2.632,2.491
-11.35,-2.431,3.106
-11.14,-1.942,2.984
-10.52,-1.978,2.967
-9.029,-2.601,3.487
-8.486,-2.886,3.83
-9.017,-3.284,3.789
-9.46,-2.888,3.502
-10.12,-2.735,3.092
-10.64,-2.256,3.061
-11.05,-2.5,2.714
-11.26,-2.292,2.867
-11.1,-2.333,2.388
-11.12,-2.326,2.395
-11.11,-1.526,1.768
-10.57,-0.5365,1.245
-9.535,-0.1317,0.8359
-8.524,-0.2132,0.4982
-7.995,0.3305,0.07664
-8.773,-0.467,0.06946
-9.008,-0.4814,-0.1772
-9.973,-1.289,0.5604
-10.22,-1.25,0.9844
-10.76,-1.861,1.636
-11.59,-2.402,2.45
-11.81,-2.043,2.697
-10.97,-2.254,3.463
-10.85,-2.735,3.612
-10.25,-2.311,3.928
-9.281,-1.626,4.151
-9.547,-1.095,3.957
-8.986,-1.399,4.134
-8.806,-2.045,4.175
-9.566,-2.306,3.561
-10.2,-2.165,3.312
-10.7,-2.211,3.015
-11.01,-2.314,3.226
-11.38,-1.985,2.826
-11.11,-1.825,2.326
-11.35,-1.118,1.811
-10.15,-0.6443,1.023
-9.784,-2.541,1.753
-8.725,3.329,-0.9724
-7.535,3.547,-2.438
-8.78,0.6802,-1.114
-9.599,-1.14,0.08383
-9.81,-2.371,0.2682
-10.31,-3.559,0.8311
-11.02,-2.39,1.214
-11.4,-2.318,2.009
-11.51,-2.515,2.201
-11.21,-2.026,2.302
-10.59,-1.976,3.137
-9.968,-2.223,3.329
-9.18,-3.226,4.828
-9.844,-2.876,5.317
-9.511,-2.656,3.906
-9.575,-2.084,2.757
-10.47,-2.249,2.96
-10.78,-1.727,3.176
-11.67,-1.954,3.252
-11.36,-2.002,3.399
-11.59,-2.323,2.79
-11.74,-2.338,2.836
-10.7,-1.976,2.127
-10.57,-1.72,1.823
-8.833,-1.006,1.135
-7.017,-0.8981,0.1102
-6.864,-0.6251,-0.6946
-6.79,-0.6682,-0.6898
-7.755,-0.6898,-0.5413
-8.064,-0.5652,-0.2682
-10.81,-1.114,0.3856
-12.71,-1.188,0.8335
-13.31,-2.467,2.328
-12.83,-1.621,2.702
-13.13,-1.159,2.048
-12.54,-1.696,2.127
-10.67,-1.449,2.611
-8.445,-1.439,3.13
-8.114,-2.766,3.564
-8.404,-1.993,2.575
-8.933,-2.002,2.235
-10.48,-1.732,2.105
-10.93,-1.765,1.485
-12.41,-2.294,1.562
-12.74,-0.8526,1.02
-12.71,-0.8981,0.752
-12.68,-0.5532,0.2802
-12.2,-0.1509,-0.2203
-11.11,0.6874,-1.152
-9.748,1.152,-1.691
-8.953,1.921,-1.605
-9.015,2.496,-2.419
-9.206,1.128,-1.954
-10,0.8119,-1.602
-11.5,-0.8383,-0.4311
-13,-0.5365,1.31
-13.21,-0.8622,1.586
-12.84,-1.363,2.443
-11.89,-0.8862,2.462
-10.85,-1.542,2.596
-9.685,-2.184,2.723
-8.684,-3.468,2.819
-8.064,-3.887,3.406
-8.131,-4.069,3.391
-9.42,-3.075,3.161
-10.66,-2.304,2.896
-11.49,-2.153,2.888
-12.58,-1.451,2.448
-12.95,-1.336,2.041
-12.74,-0.3904,2.646
-12.37,0.5461,1.274
-12.15,0.9149,0.01916
-10.07,1.906,-1.121
-9.82,0.4095,-2.158
-8.718,1.952,-2.766
-9.139,1.444,-2.726
-9.441,1.396,-1.545
-10.57,0.8239,-0.9269
-11.86,-0.02156,-0.103
-13.18,-1.006,1.621
-13.49,-1.037,2.014
-12.52,-0.6179,1.842
-12.57,-0.5437,2.467
-11.91,-1.348,2.455
-12.5,-3.54,3.427
-11.86,-3.564,3.446
-10.3,-3.176,3.727
-11.65,-2.611,2.721
-11.4,-1.487,2.361
-11.67,0.8862,1.43
-12.33,1.039,1.368
-13.64,2.982,0.06706
-13.25,2.601,0.1221
-12.62,4.273,0.9077
-12.38,7.084,-1.19
-11.28,6.562,-1.327
-10.06,4.282,-0.8718
-9.647,2.215,-0.3545
-8.624,-0.04072,0.1605
-8.126,-0.7951,1.442
-6.776,-1.938,2.038
-6.256,-2.831,1.54
-7.441,-4.043,2.584
-7.796,-3.504,3.073
-8.1,-3.911,3.597
-7.262,-3.621,3.892
-7.784,-3.506,4.524
-7.822,-2.385,4.946
-7.666,-3.37,5.899
-8.193,-2.534,6.15
-7.734,-0.558,4.325
-7.29,-1.394,3.37
-7.681,-1.981,2.642
-7.523,-1.638,2.208
-9.02,-1.506,1.528
-9.891,-1.892,2.182
-10.93,-1.466,1.614
-12.41,-2.965,0.6898
-7.944,-2.548,1.025
-8.191,-3.815,1.233
-9.518,-4.91,1.415
-10.3,-4.177,1.13
-10.42,-3.09,0.8239
-9.877,-3.207,1.518
-10.05,-3.547,1.863
-10.19,-3.425,1.451
-9.769,-3.602,1.135
-9.705,-3.272,0.479
-10.25,-3.528,0.3137
-9.982,-4.012,0.467
-8.538,-3.466,0.4335
-7.492,-2.91,0.7616
-7.561,-2.773,0.843
-7.549,-2.915,0.4646
-8.749,-2.948,-0.2227
-9.841,-2.529,-1.437
-10.47,-2.807,-2.115
-9.118,-3.023,-1.818
-10.71,-2.563,-3.437
-12.78,-2.845,-4.728
-15.24,-5.082,-3.284
-6.51,-6.522,3.281
-7.343,-4.402,7.398
-6.783,0.6323,0.9796
-10.01,-0.2491,-0.7664
-10.45,0.4958,0.1317
-9.729,-3.02,2.244
-9.072,-3.365,3.358
-8.019,-3.408,4.163
-5.705,-4.024,3.451
-4.493,-4.546,3.161
-11.31,-5.71,3.178
-17.96,-5.894,2.857
-16.52,-3.054,1.696
-13.8,-0.2587,2.819
-10.55,-0.855,3.516
-8.962,-0.9269,3.257
-8.845,-1.461,2.335
-10.18,1.566,0.9269
-12.13,4.268,-2.601
-10.09,8.229,-5.006
-6.632,5.216,-0.2012
-10.73,5.6,-1.118
-20.02,1.741,-2.62
-18.3,-1.791,2.065
-15.48,-0.9915,4.814
-13.72,-0.9197,2.16
-11.51,-3.935,2.352
-9.915,-5.566,2.699
-8.514,-6.677,3.039
-7.432,-7.041,2.915
-7.046,-5.726,2.457
-6.694,-4.764,2.702
-7.676,-4.153,2.393
-11.56,-4.907,2.548
-15.7,-4.654,2.292
-17.33,-4.014,2.213
-17.42,-2.187,1.791
-16.67,0.4383,-0.4814
-13.54,0.6922,-0.4
-11.63,3.298,-1.305
-8.749,2.845,-1.068
-8.536,5.298,-2.5
-8.062,4.994,-2.836
-8.399,1.794,-1.856
-9.585,0.6586,-0.6706
-14.17,-2.532,-0.194
-17.13,-2.975,0.8023
-15.83,-2.639,2.69
-9.877,-1.583,2.884
-11.99,-1.842,2.821
-13,-2.036,2.62
-10.1,-2.867,2.802
-8.644,-2.781,2.888
-7.389,-3.219,3.552
-6.696,-3.928,4.007
-7.717,-3.557,3.978
-10.01,-3.315,3.228
-11.01,-2.706,2.443
-12.08,-2.491,2.247
-13.69,-2.112,2.232
-12.7,-1.962,1.806
-13.72,-1.777,1.312
-14.21,-0.6898,0.05269
-11.18,0.1006,-0.6371
-10.26,-2.369,-0.2611
-8.955,-1.123,-1.665
-7.441,3.904,-3.652
-6.96,2.28,-2.601
-8.361,4.598,-2.673
-12.45,1.744,-1.341
-15.16,-0.273,0.6898
-16.37,-2.5,3.231
-11.86,-1.99,3.684
-11.94,-2.46,3.468
-14.7,-2.654,2.999
-11.31,-2.553,2.74
-8.265,-2.625,2.91
-7.252,-2.706,3.602
-7.319,-3.873,3.851
-8.62,-3.815,3.605
-9.309,-3.082,3.157
-10.95,-2.635,2.917
-12.27,-2.522,2.505
-15.2,-2.326,1.875
-11.68,-1.296,1.571
-11.42,-1.375,1.159
-13.13,-1.169,0.5844
-12.58,-1.847,0.1796
-11.46,-4.215,0.02395
-10.31,0.3784,-2.242
-8.026,1.394,-1.76
-6.167,3.248,-1.557
-6.821,2.833,-1.293
-9.616,2.512,-1.087
-13.02,0.6514,-0.1868
-16.47,-1.054,0.5844
-16.46,-1.356,2.594
-13.82,-2.397,4.064
-13.6,-2.251,3.537
-11.36,-2.033,3.487
-9.671,-1.938,3.636
-8.802,-2.338,3.964
-8.038,-3.554,4.68
-7.724,-3.846,4.838
-8.316,-3.205,4.179
-9.741,-2.742,3.516
-11.87,-2.361,2.757
-12.83,-2.093,2.376
-14.73,-2.378,2.376
-12.66,-1.674,2.172
-12.06,-1.926,1.897
-14.79,-1.808,1.147
-14.26,-0.5556,-0.3257
-9.913,-0.1293,-0.503
-7.729,0.2658,-0.4048
-6.158,0.376,-0.5556
-7.106,1.312,-1.447
-7.434,0.7856,-1.588
-8.596,-0.2515,-0.4048
-10.59,-2.287,0.8694
-13.29,-2.718,1.324
-17.71,-3.209,2.256
-13.27,-2.821,3.425
-9.305,-2.237,2.594
-13.42,-1.334,1.849
-12.57,-0.9412,2.975
-9.635,-1.157,4.258
-8.258,-1.983,5.293
-7.554,-3.37,5.705
-7.908,-3.547,4.843
-8.869,-2.694,3.767
-10.32,-2.242,3.049
-12.45,-1.581,2.551
-13.7,-1.123,2.213
-15.2,-0.4622,1.978
-11.47,-1.044,1.368
-12.25,-1.916,1.195
-13.38,-1.53,-0.1605
-11.58,-3.231,0.3377
-9.503,-0.9029,-0.376
-6.986,0.958,-1.104
-6.256,1.054,-1.504
-5.93,2.757,-2.936
-7.745,0.4982,-1.736
-10.44,-0.00479,-0.7688
-14.72,-1.322,0.8694
-18.99,-2.649,2.505
-14.77,-2.771,4.182
-9.717,-2.589,4.004
-11.78,-2.259,3.411
-12.19,-1.674,3.197
-9.683,-2.074,3.54
-8.313,-2.098,4.395
-7.429,-3.3,4.927
-8.215,-3.724,4.812
-9.429,-2.96,4.091
-10.7,-2.587,3.473
-12.4,-2.692,2.572
-14.33,-2.486,1.684
-14.35,-0.7065,2.074
-11.22,0.1437,1.334
-12.23,-0.3473,-0.2179
-13.78,-0.6083,-1.097
-11.22,0.6993,-2.441
-7.178,-0.5748,-2.215
-6.728,-0.09341,-1.799
-7.25,0.5604,-2.088
-8.433,0.00479,-2.45
-9.424,-0.2922,-1.236
-10.99,-1.284,-0.1006
-12.65,-1.95,0.5221
-14.83,-2.52,1.554
-15.12,-2.635,3.43
-9.853,-2.225,3.93
-10.3,-2.354,3.921
-12.19,-2.005,4.158
-9.544,-2.488,4.012
-8.122,-2.378,4.186
-7.75,-2.781,5.097
-8.27,-3.42,4.67
-9.726,-2.896,4.182
-10.69,-2.453,3.523
-11.61,-2.493,2.987
-12.52,-2.026,2.402
-13.01,-2.156,2.153
-14.06,-2.129,1.763
-11.69,-1.368,1.13
-11.4,-1.365,0.5389
-12.95,-1.236,-0.1844
-10.69,-0.6467,-1.001
-7.614,1.564,-2
-5.532,1.703,-1.53
-6.277,2.697,-2.345
-8.354,1.401,-2.668
-10.54,-0.6874,-0.9796
-13.81,-1.832,0.182
-16.09,-2.845,1.612
-19.41,-2.881,2.888
-14.43,-2.172,3.686
-9.149,-2.266,4.1
-11.45,-2.225,4.069
-11.23,-2.955,4.414
-9.046,-3.712,4.294
-7.815,-3.391,4.895
-7.738,-3.631,5.178
-8.122,-3.652,4.448
-9.633,-2.903,3.279
-10.9,-2.613,2.4
-12.45,-2.373,1.954
-14.96,-2.108,1.77
-15.81,-1.787,1.475
-16.05,-1.233,1.123
-12.04,-0.1413,0.1748
-11.65,-0.6682,-0.08383
-11.57,0.9844,-1.894
-7.901,1.825,-2.1
-6.27,1.389,-1.569
-6.627,1.542,-1.89
-8.232,0.2563,-1.933
-10.59,-0.7999,-1.286
-11.99,-2.175,0.2539
-13.4,-2.872,1.83
-14.12,-2.596,1.83
-17.37,-3.722,2.79
-12.81,-3.195,3.674
-7.717,-3.243,3.585
-9.92,-2.599,4.069
-11.02,-2.704,3.54
-9.4,-3.408,3.621
-8.251,-2.546,3.832
-7.686,-3.063,3.985
-8.507,-2.934,3.315
-9.803,-2.726,2.79
-10.85,-2.268,2.503
-13.05,-2.103,2.201
-13.62,-1.655,1.962
-13.4,-1.473,1.741
-13.57,-1.339,0.6634
-12.59,-1.071,0.06227
-10.94,-0.6179,-0.8742
-9.221,-0.9317,-0.8526
-6.912,1.231,-1.406
-6.433,0.6251,-1.468
-7.599,0.7233,-2.079
-8.835,-0.1485,-1.607
-10.43,-1.09,-0.503
-12.92,-1.691,0.3018
-14.55,-1.906,1.293
-15.2,-2.524,2.496
-12.94,-2.148,3.305
-8.517,-2.007,3.339
-11.15,-2.347,3.454
-12.16,-2.793,3.933
-9.623,-2.922,3.578
-7.769,-1.923,3.545
-7.377,-2.23,4.028
-8.236,-2.819,3.669
-9.503,-2.896,3.142
-10.09,-2.742,2.936
-10.66,-2.594,2.474
-12.29,-2.464,2.069
-14.25,-2.156,1.193
-12.77,-1.681,0.8502
-12.07,-1.372,0.5485
-12.32,-0.4287,-0.4622
-11.92,-0.6946,-1.174
-9.491,0.5988,-1.854
-8.038,1.03,-1.53
-7.865,1.047,-1.535
-8.026,2.112,-2.646
-8.993,1.004,-1.492
-10.79,-0.2132,0.17
-14.18,-1.111,0.6347
-16.25,-2.009,1.59
-16.54,-2.165,2.548
-11.13,-1.775,2.682
-9.214,-2.517,2.805
-11.81,-2.898,3.116
-10.81,-3.298,3.126
-8.538,-2.496,3.092
-7.389,-2.702,3.94
-7.168,-3.547,4.095
-8.421,-3.449,3.76
-9.329,-2.795,3.286
-11.54,-2.785,3.073
-14.38,-2.488,2.821
-16.47,-2.448,2.373
-16.65,-1.164,1.612
-12.66,-0.5844,0.8718
-12.15,-1.339,0.5269
-13.69,-1.044,-0.5556
-11.72,-1.109,-1.312
-8.555,1.722,-2.512
-6.344,1.911,-2.091
-6.399,1.923,-2.098
-7.722,0.9365,-2.635
-9.377,-0.3233,-1.36
-11.79,-1.667,-0.3952
-14.32,-2.1,0.4024
-17.03,-2.582,1.686
-16.86,-3.269,2.702
-12.9,-3.49,3.909
-12.08,-3.353,5.214
-10.31,-2.632,4.448
-8.783,-3.097,4.06
-8.399,-2.84,4.069
-8.131,-3.425,4.44
-8.548,-3.461,4.392
-9.161,-2.975,3.901
-9.781,-2.771,3.468
-10.72,-2.486,2.857
-12.12,-2.373,2.417
-14.03,-2.235,2.045
-16.04,-1.796,1.868
-13.37,-0.9101,1.004
-11.11,0.2323,-0.17
-10.91,-0.6946,-0.3137
-9.171,-0.04072,-1.317
-7.657,1.164,-2.601
-7.343,0.1916,-1.705
-7.765,1.808,-2.436
-8.665,0.06946,-2.117
-10.4,-0.5365,-1.217
-11.6,-1.665,-0.02395
-14.15,-2.141,0.673
-17.26,-2.716,1.686
-15.41,-2.371,2.555
-9.468,-2.132,2.821
-9.935,-2.373,4.553
-11.46,-2.9,4.392
-9.769,-3.324,4.819
-8.04,-1.945,5.784
-7.717,-2.304,5.772
-8.957,-2.548,4.5
-9.676,-2.371,3.499
-10.59,-2.52,2.929
-11.98,-2.268,2.33
-13.62,-2.227,2.076
-16.11,-1.993,2.136
-12.41,-0.9269,1.073
-9.994,-1.48,0.5317
-13.18,-1.423,0.06946
-11.52,-0.8502,-1.02
-8.213,1.188,-1.796
-6.39,1.878,-1.717
-6.936,1.502,-1.636
-8.201,0.7209,-2.275
-10.15,-0.05748,-1.559
-11.82,-0.9101,0.0479
-12.91,-1.619,0.9053
-16.09,-1.978,0.9724
-17.22,-2.009,1.533
-13.36,-2.836,3.612
-7.571,-2.785,4.215
-9.951,-3.468,4.33
-10.52,-4.352,4.464
-9.424,-3.746,4.558
-8.157,-1.221,4.278
-8.15,-1.413,4.163
-8.73,-2.191,3.674
-9.523,-2.299,2.817
-10.26,-2.864,2.625
-12.55,-2.788,2.366
-14.12,-2.419,2.393
-13.73,-1.657,2.235
-12.75,-1.253,1.114
-13.51,-1.128,0.3066
-13.66,-0.6562,-0.8023
-10.74,-0.9915,-0.843
-8.019,0.9772,-1.53
-6.941,1.051,-1.011
-7.417,0.4622,-1.207
-8.349,0.03593,-1.844
-9.578,-0.6778,-1.106
-10.24,-1.542,-0.05269
-11.94,-2.179,0.4574
-14.23,-1.801,1.049
-13.58,-2.227,1.93
-11.49,-2.735,3.109
-11.48,-2.373,3.207
-12.53,-2.455,3.389
-10.23,-2.905,3.901
-8.383,-2.481,4.273
-7.956,-2.651,3.952
-8.28,-3.296,3.717
-9.101,-3.413,3.415
-9.599,-2.955,3.411
-9.741,-2.529,3.248
-10.79,-2.649,3.219
-13.11,-2.441,2.912
-14.05,-2.565,2.967
-14.16,-1.289,1.93
-12.27,-0.8143,1.253
-11.62,-0.1317,0.6131
-9.726,-0.2347,-0.04551
-7.391,1.097,-1.296
-6.914,0.558,-1.068
-7.595,0.1221,-1.03
-9.113,0.1006,-1.854
-9.65,-0.8694,-1.535
-10.68,-1.128,-0.9484
-13.38,-2.311,-0.4862
-15.55,-2.546,-0.03832
-15.95,-3.193,1.162
-11.77,-2.79,1.859
-10.82,-3.322,2.84
-12.16,-3.748,2.783
-10.35,-3.734,2.328
-8.361,-3.133,2.419
-8.028,-3.437,2.876
-8.112,-4.591,3.31
-8.031,-4.759,3.461
-8.045,-4.402,3.418
-10.03,-4.153,3.475
-12.94,-3.808,3.142
-14.18,-2.932,2.783
-13.45,-1.248,2.163
-14.04,-1.008,1.894
-15.32,-0.7904,0.8718
-13.27,-0.3161,-0.007185
-10.72,-0.02874,-0.6778
-6.931,1.238,-0.8263
-8.203,2.843,-3.159
-8.095,4.016,-4.321
-9.757,1.923,-2.599
-10.44,-0.4215,-0.0503
-13.03,-1.059,0.05988
-15.52,-1.674,0.4646
-15.7,-2.426,1.868
-13.86,-2.151,2.45
-10.87,-1.835,2.876
-11.62,-2.692,4.282
-10.44,-2.388,4.206
-8.404,-1.492,3.36
-7.856,-2.213,4.1
-7.987,-3.49,4.38
-8.929,-3.576,4.105
-9.726,-2.594,3.612
-9.575,-2.603,3.461
-11.49,-2.448,3.327
-13.5,-2.443,2.613
-15.76,-2.831,2.522
-13.83,-1.188,1.262
-13.84,1.001,-0.2635
-11.3,1.219,-1.691
-8.344,1.911,-2.232
-6.531,1.377,-1.871
-7.231,1.997,-2.781
-8.112,0.8454,-3.039
-9.906,-0.5077,-1.6
-11.89,-1.018,0.2706
-12.98,-1.317,1.638
-14.13,-1.3,1.839
-14.11,-0.9867,2.754
-10.85,-1.198,4.072
-8.95,-1.408,3.001
-11.63,-2.639,3.89
-10.81,-2.512,4.936
-8.253,-2.045,3.981
-7.065,-1.471,3.875
-8.064,-1.667,3.832
-9.508,-2.651,3.566
-10.22,-2.685,3.636
-10.35,-2.057,3.26
-11.76,-2.39,3.346
-15.18,-2.273,2.819
-13.84,-1.298,1.847
-9.532,-0.3545,0.7592
-9.144,-0.04311,0.2395
-12.66,-1.408,-0.06227
-11.94,-0.4311,-1.392
-8.809,0.00479,-1.866
-7.005,0.3521,-1.286
-7.489,0.764,-1.176
-8.751,0.1653,-1.823
-10.06,-0.5892,-0.8598
-11.02,-1.353,0.3808
-13.17,-1.873,0.6275
-15.07,-1.837,1.229
-13.59,-2.766,4.04
-10.61,-2.723,4.565
-9.444,-2.182,3.176
-11.18,-2.177,3.636
-10.25,-2.249,4.46
-8.007,-1.744,3.645
-7.35,-1.497,3.183
-7.963,-2.318,3.482
-9.151,-2.714,3.243
-9.788,-2.517,3.061
-10.33,-2.855,3.118
-11.71,-2.608,3.008
-13.61,-2.338,2.644
-14.18,-1.499,2.244
-10.78,-0.2251,0.9772
-10.24,0.3018,0.2515
-13.87,-1.624,0.4263
-12.01,0.4766,-0.8933
-8.045,0.7856,-1.006
-6.505,0.6514,-0.3233
-7.041,0.8215,-0.7377
-8.735,0.3018,-1.518
-10.17,-0.6754,-0.7257
-10.61,-1.882,0.4622
-12.67,-2.453,0.6227
-15.52,-2.292,0.8646
-13.28,-2.783,2.764
-8.136,-2.302,3.437
-9.994,-3.111,3.401
-12.99,-3.502,3.83
-10.41,-2.745,3.861
-8.014,-1.777,3.815
-7.611,-2.06,4.131
-8.09,-2.829,3.957
-9.336,-3.154,3.779
-9.834,-3.07,3.794
-9.956,-2.637,3.53
-11.91,-2.69,3.205
-13.66,-2.215,2.632
-13.4,-1.322,1.753
-10.3,-0.8359,1.001
-11.2,-1.245,0.5964
-13.92,-1.631,-0.4024
-11.99,-1.763,-0.7808
-8.909,1.317,-2.112
-5.918,0.5461,-0.9867
-6.174,0.7233,-0.8478
-7.693,0.6107,-1.873
-8.919,-0.467,-1.14
-10.5,-1.198,0.002395
-13.57,-2.524,0.5868
-16.01,-2.8,1.42
-13.49,-3.109,3.176
-10.1,-2.92,2.97
-11.55,-2.656,2.539
-13.51,-2.886,3.463
-10.77,-2.041,3.648
-8.241,-2.031,4.206
-7.659,-2.819,4.771
-8.275,-3.832,4.905
-9,-3.319,4.428
-9.611,-2.445,3.779
-11.73,-2.294,3.765
-13.88,-1.904,3.003
-14.38,-1.478,2.072
-11.76,-0.6323,1.437
-12.06,-0.4551,-0.05748
-14.93,-0.9293,-1.473
-11.81,-1.521,-1.677
-8.874,0.5748,-2.33
-6.498,0.2299,-1.142
-6.416,1.882,-1.732
-7.46,0.5461,-2.793
-8.854,-1.133,-2.141
-10.31,-2.179,-0.4311
-13.87,-2.749,0.5221
-14.58,-2.979,1.638
-12.27,-3.308,3.3
-11.8,-2.302,2.927
-13.14,-2.129,3.763
-10.88,-1.624,4.785
-9.137,-0.697,4.371
-8.684,-1.226,5.159
-8.924,-2.218,5.564
-9.582,-2.845,5.3
-9.681,-2.524,4.618
-9.518,-2.227,3.894
-11.26,-2.148,3.188
-13.06,-1.921,2.486
-14.17,-1.442,1.973
-14.19,-0.8478,1.004
-10.96,-0.5269,0.297
-9.563,-1.772,0.6371
-10.56,-1.662,-0.1293
-9.161,-1.744,-1.993
-8.663,0.3329,-4.153
-6.936,1.37,-2.807
-7.386,0.7999,-1.574
-8.706,-0.2203,-1.509
-9.712,-1.7,-0.2706
-11.72,-2.843,1.562
-14.02,-2.632,0.958
-15.95,-2.807,1.775
-12.01,-2.474,3.961
-9.489,-1.741,3.719
-12.05,-1.782,4.584
-11.27,-1.526,5.607
-9.369,-1.449,4.134
-8.251,-1.255,4.373
-8.361,-2.23,4.709
-9.355,-2.881,4.483
-9.87,-2.642,4.103
-10.43,-2.048,3.564
-10.64,-1.528,2.728
-11.6,-1.224,2.076
-13.91,-1.154,1.777
-12.83,-0.9005,0.9724
-9.954,-1.039,0.06946
-11.44,-2.326,0.376
-12.01,-0.867,-1.071
-8.804,0.376,-2.783
-6.354,0.3257,-2.699
-5.758,0.2371,-1.636
-7.288,-0.2515,-1.624
-9.058,-1.013,-1.066
-10.88,-1.72,-0.07425
-14.12,-1.748,-0.6586
-18.81,-2.587,0
-11.1,-2.709,3.31
-5.446,-2.496,4.622
-8.076,-2.752,4.036
-14.07,-4.9,4.5
-13.2,-2.196,2.754
-9.096,-0.388,2.728
-6.934,-0.0958,4.328
-7.592,-1.284,4.122
-8.96,-2.441,3.696
-9.93,-3.363,3.657
-10.3,-3.142,3.291
-12.9,-2.462,2.826
-13.82,-1.454,2.158
-11.7,-0.9484,1.624
-8.78,-1.118,1.214
-11.22,-1.53,0.5892
-15.78,-2.191,-0.2443
-12.38,-1.885,-1.023
-8.258,0.7472,-2.268
-5.822,0.4311,-2.8
-6.562,1.487,-3.595
-8.136,0.3952,-3.612
-10.32,-1.13,-2.043
-12.42,-1.966,-0.4191
-14.04,-2.354,1.063
-14.5,-2.285,2.043
-12.86,-1.964,2.831
-9.973,-1.49,3.308
-8.191,-1.138,2.979
-10.84,-2.127,3.123
-13.68,-2.366,4.608
-10.32,-2.156,3.87
-7.017,-1.712,3.973
-6.922,-1.614,3.799
-8.256,-2.623,3.149
-9.853,-2.814,2.982
-10.64,-2.359,2.788
-11.86,-1.811,2.613
-13.23,-1.739,2.393
-14.09,-1.562,2.029
-12.04,-1.044,1.451
-10.06,-0.2778,0.3066
-11.87,-0.5293,-0.3593
-11.69,-0.9963,-0.7113
-8.27,-0.2587,-1.684
-6.474,-0.4503,-1.444
-6.486,-0.2515,-0.9939
-8.09,-0.6538,-1.399
-9.65,-1.466,-1.37
-10.7,-2.103,-0.1269
-10.81,-2.024,0.7928
-12.84,-2.199,1.205
-14.96,-2.127,1.126
-13.72,-2.726,2.757
-11.49,-2.627,3.719
-7.513,-2.024,3.602
-8.38,-1.902,3.6
-11.67,-1.964,4.345
-9.817,-2.045,3.343
-7.458,-2.062,3.3
-7.719,-2.29,3.822
-8.847,-2.948,3.681
-9.606,-2.474,3.013
-10.39,-2.1,2.946
-11.2,-1.483,2.203
-14.73,-2.163,2.361
-14.58,-1.562,1.796
-11.07,-1.322,1.291
-11.39,-0.3856,-0.04551
-13.38,-0.7712,-0.06706
-11.38,0.1221,-1.612
-7.712,0.7377,-2.134
-6.308,-0.2706,-0.843
-7.312,0.2275,-1.327
-7.92,-0.2946,-1.847
-9.832,-0.9436,-1.171
-11.05,-1.703,0.007185
-11.9,-2.52,1.087
-13.96,-2.115,1.564
-14.67,-1.466,1.315
-12.18,-1.849,2.438
-8.402,-1.339,3.365
-7.051,-2.218,2.915
-12.44,-3.672,3.593
-13.05,-2.151,2.788
-8.351,-1.566,2.795
-6.34,-1.43,3.662
-7.281,-2.716,3.535
-9.106,-3.358,3.025
-9.961,-3.085,3.02
-9.98,-1.849,2.896
-11.05,-2.067,2.596
-12.87,-2.481,2.385
-12.73,-2.026,1.947
-10.35,-0.5532,0.5245
-10.25,-1.209,0.7951
-12.84,-1.073,-0.7233
-11.41,-0.7329,-2.057
-8.299,-0.5988,-1.686
-7.52,0.8191,-1.509
-8.359,1.791,-2.385
-8.66,0.5006,-2.776
-10.14,-0.3281,-1.691
-10.75,-1.061,-0.6802
-10.65,-1.485,0.103
-14.3,-1.88,0.8335
-16.82,-2.738,1.36
-11.81,-3.422,2.517
-7.144,-2.694,3.051
-9.511,-3.137,3.178
-14.18,-4.414,3.981
-10.57,-2.8,3.595
-6.572,-1.744,3.169
-6.239,-2.254,4.002
-7.856,-2.769,3.099
-10.15,-3.37,3.118
-11.71,-2.948,3.082
-12.07,-2.002,2.414
-14.07,-2.117,2.517
-14.94,-3.049,2.457
-11.04,-1.894,1.267
-11.44,0.3329,-0.6538
-14.51,0.3425,-1.243
-12.19,-1.815,-1.317
-9.202,-1.099,-1.284
-7.137,-1.411,-1.303
-6.579,-0.4551,-1.516
-7.887,-0.7065,-2.134
-7.853,-1.928,-1.315
-8.809,-1.569,-0.08862
-10.66,-1.6,0.5197
-12.88,-1.605,0.8574
-13.39,-2.196,2.567
-9.867,-2.227,3.978
-10.19,-2.395,3.147
-14.73,-2.026,4.376
-12.98,-0.6874,5.077
-9.288,-0.1844,4.34
-7.377,0.661,4.577
-7.492,-0.8239,4.644
-8.957,-2.618,4.665
-10.1,-3.331,4.354
-10.34,-3.015,4.091
-10.94,-2.072,3.406
-11.78,-1.48,2.611
-14.44,-1.241,2.335
-13.19,-0.8071,1.523
-10.54,-1.188,0.1892
-13.25,-1.744,-0.2802
-11.91,-1.392,-1.255
-8.608,-0.5053,-1.552
-5.659,0.01677,-0.5389
-5.552,0.4095,0.03593
-7.108,-0.752,-0.6538
-8.802,-1.497,-1.32
-9.681,-1.856,-0.3137
-11.08,-1.885,0.9484
-13.42,-1.744,1.3
-14.01,-2.414,3.094
-12.06,-2.867,4.905
-9.697,-2.972,4.555
-10.78,-2.584,3.801
-11.16,-1.746,3.724
-9.786,-1.665,4.124
-7.913,-1.873,4.574
-7.575,-1.966,4.304
-8.737,-2.397,3.688
-9.645,-2.74,3.351
-9.911,-2.544,3.274
-10.63,-2.191,3.006
-11.77,-1.66,2.503
-12.17,-1.382,2.017
-11.81,-1.502,1.839
-10.17,-1.303,1.454
-11.01,-0.7951,0.6874
-12.42,-1.277,0.06706
-10.46,-0.582,-0.3616
-6.514,0.3161,-1.193
-4.886,-0.97,-0.4766
-7.583,-0.2179,-1.775
-10.07,-0.7568,-2.433
-11.67,-1.502,-1.571
-12.12,-2.29,-0.08862
-14.06,-1.847,0.4766
-15.99,-1.873,1.506
-13.6,-2.639,3.818
-7.844,-2.031,4.055
-5.928,-0.7305,2.661
-12.15,-1.629,3.964
-14.72,-1.835,5.013
-8.538,-1.657,3.612
-5.13,-1.171,4.404
-6.785,-0.7137,3.343
-9.278,-2.249,2.893
-11.61,-2.505,2.57
-11.55,-2.136,2.211
-11.89,-1.001,1.791
-13.77,-1.09,1.712
-14.94,-1.969,1.82
-11.65,-2.084,1.066
-11.69,-1.83,0.4359
-13.36,-0.8766,-0.1605
-10.8,-0.1174,-1.552
-8.737,0.388,-2.057
-6.804,1.375,-2.024
-6.574,0.6179,-1.377
-6.938,0.4934,-1.897
-8.778,-1.095,-1.277
-10.73,-1.875,-0.2874
-13,-2.453,0.7401
-14.16,-2.728,0.9987
-14.3,-2.287,1.296
-14.85,-2.476,2.735
-12.43,-2.541,4.325
-10.39,-2.795,4.78
-9.41,-1.617,4.783
-8.95,-1.08,3.707
-8.648,-1.382,3.111
-8.653,-2.462,4.119
-8.943,-3.104,5.13
-9.693,-2.869,5.868
-9.81,-1.842,4.927
-11.06,-1.154,3.571
-12.04,-1.102,2.587
-12.67,-1.722,2.328
-13.27,-1.976,2.211
-13.17,-1.648,1.83
-12.4,-1.269,1.3
-10.08,-0.5916,0.3664
-11.53,-0.982,-0.07664
-11.83,-0.2706,-1.138
-8.806,-0.5293,-1.303
-6.143,0.1221,-1.892
-5.7,-0.05988,-1.803
-7.044,-0.7041,-1.449
-10.14,-1.782,-0.9221
-11.02,-2.587,0.1892
-11.68,-3.485,1.554
-13.66,-3.178,1.617
-15.09,-2.472,1.341
-12.82,-2.124,2.908
-8.533,-0.6443,3.734
-11.31,-1.825,4.929
-11.85,-1.708,5.829
-9.204,-2.419,4.79
-7.135,-2.388,4.898
-7.384,-2.594,4.625
-8.833,-2.704,4.136
-10.15,-2.06,3.909
-9.796,-2.167,3.741
-10.15,-2.1,3.602
-12.84,-2.141,3.14
-14.61,-2.369,2.817
-12.81,-2.041,2.254
-9.453,-0.879,0.6227
-12.79,-0.7137,-0.5006
-14.07,-0.4072,-1.039
-10.48,-1.557,-0.8694
-7.422,-0.0982,-1.612
-6.313,0.5509,-1.547
-7.166,-0.3976,-0.9508
-8.984,-0.8933,-1.253
-9.211,-1.722,-0.388
-9.618,-1.976,0.7688
-11.34,-2.079,0.9077
-12.94,-2.242,0.7544
-12.8,-2.57,1.753
-10.78,-2.704,3.054
-9.036,-2.62,2.888
-12.37,-2.661,2.92
-14.37,-2.728,4.706
-10.7,-1.789,4.598
-7.602,-0.9005,4.433
-7.41,-0.6682,4.488
-8.538,-1.557,3.992
-9.719,-2.524,3.961
-9.879,-2.338,3.731
-10.04,-1.964,3.521
-12.16,-1.847,3.439
-13.98,-1.542,2.814
-13.51,-0.7784,1.597
-10.45,-0.07904,-0.1629
-12.34,-1.142,-0.4048
-12.27,-1.928,-0.4551
-10.79,-0.8383,-1.061
-7.901,-0.2635,-1.657
-6.831,0.4694,-1.65
-7.573,0.879,-1.966
-8.318,-0.3664,-1.638
-9.487,-1.205,-0.685
-9.975,-1.43,0.1629
-10.89,-1.564,0.6682
-12.38,-1.794,0.9029
-15.22,-1.686,1.202
-14.51,-1.878,1.985
-10.8,-2.215,3.818
-7.829,-2.469,3.813
-10.72,-3.485,3.351
-13.25,-2.462,3.593
-8.989,-1.305,3.602
-6.088,-1.207,4.057
-7.072,-0.8598,3.6
-9.264,-2.306,3.284
-11.26,-3.566,3.183
-11.08,-2.637,3.308
-9.918,-1.348,3.315
-10.88,-0.7401,2.704
-13.24,-1.48,2.158
-13.84,-1.006,1.272
-9.779,0.2994,0.06706
-8.21,-0.17,0.194
-11.98,-0.879,-0.1653
-11.54,-0.1413,-1.296
-8.282,-1.03,-1.32
-6.809,0.1581,-0.9628
-7.532,0.3233,-0.9077
-9.463,-0.7089,-0.9963
-10.72,-1.31,-0.2611
-10.9,-1.93,0.9652
-11.56,-1.878,0.8646
-13.04,-1.662,0.7329
-13.33,-1.6,1.823
-10.34,-2.4,3.298
-7.075,-2.51,3.633
-7.659,-2.235,2.802
-11.81,-2.453,2.963
-11.75,-1.732,2.757
-8.366,-2.05,3.521
-6.993,-1.394,3.885
-8.086,-1.581,3.478
-9.434,-1.851,2.721
-10.01,-2.187,2.704
-9.791,-1.95,2.757
-10.52,-2.05,2.807
-12.45,-2.076,2.63
-12.65,-1.54,1.818
-8.759,0.1269,0.03114
-8.313,-0.4287,0.3449
-13.14,-1.183,-0.1677
-11.39,-2.055,-0.7257
-8.44,-1.796,-0.9029
-7.123,0.002395,-0.9005
-8.208,-0.17,-0.9484
-9.614,-0.4215,-1.633
-9.958,-1.523,-0.6227
-10.16,-1.983,0.1006
-9.999,-1.945,0.4072
-12.3,-2.144,0.5461
-14.76,-2.115,1.31
-11.97,-2.86,3.334
-7.738,-2.73,4.646
-5.164,-1.427,3.226
-7.877,-0.9748,1.633
-16.75,-2.282,2.836
-13.41,-1.061,1.626
-5.925,-2.759,4.215
-5.93,-0.7065,4.917
-7.061,-1.878,3.075
-9.369,-2.862,2.409
-11.32,-2.97,2.481
-10.54,-2.378,2.503
-10.16,-1.947,2.457
-12.68,-1.49,2.261
-12.37,-0.7353,0.8215
-8.83,-0.8023,0.1964
-10.84,-1.518,-0.07185
-14.16,-1.157,-1.135
-9.135,-2.28,-0.7353
-6.696,-0.6299,-1.174
-6.699,-0.2203,-1.111
-7.944,0.3042,-2.026
-9.654,-0.4072,-2.429
-9.918,-1.243,-1.303
-11.28,-1.717,-0.6347
-13.69,-2.244,0.00479
-15.75,-2.481,1.008
-13.2,-2.721,2.932
-9,-2.414,2.951
-9.396,-1.882,2.426
-13.09,-1.763,3.082
-11,-2.232,3.94
-7.954,-2.294,4.194
-6.797,-1.95,4.73
-7.381,-2.714,4.615
-9.441,-2.484,4.028
-10.78,-2.196,3.626
-11.61,-1.626,2.785
-13.34,-1.569,2.383
-14.98,-1.047,1.789
-14.83,-0.6634,1.169
-12.45,-0.7496,0.1437
-10.35,-1.454,0.0479
-11.51,-2.256,-0.00479
-12.11,-2.4,-0.8957
-8.998,-1.607,-1.09
-5.882,0.03353,-1.418
-5.305,-0.2036,-1.169
-6.56,-0.2898,-1.162
-8.481,-0.8886,-1.224
-10.03,-1.76,-0.5844
-11.64,-2.354,0.2922
-13.48,-2.27,0.5988
-15.6,-2.414,1.545
-15.28,-2.809,2.862
-11.97,-2.678,3.08
-11.21,-2.599,3.379
-12.5,-2.002,4.256
-10.52,-1.712,3.992
-8.059,-1.806,4.158
-7.446,-1.971,4.692
-8.634,-2.833,4.881
-9.499,-2.761,4.57
-9.87,-1.808,4
-10.6,-1.346,3.624
-11.71,-1.679,2.903
-14.47,-1.954,2.464
-14.66,-1.645,1.796
-14.26,-1.808,1.238
-12.32,-0.7712,0.06946
-11.44,-1.669,-0.17
-13.1,-1.221,-1.066
-9.379,-0.1629,-1.669
-6.22,-0.297,-1.219
-5.82,0.5053,-1.31
-6.768,0.5772,-1.595
-8.105,-0.5341,-1.523
-9.851,-1.662,-0.5293
-11.51,-2.199,0.1677
-13.93,-2.599,0.6227
-15.6,-2.546,1.399
-13.9,-2.793,2.778
-10.27,-2.481,2.963
-11.1,-2.299,2.694
-14.28,-1.844,3.454
-11.3,-1.892,4.004
-7.98,-1.988,4.34
-6.855,-2.041,4.51
-7.547,-2.884,4.285
-9.151,-2.987,4.026
-10.37,-2.761,3.969
-10.89,-2.268,3.607
-11.72,-1.918,3.157
-13.48,-1.811,2.503
-14.3,-1.976,2.079
-13.23,-1.751,0.8359
-11.52,-0.1605,-1.078
-13.76,-1.104,-0.6035
-13.16,-1.382,-0.4646
-8.965,-1.547,-1.138
-6.62,-0.285,-1.772
-5.441,-0.1461,-1.181
-6.68,0.103,-1.48
-8.181,0.1078,-2.237
-9.384,-0.9844,-1.296
-10.31,-1.423,-0.2467
-12.6,-2.062,0.3952
-15.31,-2.151,1.023
-14.3,-2.508,2.551
-11.91,-2.275,3.14
-11.39,-2.215,3.293
-13.03,-1.933,3.954
-11.3,-1.82,4.531
-8.962,-1.885,4.673
-7.81,-1.832,4.663
-8.011,-2.608,4.694
-9.242,-2.908,4.491
-10.38,-2.529,3.913
-10.51,-2.237,3.65
-11.67,-1.835,3.581
-13.55,-1.631,2.632
-14.6,-1.48,1.861
-13.11,-1.382,0.788
-10.58,-1.018,0.2754
-10.39,-1.43,0.05509
-12.18,-1.629,-0.7281
-9.93,-1.039,-1.665
-7.051,-1.001,-1.887
-6.258,0.3521,-2.165
-6.826,-0.6347,-1.461
-8.512,-1.327,-2.009
-9.827,-2.062,-1.677
-10.87,-2.417,-0.3904
-13.06,-1.193,0.05269
-14.85,-1.38,1.097
-13.85,-1.356,2.148
-11.23,-0.9197,2.663
-12.28,-1.765,2.955
-14.03,-1.684,4.443
-11.03,-2.282,4.941
-7.729,-2.259,5.485
-6.986,-1.753,5.219
-8.332,-2.546,4.713
-10.04,-2.692,4.44
-10.85,-1.882,3.549
-10.7,-1.597,3.169
-11.42,-1.389,2.769
-13.57,-1.722,2.12
-14.66,-2.053,2.117
-12.33,-1.181,0.5556
-10.54,-1.109,-0.2156
-13.3,-1.14,-0.8526
-12.31,-1.791,-0.8119
-9.029,-1.751,-0.764
-6.464,-0.867,-0.7401
-5.851,-0.273,-0.843
-7.101,-1.102,-0.7281
-8.138,-1.13,-1.461
-8.969,-0.5676,-0.5125
-10.28,-0.9772,-0.1317
-13.02,-2.292,0.7353
-14.6,-2.611,1.897
-13.51,-2.56,3.408
-10.91,-2.321,3.384
-12.86,-1.756,3.126
-13.57,-1.25,4.407
-10.58,-1.722,4.424
-8.474,-1.384,4.304
-7.99,-1.638,4.697
-8.526,-2.211,4.881
-9.242,-2.438,5.075
-9.899,-1.65,4.481
-10.43,-1.15,4.464
-13.2,0.3449,3.085
-14.41,-1.006,2.491
-13.22,-1.047,1.978
-11.92,0.1437,1.245
-11.83,-1.775,1.085
-12.68,-1.53,0.06467
-10.05,-0.6491,-1.665
-6.974,-0.5556,-2.225
-6.565,-0.1365,-2.34
-7.42,-0.2874,-2.311
-8.653,-0.8694,-2.697
-9.482,-1.971,-1.499
-10.57,-1.827,-0.7904
-11.12,-1.954,0.1293
-13.2,-2,1.562
-14,-1.267,1.116
-13.12,-2.203,2.572
-10.72,-2.213,4.472
-10.46,-2.654,4.946
-11.31,-2.333,5.394
-10.26,-2.012,5.341
-8.83,-1.305,4.4
-8.119,-0.7784,3.506
-8.51,-1.181,3.434
-9.468,-1.806,3.557
-9.817,-2.62,3.717
-9.87,-2.819,3.772
-11.19,-2.297,3.169
-13.36,-2.376,2.697
-13.61,-1.186,1.494
-11.49,-0.752,0.6562
-11.14,-1.118,0.8287
-12.37,-0.9221,0.1389
-10.91,-1.468,-0.4095
-8.469,-1.511,-0.5652
-6.479,0.7856,-1.118
-6.32,0,-0.558
-7.978,-0.2946,-1.653
-8.38,-1.027,-1.506
-9.932,-1.526,-0.9532
-12.02,-2.596,-0.3521
-15.45,-2.268,0.3521
-14.9,-2.764,2.73
-10.83,-2.524,3.54
-9.829,-1.794,3.13
-12.68,-0.08622,3.746
-11.91,-0.08862,4.601
-9.554,0.05748,4.771
-8.031,-0.57,5.542
-8.248,-2.56,6.035
-9.396,-3.058,5.564
-10.32,-2.326,4.654
-10.86,-1.607,3.535
-11.5,-0.8862,2.441
-12.94,-1.116,2.079
-14.32,-0.7975,1.839
-13.92,-0.3497,0.467
-11.49,-1.157,0.1533
-12.34,-1.88,-0.3473
-12.05,-2.045,-0.8263
-8.617,0.558,-2.009
-5.928,-0.103,-2.156
-5.645,-0.5868,-1.511
-6.366,-0.5892,-1.859
-8.603,-0.7329,-2.146
-10.5,-1.674,-1.442
-11.98,-2.448,0.07664
-14.21,-2.364,0.5006
-17.03,-2.017,0.9005
-14.29,-2.62,3.77
-9.453,-2.294,4.306
-10.34,-2.036,3.775
-13.91,-3.078,4.73
-11.13,-2.321,4.227
-6.905,-2.172,4.27
-6.402,-1.734,3.925
-7.738,-2.783,3.547
-10.18,-3.542,3.521
-11.82,-2.728,2.958
-11.74,-1.875,2.623
-11.53,-1.667,2.464
-13.34,-2.776,2.714
-15.69,-2.761,1.765
-13.51,-1.502,0.4431
-9.779,-0.6131,-0.1868
-10.66,-0.6419,-0.9556
-10.69,-0.4263,-2.144
-8.83,0.1102,-2.577
-7.319,0.1365,-1.969
-6.78,0.3233,-1.691
-7.7,-0.661,-1.516
-8.512,-1.468,-1.636
-10.05,-1.83,-0.5556
-11.08,-2.407,0.3425
-13.73,-1.899,0.02874
-17,-1.162,0.479
-13.43,-1.303,3.312
-10.84,-1.612,3.949
-12.66,-3.006,5.415
-11.94,-2.261,5.453
-9.206,-1.878,4.383
-7.173,-1.382,4.385
-7.674,-1.619,3.966
-8.84,-2.819,4.189
-10.32,-2.955,4.227
-10.72,-2.457,4.028
-11.28,-1.396,3.161
-13.1,-1.207,2.512
-14.46,-1.269,1.842
-14.09,-1.65,1.109
-11.68,-0.97,0.00479
-9.463,-1.521,-0.5221
-12.12,-2.663,-0.3114
-12.49,-0.2658,-2.496
-7.975,-0.4,-2.304
-5.604,1.152,-2.282
-5.518,0.05988,-1.339
-7.403,0.2587,-1.959
-9.863,-1.123,-1.617
-11.72,-1.279,0.3161
-13.72,-1.169,0.8311
-16.49,-0.4072,0.05988
-14.75,-2.045,1.803
-11.15,-2.649,2.84
-11.48,-3.636,2.704
-13.95,-3.985,3.624
-10.72,-4.158,4.33
-7.559,-2.378,3.887
-6.924,-1.66,4.522
-8.011,-2.381,4.378
-9.887,-2.824,4.155
-10.3,-2.666,3.782
-9.669,-2.594,3.432
-10.88,-2.165,2.896
-13.84,-2.065,1.825
-16.19,-2.702,2.618
-12.71,-1.267,0.9891
-10.05,-0.01916,-0.2611
-14.68,-0.5053,-0.8862
-12.27,-1.128,-1.53
-8.886,-0.4622,-2.017
-7.089,0.9388,-2.654
-6.632,0.7496,-1.55
-8.553,0.9748,-2.723
-9.345,-0.6035,-2.464
-9.532,-0.9748,-1.176
-11.07,-1.576,-0.07185
-14.2,-1.677,-0.2754
-15.36,-1.856,1.03
-13.49,-2.402,3.049
-11.84,-2.498,3.264
-12.74,-2.738,3.94
-11.09,-3.217,4.541
-9.024,-1.82,4.452
-8.04,-1.518,4.79
-8.191,-2.292,5.324
-9.226,-2.644,5.099
-9.776,-2.735,4.316
-10.14,-2.474,3.573
-11.07,-2.184,2.922
-13.95,-2.314,2.738
-15.85,-1.818,2.304
-13.25,-0.7089,0.4934
-11.69,-1.626,-0.2922
-13.59,-1.768,-0.6227
-12.21,-0.6754,-2.323
-8.605,0.5652,-3.264
-6.593,0.1461,-2.385
-7.07,1.478,-2.8
-7.928,0.982,-3.178
-9.432,0.02874,-2.479
-10.27,-0.5341,-0.4934
-12.51,-1.523,0.3616
-15.24,-1.859,0.3473
-14.73,-1.557,1.181
-10.87,-1.902,2.797
-13.57,-3.07,3.272
-15.14,-3.109,4.745
-11.03,-1.897,3.945
-7.446,-1.394,4.548
-7.14,-2.043,4.448
-8.064,-3.578,4.397
-9.221,-4.048,4.445
-9.774,-2.972,3.952
-9.982,-2.402,3.47
-11.59,-2.206,2.809
-14.2,-2.088,2.261
-14.82,-1.358,1.655
-13.35,-1.32,1.03
-12.44,-1.207,-0.01437
-14.29,-1.545,-0.5724
-12.35,-2.036,-0.9005
-8.979,-0.8622,-1.466
-6.797,-0.05509,-1.497
-6.028,-0.2754,-1.248
-6.701,-0.1581,-1.684
-7.326,-0.3952,-1.818
-8.792,-1.049,-1.001
-9.805,-1.578,-0.2611
-12.87,-2.757,0.3497
-13.8,-2.879,1.791
-13.33,-3.07,3.454
-11.18,-2.745,3.753
-13.34,-2.972,3.07
-13.97,-2.086,3.688
-10.85,-0.6754,3.607
-8.177,-0.9005,4.249
-8.035,-1.667,4.359
-8.21,-3.248,4.598
-9.463,-3.791,4.335
-9.805,-3.013,4.064
-10.01,-2.263,3.588
-11.19,-1.902,3.166
-13.55,-2.096,2.807
-13.51,-1.538,2.414
-10.78,-0.9053,1.327
-10.9,-0.8574,0.4143
-13.79,-0.946,-0.2658
-12.05,-1.918,-0.5293
-9.781,-1.159,-0.9556
-7.506,-0.1629,-0.6898
-7.202,-0.5652,-0.3808
-7.484,-0.4479,-0.8023
-7.822,-0.9604,-0.8383
-8.129,-1.803,0.115
-9.465,-2.093,0.3114
-11.53,-2.206,0.04311
-11.61,-2.52,1.334
-8.694,-2.91,3.897
-9.518,-3.377,4.055
-13.73,-3.743,3.925
-12.95,-2.1,4.615
-9.93,-0.6227,5.602
-7.734,-0.7904,5.315
-7.676,-1.65,4.287
-8.85,-2.223,3.411
-9.218,-3.183,3.482
-9.07,-2.766,3.329
-9.171,-2.881,3.509
-11.52,-3.137,3.59
-12.59,-2.821,3.286
-9.784,-1.547,2.057
-11.17,-1.392,1.696
-14.04,-1.154,0.8838
-12.89,-0.7928,-0.1724
-9.202,-0.4072,-0.7688
-6.718,-0.5724,0.4838
-6.931,-0.9556,0.9149
-7.985,-1.37,-0.04551
-8.823,-0.9652,-0.7305
-9.132,-0.9149,0.206
-9.206,-1.14,0.1461
-11.32,-0.9269,-0.6251
-11.87,-1.42,-0.2874
-10.1,-2.175,0.7736
-9.465,-3.434,0.8742
-12.02,-3.058,1.499
-12.82,-2.105,1.935
-10.77,-2.838,3.202
-10.26,-1.629,3.696
-9.999,-1.106,5.037
-10.63,-0.6323,5.065
-10.2,-1.099,5.559
-8.955,-1.53,5.743
-9.345,-2.539,5.523
-12.04,-3.087,4.989
-13.44,-2.239,3.899
-11.18,-1.042,2.122
-12.03,-0.2227,1.988
-15.71,0.4455,0.503
-14.8,-0.9556,-2.072
-12.46,-2.45,-2.129
-10.18,-2.632,-1.655
-9.662,-1.279,-1.104
-8.967,-0.388,-0.776
-7.494,0.2395,-2.955
-6.203,0.8478,-2.474
-7.195,0.4143,-1.655
-8.941,0.3784,-1.892
-12.56,-1.061,-0.9197
-13.73,-1.653,0.7137
-13.46,-3.149,3.578
-14.43,-2.333,4.522
-13.15,-2.915,5.027
-12.39,-0.9053,4.016
-12.43,2.103,4.996
-11.15,0.788,7.211
-9.714,-0.788,7.678
-8.701,-2.555,7.578
-8.356,-3.075,6.347
-9.012,-2.536,4.596
-11,-2.311,3.765
-14.19,-2.275,3.475
-15.7,-1.871,2.287
-15.15,-0.8957,1.602
-14.23,-0.2706,1.008
-13.93,-0.3976,-0.7496
-12.14,-1.947,-1.145
-9.587,-1.899,-0.9556
-7.702,-0.6371,-1.396
-6.689,0.02395,-1.195
-6.119,1.274,-2.053
-6.862,0.661,-2.11
-8.498,-0.3736,-1.14
-10.96,-0.7377,-0.6107
-13.48,-1.128,-0.115
-12.66,-1.906,1.631
-12.65,-2.496,2.848
-16.62,-2.764,3.406
-16.45,-2.069,3.703
-13.05,-0.4646,4.225
-9.551,-0.04551,4.984
-8.636,-0.5269,5.121
-9.027,-1.542,5.291
-9.295,-2.821,5.703
-8.977,-2.639,5.928
-9.228,-2.012,5.168
-11.42,-1.736,4.551
-14.02,-1.791,3.652
-13.59,-0.8814,1.911
-14.12,-1.384,0.9867
-16.61,0.5437,-0.4072
-15.88,-1.423,-1.406
-12.83,-1.947,-2.364
-9.978,-0.9772,-2.486
-9.614,-1.042,-1.586
-7.161,-0.01198,-1.777
-6.792,1.712,-3.396
-7.106,0.6059,-2.773
-7.654,-0.002395,-1.655
-9.896,-0.5964,-1.25
-13.15,-1.672,-0.57
-14.92,-2.527,0.8383
-15.4,-2.742,2.975
-12.25,-2.742,5.305
-13.05,-1.942,4.989
-12.48,-1.008,4.606
-11.06,-0.2227,4.622
-9.527,-0.007185,4.982
-8.699,-1.681,5.918
-8.845,-2.819,6.122
-8.905,-2.429,5.42
-9.551,-2.021,4.457
-11.26,-1.933,3.458
-13.78,-1.928,2.773
-15.14,-1.494,2.22
-13.77,-0.5197,1.099
-12.2,-0.4048,-0.17
-14.24,-1.274,-0.4335
-13,-2.335,-0.4527
-9.115,-0.2587,-1.72
-5.88,1.511,-2.457
-5.911,0.8862,-2.029
-6.869,1.322,-2.84
-9.238,-0.4598,-2.635
-10.05,-0.9748,-1.32
-11.58,-1.779,-0.3808
-14.43,-1.806,-0.2227
-15.82,-2.364,1.221
-13.27,-2.412,2.817
-10.95,-2.591,2.826
-14.4,-2.639,3.042
-14.21,-2.431,4.249
-10.21,-1.298,3.928
-7.149,-1.106,4.711
-6.931,-2.637,4.915
-8.373,-3.722,4.704
-9.853,-3.262,4.299
-10.3,-2.33,3.729
-9.992,-1.734,3.248
-12.97,-1.993,3.181
-15.95,-1.803,2.505
-14.8,-0.7544,0.4934
-10.25,-0.7951,-0.2587
-13.54,-1.293,-0.7041
-15.81,-1.454,-2.247
-10.71,-1.626,-2.005
-7.676,1.102,-3.032
-5.238,1.317,-2.328
-6.807,1.655,-2.776
-8.196,0.8862,-3.36
-9.75,-1.667,-1.993
-12.41,-2.026,-0.9556
-15,-2.055,-0.02395
-15.92,-2.426,1.741
-12.69,-2.014,3.789
-10.06,-1.497,2.515
-13.36,-1.447,2.953
-12.77,-0.6802,3.679
-9.882,-1.54,4.249
-7.669,-1.296,4.596
-7.698,-2.414,4.74
-8.263,-3.269,5.185
-9.496,-3.078,4.306
-10.56,-3.185,4.04
-11.9,-4.04,3.672
-13.64,-7.243,3.161
-16.27,-7.803,0.9388
-16,-8.418,-0.9436
-15.01,-6.725,-1.095
-13.93,-6.96,0.3784
-12.59,-7.784,1.684
-9.226,-7.044,2.285
-7.769,-5.135,3.296
-5.528,-4.119,4.004
-4.79,-2.249,5.461
-2.932,-1.006,4.917
-2.218,1.202,5.659
-0.7472,1.226,6.275
-0.3425,1.861,7.413
0.0479,3.195,7.666
0.2347,2.893,8.059
-0.02874,2.429,9.18
-0.1102,1.756,8.677
-0.5269,1.36,8.167
-0.1509,1.727,8.581
-1.071,2.189,9.285
-1.015,1.911,9.568
-1.509,2.333,10.06
-1.279,2.96,9.357
-0.7353,1.94,9.556
-0.376,2.053,9.448
-0.4383,1.875,9.575
-0.4982,1.976,9.695
-0.6347,2.053,9.808
-0.7137,1.981,9.915
-0.6562,1.799,9.961
-0.5988,1.815,9.942
-0.5844,1.789,9.815
-0.5892,1.818,9.836
-0.6514,2.108,9.654
-0.5341,2.251,9.592
-0.5868,2.225,9.575
-0.6514,2.105,9.448
-0.6251,2.033,9.47
-0.6514,2.074,9.417
-0.6395,2.213,9.556
-0.6993,2.036,9.559
-0.582,2.1,9.57
-0.5724,2.342,9.535
-0.6035,2.522,9.434
-0.6323,2.639,9.321
-0.5748,2.709,9.106
-0.5724,2.646,9.06
-0.6155,2.426,9.106
-0.6371,2.273,9.194
-0.5317,2.287,9.336
-0.4958,2.17,9.47
-0.4383,2.378,9.554
-0.3593,2.433,9.563
-0.467,2.352,9.597
-0.558,2.297,9.515
-0.5077,2.366,9.511
-0.5604,2.414,9.441
-0.6035,2.34,9.357
-0.7137,2.16,9.434
-0.5892,2.151,9.341
-0.4646,2.062,9.317
-0.4598,1.95,9.448
-0.5389,1.997,9.465
-0.5844,2.096,9.559
-0.6035,2.203,9.496
-0.685,2.218,9.381
-0.6275,2.263,9.324
-0.5365,2.247,9.309
-0.3712,2.208,9.388
-0.2754,2.177,9.647
-0.6203,1.626,9.422
-0.8215,2.057,9.381
-0.4718,2.457,9.283
-0.6203,2.402,9.599
-0.5269,2.546,9.436
-0.479,2.412,9.415
-1.768,2.206,8.529
0.5532,2.766,9.982
-0.2778,2.565,9.297
-0.6467,2.249,9.18
-0.2994,2.445,9.324
-0.5389,2.829,9.075
-0.309,2.996,8.869
-0.8526,2.345,8.792
-0.5868,1.791,9.02
-0.5293,1.839,9.149
-0.6083,1.617,9.537
-0.6155,1.779,9.812
-0.673,2.122,10.02
-0.7928,2.493,10.05
-0.8023,2.587,9.985
-0.685,2.591,9.942
-0.6107,2.512,9.908
