-0.2010,+4.148,+8.673,Wed May 15 12:24:37 GMT+08:00 2019,851561506662561,0
+0.009000,+3.841,+8.539,Wed May 15 12:24:37 GMT+08:00 2019,851561573257715,0
-0.2390,+3.822,+9.401,Wed May 15 12:24:37 GMT+08:00 2019,851561638655945,0
-0.04700,+3.937,+8.060,Wed May 15 12:24:37 GMT+08:00 2019,851561704653561,0
-0.4500,+3.879,+9.152,Wed May 15 12:24:37 GMT+08:00 2019,851561770650099,0
-0.2770,+3.975,+8.136,Wed May 15 12:24:37 GMT+08:00 2019,851561836658407,0
-0.7180,+3.937,+7.619,Wed May 15 12:24:37 GMT+08:00 2019,851561902662715,0
-0.1240,+3.745,+7.255,Wed May 15 12:24:38 GMT+08:00 2019,851561968651407,0
+0.1620,+4.358,+8.098,Wed May 15 12:24:38 GMT+08:00 2019,851562034654715,0
-0.3540,+4.990,+11.10,Wed May 15 12:24:38 GMT+08:00 2019,851562100660484,0
-0.2770,+7.557,+10.28,Wed May 15 12:24:38 GMT+08:00 2019,851562166649099,0
-2.403,+7.136,+9.362,Wed May 15 12:24:38 GMT+08:00 2019,851562232655407,0
-1.350,+4.856,+5.359,Wed May 15 12:24:38 GMT+08:00 2019,851562298656484,0
-1.541,-0.8510,+0.9920,Wed May 15 12:24:38 GMT+08:00 2019,851562364658715,0
-4.510,-3.130,+2.984,Wed May 15 12:24:38 GMT+08:00 2019,851562430848484,0
-8.686,-2.977,+9.822,Wed May 15 12:24:38 GMT+08:00 2019,851562496657253,0
-14.24,+2.539,+19.25,Wed May 15 12:24:38 GMT+08:00 2019,851562562653407,0
-7.671,+6.197,+22.52,Wed May 15 12:24:38 GMT+08:00 2019,851562628655407,0
+3.993,+6.025,+10.78,Wed May 15 12:24:38 GMT+08:00 2019,851562694661330,0
+5.142,+5.508,+2.888,Wed May 15 12:24:38 GMT+08:00 2019,851562760655484,0
+2.844,+5.929,+6.183,Wed May 15 12:24:38 GMT+08:00 2019,851562826652869,0
-21.06,+18.97,+24.95,Wed May 15 12:24:38 GMT+08:00 2019,851562892656484,0
-20.54,+7.193,+14.32,Wed May 15 12:24:39 GMT+08:00 2019,851562958653253,0
-3.782,-5.754,-0.7690,Wed May 15 12:24:39 GMT+08:00 2019,851563024657715,0
+3.380,-16.52,-3.202,Wed May 15 12:24:39 GMT+08:00 2019,851563090853099,0
+3.380,-16.16,-10.15,Wed May 15 12:24:39 GMT+08:00 2019,851563156653946,0
-12.88,-6.903,+2.026,Wed May 15 12:24:39 GMT+08:00 2019,851563222654407,0
-35.42,+7.442,+15.88,Wed May 15 12:24:39 GMT+08:00 2019,851563288652407,0
-18.44,+12.92,+26.83,Wed May 15 12:24:39 GMT+08:00 2019,851563354654407,0
+2.729,+7.883,+6.049,Wed May 15 12:24:39 GMT+08:00 2019,851563420653407,0
+5.909,+4.875,+1.854,Wed May 15 12:24:39 GMT+08:00 2019,851563486657253,0
+2.978,+5.622,+3.195,Wed May 15 12:24:39 GMT+08:00 2019,851563552654176,0
-29.07,+21.41,+30.95,Wed May 15 12:24:39 GMT+08:00 2019,851563618651946,0
-21.54,+7.519,+12.33,Wed May 15 12:24:39 GMT+08:00 2019,851563684657022,0
-0.8900,-6.099,-3.221,Wed May 15 12:24:39 GMT+08:00 2019,851563750651484,0
+6.407,-20.50,-3.393,Wed May 15 12:24:39 GMT+08:00 2019,851563816653330,0
+7.269,-19.70,-7.627,Wed May 15 12:24:39 GMT+08:00 2019,851563882658407,0
-19.47,-5.467,-1.191,Wed May 15 12:24:40 GMT+08:00 2019,851563948655946,0
+39.03,+9.109,+30.22,Wed May 15 12:24:40 GMT+08:00 2019,851564014658484,0
-12.67,+16.67,+14.34,Wed May 15 12:24:40 GMT+08:00 2019,851564080662946,0
-1.216,+7.710,+7.351,Wed May 15 12:24:40 GMT+08:00 2019,851564146655484,0
+6.196,-0.6970,+3.827,Wed May 15 12:24:40 GMT+08:00 2019,851564212655099,0
+6.771,-2.421,+6.968,Wed May 15 12:24:40 GMT+08:00 2019,851564278654176,0
-20.68,+11.31,+35.14,Wed May 15 12:24:40 GMT+08:00 2019,851564344658099,0
-33.32,+9.051,+25.87,Wed May 15 12:24:40 GMT+08:00 2019,851564410657715,0
-10.45,-9.221,+7.619,Wed May 15 12:24:40 GMT+08:00 2019,851564476660561,0
+4.146,-17.44,-8.335,Wed May 15 12:24:40 GMT+08:00 2019,851564542655869,0
+8.341,-12.99,-7.454,Wed May 15 12:24:40 GMT+08:00 2019,851564562655869,0
+8.341,-12.99,-7.454,Wed May 15 12:24:40 GMT+08:00 2019,851564582655869,0
+8.341,-12.99,-7.454,Wed May 15 12:24:40 GMT+08:00 2019,851564608654561,0
+5.238,-9.566,-5.960,Wed May 15 12:24:40 GMT+08:00 2019,851564629633407,0
-6.024,-4.260,-1.286,Wed May 15 12:24:40 GMT+08:00 2019,851564649001023,0
-24.22,+5.067,+8.290,Wed May 15 12:24:40 GMT+08:00 2019,851564669753638,0
-27.06,+10.53,+16.81,Wed May 15 12:24:40 GMT+08:00 2019,851564696469330,0
-26.90,+11.58,+19.05,Wed May 15 12:24:40 GMT+08:00 2019,851564708847253,0
-29.16,+14.87,+17.10,Wed May 15 12:24:40 GMT+08:00 2019,851564731443407,0
-28.55,+15.64,+14.09,Wed May 15 12:24:40 GMT+08:00 2019,851564748652869,0
-20.06,+13.76,+7.983,Wed May 15 12:24:40 GMT+08:00 2019,851564768648638,0
-11.73,+11.27,+5.761,Wed May 15 12:24:40 GMT+08:00 2019,851564788645561,0
-5.506,+7.998,+5.627,Wed May 15 12:24:40 GMT+08:00 2019,851564808652484,0
-1.790,+5.891,+4.191,Wed May 15 12:24:40 GMT+08:00 2019,851564828673715,0
+0.6410,+5.220,+0.6470,Wed May 15 12:24:40 GMT+08:00 2019,851564848664869,0
+2.078,+5.144,-1.497,Wed May 15 12:24:40 GMT+08:00 2019,851564868656484,0
+3.112,+4.626,-0.4820,Wed May 15 12:24:40 GMT+08:00 2019,851564888661099,0
+1.867,+4.550,+4.037,Wed May 15 12:24:40 GMT+08:00 2019,851564908748715,0
+2.844,+3.745,+5.512,Wed May 15 12:24:41 GMT+08:00 2019,851564928655330,0
+3.112,+2.903,+5.685,Wed May 15 12:24:41 GMT+08:00 2019,851564948671330,0
+1.714,+3.611,+5.666,Wed May 15 12:24:41 GMT+08:00 2019,851564968670561,0
+1.350,+5.871,+6.393,Wed May 15 12:24:41 GMT+08:00 2019,851564988661023,0
-0.7370,+10.33,+7.773,Wed May 15 12:24:41 GMT+08:00 2019,851565008681715,0
-5.985,+16.87,+16.99,Wed May 15 12:24:41 GMT+08:00 2019,851565028656715,0
-17.25,+22.67,+31.72,Wed May 15 12:24:41 GMT+08:00 2019,851565048656023,0
-31.50,+24.24,+39.13,Wed May 15 12:24:41 GMT+08:00 2019,851565068686330,0
-36.17,+21.92,+26.39,Wed May 15 12:24:41 GMT+08:00 2019,851565088690099,0
-29.68,+16.73,+17.50,Wed May 15 12:24:41 GMT+08:00 2019,851565108682253,0
-21.29,+9.492,+15.17,Wed May 15 12:24:41 GMT+08:00 2019,851565128658023,0
-15.12,+2.309,+13.50,Wed May 15 12:24:41 GMT+08:00 2019,851565148682946,0
-9.816,-3.820,+9.171,Wed May 15 12:24:41 GMT+08:00 2019,851565168662792,0
-2.940,-9.374,+1.452,Wed May 15 12:24:41 GMT+08:00 2019,851565188657407,0
+2.499,-11.69,-7.282,Wed May 15 12:24:41 GMT+08:00 2019,851565210181484,0
+2.691,-14.20,-10.39,Wed May 15 12:24:41 GMT+08:00 2019,851565228668484,0
+2.959,-16.86,-6.458,Wed May 15 12:24:41 GMT+08:00 2019,851565248658638,0
+6.234,-19.18,-3.604,Wed May 15 12:24:41 GMT+08:00 2019,851565268685792,0
+9.222,-20.29,-5.079,Wed May 15 12:24:41 GMT+08:00 2019,851565288658176,0
+9.567,-19.43,-6.401,Wed May 15 12:24:41 GMT+08:00 2019,851565308655484,0
+4.472,-17.32,-5.749,Wed May 15 12:24:41 GMT+08:00 2019,851565328700407,0
+0.06700,-15.56,-2.780,Wed May 15 12:24:41 GMT+08:00 2019,851565348677638,0
-5.028,-12.55,-1.516,Wed May 15 12:24:41 GMT+08:00 2019,851565368673715,0
-14.34,-9.374,-3.738,Wed May 15 12:24:41 GMT+08:00 2019,851565388684330,0
-20.73,-5.294,-2.417,Wed May 15 12:24:41 GMT+08:00 2019,851565408677561,0
-31.31,-1.674,+6.968,Wed May 15 12:24:41 GMT+08:00 2019,851565428679407,0
-38.51,+5.852,+13.27,Wed May 15 12:24:41 GMT+08:00 2019,851565448652715,0
+39.03,+14.53,+7.447,Wed May 15 12:24:41 GMT+08:00 2019,851565468663100,0
-37.57,+17.67,+11.70,Wed May 15 12:24:41 GMT+08:00 2019,851565494662869,0
-30.71,+17.36,+14.61,Wed May 15 12:24:41 GMT+08:00 2019,851565508834792,0
-15.83,+16.00,+14.27,Wed May 15 12:24:41 GMT+08:00 2019,851565533242253,0
-12.52,+15.76,+11.56,Wed May 15 12:24:41 GMT+08:00 2019,851565548661946,0
-8.667,+14.99,+6.930,Wed May 15 12:24:41 GMT+08:00 2019,851565568651715,0
-3.265,+13.07,+4.076,Wed May 15 12:24:41 GMT+08:00 2019,851565588653484,0
+1.273,+10.39,+3.654,Wed May 15 12:24:41 GMT+08:00 2019,851565608681023,0
+5.411,+7.940,+8.443,Wed May 15 12:24:41 GMT+08:00 2019,851565630812715,0
+6.924,+5.661,+11.81,Wed May 15 12:24:41 GMT+08:00 2019,851565649513023,0
+4.932,+4.665,+7.830,Wed May 15 12:24:41 GMT+08:00 2019,851565668684638,0
+1.656,+4.531,+4.267,Wed May 15 12:24:41 GMT+08:00 2019,851565688663330,0
-0.6990,+5.871,+3.865,Wed May 15 12:24:41 GMT+08:00 2019,851565708655869,0
-5.660,+9.032,+7.389,Wed May 15 12:24:41 GMT+08:00 2019,851565729738407,0
-16.17,+14.78,+11.16,Wed May 15 12:24:41 GMT+08:00 2019,851565753191253,0
-25.56,+19.22,+17.35,Wed May 15 12:24:41 GMT+08:00 2019,851565768683561,0
-37.88,+20.97,+25.09,Wed May 15 12:24:41 GMT+08:00 2019,851565788673869,0
-34.51,+12.12,+25.22,Wed May 15 12:24:41 GMT+08:00 2019,851565808662023,0
-27.30,+6.197,+14.90,Wed May 15 12:24:41 GMT+08:00 2019,851565828652484,0
-24.01,+3.113,+3.156,Wed May 15 12:24:41 GMT+08:00 2019,851565848646946,0
-14.41,-1.023,-2.819,Wed May 15 12:24:41 GMT+08:00 2019,851565869472253,0
-3.629,-5.218,-4.562,Wed May 15 12:24:41 GMT+08:00 2019,851565888788715,0
+4.108,-8.589,-6.075,Wed May 15 12:24:41 GMT+08:00 2019,851565908684561,0
+6.119,-11.90,-3.508,Wed May 15 12:24:42 GMT+08:00 2019,851565928690330,0
+4.913,-14.20,-0.6930,Wed May 15 12:24:42 GMT+08:00 2019,851565948664100,0
+2.403,-15.52,-2.225,Wed May 15 12:24:42 GMT+08:00 2019,851565968689715,0
+3.572,-17.27,-5.405,Wed May 15 12:24:42 GMT+08:00 2019,851565988681561,0
+6.196,-17.30,-5.749,Wed May 15 12:24:42 GMT+08:00 2019,851566008676100,0
+7.805,-16.81,-3.566,Wed May 15 12:24:42 GMT+08:00 2019,851566028691484,0
+6.253,-15.35,-1.995,Wed May 15 12:24:42 GMT+08:00 2019,851566049890330,0
+0.7940,-12.23,-0.7310,Wed May 15 12:24:42 GMT+08:00 2019,851566068674484,0
-4.874,-8.972,-1.037,Wed May 15 12:24:42 GMT+08:00 2019,851566088669330,0
-15.29,-4.126,-0.5010,Wed May 15 12:24:42 GMT+08:00 2019,851566108658792,0
-25.41,+5.029,+3.731,Wed May 15 12:24:42 GMT+08:00 2019,851566128673253,0
-36.59,+11.56,+3.195,Wed May 15 12:24:42 GMT+08:00 2019,851566148673792,0
+39.03,+16.75,+6.336,Wed May 15 12:24:42 GMT+08:00 2019,851566169421484,0
+39.06,+20.14,+18.12,Wed May 15 12:24:42 GMT+08:00 2019,851566188694792,0
-28.84,+19.78,+22.89,Wed May 15 12:24:42 GMT+08:00 2019,851566208675869,0
-18.13,+18.05,+15.11,Wed May 15 12:24:42 GMT+08:00 2019,851566229965792,0
-9.337,+15.85,+7.102,Wed May 15 12:24:42 GMT+08:00 2019,851566251485946,0
-3.150,+13.38,+3.310,Wed May 15 12:24:42 GMT+08:00 2019,851566268856176,0
+0.5840,+11.96,+2.218,Wed May 15 12:24:42 GMT+08:00 2019,851566288670176,0
+1.235,+10.49,+4.382,Wed May 15 12:24:42 GMT+08:00 2019,851566308694100,0
+2.691,+8.994,+7.064,Wed May 15 12:24:42 GMT+08:00 2019,851566329310638,0
+4.338,+7.193,+7.715,Wed May 15 12:24:42 GMT+08:00 2019,851566348649561,0
+5.085,+5.680,+6.777,Wed May 15 12:24:42 GMT+08:00 2019,851566369211407,0
+3.533,+5.163,+5.187,Wed May 15 12:24:42 GMT+08:00 2019,851566388725100,0
+0.8710,+4.837,+3.176,Wed May 15 12:24:42 GMT+08:00 2019,851566408649869,0
-1.982,+5.124,+4.784,Wed May 15 12:24:42 GMT+08:00 2019,851566429169484,0
-2.231,+6.695,+5.589,Wed May 15 12:24:42 GMT+08:00 2019,851566449506715,0
-4.587,+10.05,+2.160,Wed May 15 12:24:42 GMT+08:00 2019,851566471095869,0
-6.905,+15.81,+0.4750,Wed May 15 12:24:42 GMT+08:00 2019,851566488711023,0
-25.98,+23.67,+4.823,Wed May 15 12:24:42 GMT+08:00 2019,851566508682023,0
+39.03,+26.17,+13.71,Wed May 15 12:24:42 GMT+08:00 2019,851566528674484,0
-33.59,+18.70,+18.46,Wed May 15 12:24:42 GMT+08:00 2019,851566548651561,0
-24.60,+12.29,+15.26,Wed May 15 12:24:42 GMT+08:00 2019,851566568648869,0
-19.74,+7.864,+7.696,Wed May 15 12:24:42 GMT+08:00 2019,851566588887253,0
-11.87,+3.190,+0.6090,Wed May 15 12:24:42 GMT+08:00 2019,851566608665330,0
-3.284,-0.9850,-2.493,Wed May 15 12:24:42 GMT+08:00 2019,851566628656330,0
+1.867,-5.045,-2.761,Wed May 15 12:24:42 GMT+08:00 2019,851566648681715,0
+5.813,-9.030,-2.302,Wed May 15 12:24:42 GMT+08:00 2019,851566668676561,0
+6.560,-13.05,-0.9220,Wed May 15 12:24:42 GMT+08:00 2019,851566688653177,0
+3.189,-16.19,+0.8200,Wed May 15 12:24:42 GMT+08:00 2019,851566711566484,0
+1.580,-18.07,-1.823,Wed May 15 12:24:42 GMT+08:00 2019,851566728745023,0
+4.204,-19.79,-3.930,Wed May 15 12:24:42 GMT+08:00 2019,851566748802946,0
+8.284,-19.79,-3.815,Wed May 15 12:24:42 GMT+08:00 2019,851566772772869,0
+8.763,-18.88,-3.432,Wed May 15 12:24:42 GMT+08:00 2019,851566789476407,0
+2.384,-16.14,-0.1750,Wed May 15 12:24:42 GMT+08:00 2019,851566808654484,0
-2.825,-12.42,+0.3790,Wed May 15 12:24:42 GMT+08:00 2019,851566828654792,0
-11.06,-9.508,-5.194,Wed May 15 12:24:42 GMT+08:00 2019,851566849207100,0
-27.04,-2.383,-1.574,Wed May 15 12:24:42 GMT+08:00 2019,851566870316715,0
+39.03,+8.247,+13.27,Wed May 15 12:24:42 GMT+08:00 2019,851566889784100,0
+39.08,+18.65,+13.77,Wed May 15 12:24:42 GMT+08:00 2019,851566909907253,0
+39.03,+21.71,+15.63,Wed May 15 12:24:43 GMT+08:00 2019,851566928686100,0
-34.53,+22.59,+22.02,Wed May 15 12:24:43 GMT+08:00 2019,851566948661869,0
-21.73,+21.37,+18.81,Wed May 15 12:24:43 GMT+08:00 2019,851566968658100,0
-11.21,+17.96,+10.42,Wed May 15 12:24:43 GMT+08:00 2019,851566989019484,0
-3.208,+13.94,+4.095,Wed May 15 12:24:43 GMT+08:00 2019,851567009087023,0
+0.5260,+11.02,+3.310,Wed May 15 12:24:43 GMT+08:00 2019,851567028688561,0
+2.748,+8.802,+6.087,Wed May 15 12:24:43 GMT+08:00 2019,851567048657100,0
+4.817,+6.580,+7.466,Wed May 15 12:24:43 GMT+08:00 2019,851567068664100,0
+6.560,+4.301,+6.030,Wed May 15 12:24:43 GMT+08:00 2019,851567088654561,0
+7.039,+2.826,+3.176,Wed May 15 12:24:43 GMT+08:00 2019,851567108673869,0
+6.215,+1.658,+0.9920,Wed May 15 12:24:43 GMT+08:00 2019,851567129524792,0
+4.529,+1.160,-0.08000,Wed May 15 12:24:43 GMT+08:00 2019,851567148859177,0
+1.944,+2.558,+0.9920,Wed May 15 12:24:43 GMT+08:00 2019,851567168686407,0
-2.078,+5.680,+5.033,Wed May 15 12:24:43 GMT+08:00 2019,851567189216253,0
-6.138,+9.434,+9.496,Wed May 15 12:24:43 GMT+08:00 2019,851567208656177,0
-21.58,+16.44,+11.93,Wed May 15 12:24:43 GMT+08:00 2019,851567228651253,0
+39.03,+19.53,+18.40,Wed May 15 12:24:43 GMT+08:00 2019,851567248684869,0
+39.14,+14.93,+26.37,Wed May 15 12:24:43 GMT+08:00 2019,851567268697946,0
-29.47,+5.431,+18.42,Wed May 15 12:24:43 GMT+08:00 2019,851567288702638,0
-11.58,-1.617,+1.681,Wed May 15 12:24:43 GMT+08:00 2019,851567308854330,0
-10.49,-0.08400,-7.646,Wed May 15 12:24:43 GMT+08:00 2019,851567328649715,0
-7.652,-0.7740,-5.175,Wed May 15 12:24:43 GMT+08:00 2019,851567348650638,0
-2.614,-2.996,-1.421,Wed May 15 12:24:43 GMT+08:00 2019,851567368665407,0
+0.8140,-6.195,-1.650,Wed May 15 12:24:43 GMT+08:00 2019,851567389753177,0
+5.506,-11.02,-3.240,Wed May 15 12:24:43 GMT+08:00 2019,851567410315715,0
+5.296,-11.61,-4.313,Wed May 15 12:24:43 GMT+08:00 2019,851567428725869,0
+4.223,-12.94,-6.611,Wed May 15 12:24:43 GMT+08:00 2019,851567449767023,0
+7.134,-14.76,-7.454,Wed May 15 12:24:43 GMT+08:00 2019,851567468872407,0
+7.575,-16.29,-5.788,Wed May 15 12:24:43 GMT+08:00 2019,851567488651177,0
+4.664,-14.87,-4.025,Wed May 15 12:24:43 GMT+08:00 2019,851567509066792,0
-1.925,-12.71,-1.765,Wed May 15 12:24:43 GMT+08:00 2019,851567528777177,0
-17.69,-9.796,-2.168,Wed May 15 12:24:43 GMT+08:00 2019,851567549129023,0
-35.41,-0.7170,+4.727,Wed May 15 12:24:43 GMT+08:00 2019,851567568684638,0
-37.15,+2.519,+14.38,Wed May 15 12:24:43 GMT+08:00 2019,851567588680715,0
-37.71,+6.580,+19.38,Wed May 15 12:24:43 GMT+08:00 2019,851567608660253,0
-37.03,+10.20,+19.17,Wed May 15 12:24:43 GMT+08:00 2019,851567630108407,0
-27.86,+10.45,+18.48,Wed May 15 12:24:43 GMT+08:00 2019,851567649126792,0
-14.97,+9.223,+14.36,Wed May 15 12:24:43 GMT+08:00 2019,851567668693715,0
-4.759,+7.538,+8.826,Wed May 15 12:24:43 GMT+08:00 2019,851567688673177,0
-0.2770,+6.063,+4.919,Wed May 15 12:24:43 GMT+08:00 2019,851567708800253,0
+1.369,+5.144,+4.650,Wed May 15 12:24:43 GMT+08:00 2019,851567728652792,0
+3.514,+4.837,+4.670,Wed May 15 12:24:43 GMT+08:00 2019,851567748651177,0
+5.372,+3.726,+4.421,Wed May 15 12:24:43 GMT+08:00 2019,851567769214330,0
+5.526,+3.324,+3.501,Wed May 15 12:24:43 GMT+08:00 2019,851567788845484,0
+5.353,+2.941,+1.777,Wed May 15 12:24:43 GMT+08:00 2019,851567809301792,0
+2.557,+2.960,+0.4940,Wed May 15 12:24:43 GMT+08:00 2019,851567828677254,0
-3.687,+4.109,+1.739,Wed May 15 12:24:43 GMT+08:00 2019,851567849152254,0
-6.636,+4.569,+4.076,Wed May 15 12:24:43 GMT+08:00 2019,851567868653715,0
-10.45,+5.795,+6.183,Wed May 15 12:24:43 GMT+08:00 2019,851567888683330,0
-34.79,+11.16,+2.486,Wed May 15 12:24:43 GMT+08:00 2019,851567914085023,0
+39.03,+12.00,+3.539,Wed May 15 12:24:44 GMT+08:00 2019,851567928709715,0
+39.12,+9.990,+15.32,Wed May 15 12:24:44 GMT+08:00 2019,851567948681484,0
-31.17,+3.860,+19.78,Wed May 15 12:24:44 GMT+08:00 2019,851567968673254,0
-14.68,+1.255,+11.72,Wed May 15 12:24:44 GMT+08:00 2019,851567988674561,0
-0.4690,-2.689,-6.152,Wed May 15 12:24:44 GMT+08:00 2019,851568054649254,0
+4.529,-10.14,-1.095,Wed May 15 12:24:44 GMT+08:00 2019,851568120686715,0
-0.7370,-9.777,-0.8460,Wed May 15 12:24:44 GMT+08:00 2019,851568186645023,0
-20.79,-0.3720,+2.007,Wed May 15 12:24:44 GMT+08:00 2019,851568252678407,0
-30.94,+8.132,+14.23,Wed May 15 12:24:44 GMT+08:00 2019,851568318663638,0
-9.567,+10.85,+12.43,Wed May 15 12:24:44 GMT+08:00 2019,851568384657792,0
+5.085,+6.446,+2.831,Wed May 15 12:24:44 GMT+08:00 2019,851568450661407,0
+2.767,+6.216,+0.7430,Wed May 15 12:24:44 GMT+08:00 2019,851568516678715,0
-14.43,+17.44,+3.999,Wed May 15 12:24:44 GMT+08:00 2019,851568582666023,0
-30.92,+17.73,+11.45,Wed May 15 12:24:44 GMT+08:00 2019,851568648682638,0
-7.058,-1.693,+0.9920,Wed May 15 12:24:44 GMT+08:00 2019,851568714666638,0
+11.52,-12.21,-3.604,Wed May 15 12:24:44 GMT+08:00 2019,851568780664177,0
+2.442,-15.06,+0.01500,Wed May 15 12:24:44 GMT+08:00 2019,851568846677023,0
-0.9090,-11.96,+0.2830,Wed May 15 12:24:44 GMT+08:00 2019,851568913792330,0
-20.12,+1.083,-5.577,Wed May 15 12:24:45 GMT+08:00 2019,851568978647407,0
+39.03,+13.59,+9.822,Wed May 15 12:24:45 GMT+08:00 2019,851569044661561,0
-15.06,+15.52,+12.89,Wed May 15 12:24:45 GMT+08:00 2019,851569110661946,0
+0.7370,+11.66,+9.324,Wed May 15 12:24:45 GMT+08:00 2019,851569176657177,0
+4.223,+6.063,+7.236,Wed May 15 12:24:45 GMT+08:00 2019,851569242658331,0
-4.893,+8.055,+2.179,Wed May 15 12:24:45 GMT+08:00 2019,851569310337100,0
-31.38,+25.87,+13.92,Wed May 15 12:24:45 GMT+08:00 2019,851569374649946,0
-23.78,+7.078,+9.018,Wed May 15 12:24:45 GMT+08:00 2019,851569440652561,0
-0.3160,-9.834,-2.493,Wed May 15 12:24:45 GMT+08:00 2019,851569506659407,0
+3.955,-17.76,-0.09900,Wed May 15 12:24:45 GMT+08:00 2019,851569572653254,0
+3.131,-14.45,-3.738,Wed May 15 12:24:45 GMT+08:00 2019,851569638649869,0
-8.763,-6.310,-0.5010,Wed May 15 12:24:45 GMT+08:00 2019,851569704648561,0
+39.03,+11.60,+7.581,Wed May 15 12:24:45 GMT+08:00 2019,851569770645792,0
-21.06,+18.61,+9.362,Wed May 15 12:24:45 GMT+08:00 2019,851569836653715,0
+2.940,+10.74,+6.834,Wed May 15 12:24:45 GMT+08:00 2019,851569903832100,0
+6.560,+6.235,+4.401,Wed May 15 12:24:46 GMT+08:00 2019,851569968656715,0
+1.714,+5.871,+5.704,Wed May 15 12:24:46 GMT+08:00 2019,851570034662177,0
-25.79,+22.63,+10.88,Wed May 15 12:24:46 GMT+08:00 2019,851570100647792,0
-34.89,+8.860,+8.749,Wed May 15 12:24:46 GMT+08:00 2019,851570166647792,0
-3.687,-7.191,-6.228,Wed May 15 12:24:46 GMT+08:00 2019,851570237958254,0
+5.123,-17.34,-1.650,Wed May 15 12:24:46 GMT+08:00 2019,851570298675561,0
+11.65,-19.81,-2.206,Wed May 15 12:24:46 GMT+08:00 2019,851570364649792,0
-3.399,-10.50,+2.084,Wed May 15 12:24:46 GMT+08:00 2019,851570430656177,0
-38.60,+9.070,+0.3410,Wed May 15 12:24:46 GMT+08:00 2019,851570496652254,0
-28.95,+18.74,+25.93,Wed May 15 12:24:46 GMT+08:00 2019,851570562659715,0
-4.376,+12.52,+3.923,Wed May 15 12:24:46 GMT+08:00 2019,851570628677946,0
+5.085,+6.657,+4.459,Wed May 15 12:24:46 GMT+08:00 2019,851570694681715,0
+6.809,+2.615,+5.800,Wed May 15 12:24:46 GMT+08:00 2019,851570760664023,0
-2.882,+9.338,+6.068,Wed May 15 12:24:46 GMT+08:00 2019,851570826664023,0
+39.03,+16.46,+19.28,Wed May 15 12:24:46 GMT+08:00 2019,851570892667254,0
-14.16,-3.053,+5.436,Wed May 15 12:24:47 GMT+08:00 2019,851570958667638,0
+1.561,-13.82,-4.121,Wed May 15 12:24:47 GMT+08:00 2019,851571024667023,0
+9.605,-16.60,-5.577,Wed May 15 12:24:47 GMT+08:00 2019,851571090663100,0
+5.411,-10.54,+0.2260,Wed May 15 12:24:47 GMT+08:00 2019,851571156678177,0
-15.85,+0.5270,-4.907,Wed May 15 12:24:47 GMT+08:00 2019,851571222673792,0
+39.03,+19.49,+21.66,Wed May 15 12:24:47 GMT+08:00 2019,851571288649331,0
-12.92,+12.12,+3.482,Wed May 15 12:24:47 GMT+08:00 2019,851571354651331,0
-0.5070,+5.527,+4.650,Wed May 15 12:24:47 GMT+08:00 2019,851571420646484,0
+2.557,+0.5270,+5.397,Wed May 15 12:24:47 GMT+08:00 2019,851571486654715,0
+3.763,-2.689,+3.233,Wed May 15 12:24:47 GMT+08:00 2019,851571552670254,0
+5.028,+2.213,+7.734,Wed May 15 12:24:47 GMT+08:00 2019,851571618676638,0
+39.20,+25.75,+23.40,Wed May 15 12:24:47 GMT+08:00 2019,851571684647792,0
-16.02,+1.179,+13.37,Wed May 15 12:24:47 GMT+08:00 2019,851571750675869,0
-3.917,-11.86,-2.436,Wed May 15 12:24:47 GMT+08:00 2019,851571817286485,0
+4.453,-14.91,-7.205,Wed May 15 12:24:47 GMT+08:00 2019,851571882723946,0
+8.705,-15.24,-2.493,Wed May 15 12:24:48 GMT+08:00 2019,851571948646869,0
-15.83,-8.512,-2.493,Wed May 15 12:24:48 GMT+08:00 2019,851572014767561,0
+39.10,+19.70,+22.10,Wed May 15 12:24:48 GMT+08:00 2019,851572080645177,0
-6.771,+15.31,-3.930,Wed May 15 12:24:48 GMT+08:00 2019,851572146652869,0
+3.859,+8.917,+6.853,Wed May 15 12:24:48 GMT+08:00 2019,851572213064946,0
+5.123,+3.516,+2.084,Wed May 15 12:24:48 GMT+08:00 2019,851572278653869,0
-2.537,+14.11,+3.559,Wed May 15 12:24:48 GMT+08:00 2019,851572344670331,0
+39.20,+30.41,+20.59,Wed May 15 12:24:48 GMT+08:00 2019,851572410650946,0
-14.57,-3.915,+6.279,Wed May 15 12:24:48 GMT+08:00 2019,851572476653023,0
+4.223,-17.44,-1.440,Wed May 15 12:24:48 GMT+08:00 2019,851572542649869,0
+4.376,-20.00,-4.753,Wed May 15 12:24:48 GMT+08:00 2019,851572608660023,0
-0.08600,-14.10,+0.9730,Wed May 15 12:24:48 GMT+08:00 2019,851572674648485,0
-24.12,-0.4870,-0.08000,Wed May 15 12:24:48 GMT+08:00 2019,851572740650638,0
+39.20,+22.42,+13.79,Wed May 15 12:24:48 GMT+08:00 2019,851572806651715,0
-10.62,+15.54,+4.478,Wed May 15 12:24:48 GMT+08:00 2019,851572872672561,0
+1.752,+9.568,+3.731,Wed May 15 12:24:49 GMT+08:00 2019,851572938732408,0
+4.415,+4.473,+4.114,Wed May 15 12:24:49 GMT+08:00 2019,851573004649946,0
+2.633,+3.994,+2.601,Wed May 15 12:24:49 GMT+08:00 2019,851573070646869,0
+39.03,+28.63,+18.35,Wed May 15 12:24:49 GMT+08:00 2019,851573136654792,0
-20.08,+0.8530,+11.68,Wed May 15 12:24:49 GMT+08:00 2019,851573202648331,0
+0.8330,-11.08,-8.067,Wed May 15 12:24:49 GMT+08:00 2019,851573269114869,0
+6.828,-18.57,-3.432,Wed May 15 12:24:49 GMT+08:00 2019,851573334650562,0
+2.882,-13.88,-4.217,Wed May 15 12:24:49 GMT+08:00 2019,851573401026485,0
-13.55,-5.065,-2.397,Wed May 15 12:24:49 GMT+08:00 2019,851573466645638,0
+39.03,+21.94,+10.80,Wed May 15 12:24:49 GMT+08:00 2019,851573532650254,0
-11.94,+14.34,+7.638,Wed May 15 12:24:49 GMT+08:00 2019,851573598648946,0
+1.158,+7.231,+0.5900,Wed May 15 12:24:49 GMT+08:00 2019,851573664649485,0
+4.970,+4.167,+2.103,Wed May 15 12:24:49 GMT+08:00 2019,851573730651869,0
+5.334,+3.362,+4.880,Wed May 15 12:24:49 GMT+08:00 2019,851573796646254,0
-33.55,+24.20,+14.90,Wed May 15 12:24:49 GMT+08:00 2019,851573862649946,0
-28.26,+7.174,+21.81,Wed May 15 12:24:50 GMT+08:00 2019,851573928651485,0
-3.284,-6.808,-4.638,Wed May 15 12:24:50 GMT+08:00 2019,851573994646869,0
+5.411,-11.50,-6.688,Wed May 15 12:24:50 GMT+08:00 2019,851574060648562,0
+4.510,-11.19,-5.079,Wed May 15 12:24:50 GMT+08:00 2019,851574126650638,0
-4.223,-5.218,-1.784,Wed May 15 12:24:50 GMT+08:00 2019,851574192684254,0
+39.03,+15.39,+7.275,Wed May 15 12:24:50 GMT+08:00 2019,851574258650946,0
-19.60,+14.47,+9.382,Wed May 15 12:24:50 GMT+08:00 2019,851574324647408,0
-1.752,+8.266,+0.9540,Wed May 15 12:24:50 GMT+08:00 2019,851574390647254,0
+2.212,+6.638,+3.233,Wed May 15 12:24:50 GMT+08:00 2019,851574456646023,0
+6.502,+2.194,+4.497,Wed May 15 12:24:50 GMT+08:00 2019,851574522648331,0
-1.752,+9.396,+5.589,Wed May 15 12:24:50 GMT+08:00 2019,851574588686562,0
+39.20,+22.80,+19.17,Wed May 15 12:24:50 GMT+08:00 2019,851574654647254,0
-11.35,-1.808,+3.539,Wed May 15 12:24:50 GMT+08:00 2019,851574720649639,0
+4.357,-14.26,-1.880,Wed May 15 12:24:50 GMT+08:00 2019,851574786649331,0
+4.989,-13.91,-6.458,Wed May 15 12:24:50 GMT+08:00 2019,851574852680100,0
+0.4300,-7.804,-2.474,Wed May 15 12:24:50 GMT+08:00 2019,851574920191562,0
-20.85,+3.496,+3.022,Wed May 15 12:24:51 GMT+08:00 2019,851574984646254,0
-38.57,+19.38,+10.26,Wed May 15 12:24:51 GMT+08:00 2019,851575050649946,0
-4.453,+9.358,-0.5390,Wed May 15 12:24:51 GMT+08:00 2019,851575116646254,0
+1.963,+6.140,+0.03400,Wed May 15 12:24:51 GMT+08:00 2019,851575182648023,0
+3.917,+3.362,+5.972,Wed May 15 12:24:51 GMT+08:00 2019,851575248661639,0
-0.4500,+4.186,+4.344,Wed May 15 12:24:51 GMT+08:00 2019,851575314653408,0
-38.36,+21.21,+20.70,Wed May 15 12:24:51 GMT+08:00 2019,851575380669715,0
-16.00,+1.274,+9.880,Wed May 15 12:24:51 GMT+08:00 2019,851575446803715,0
-2.423,-6.463,-2.819,Wed May 15 12:24:51 GMT+08:00 2019,851575513297254,0
+5.066,-11.10,-4.734,Wed May 15 12:24:51 GMT+08:00 2019,851575579319254,0
+2.269,-8.551,-5.883,Wed May 15 12:24:51 GMT+08:00 2019,851575644679023,0
-5.296,-2.900,-2.282,Wed May 15 12:24:51 GMT+08:00 2019,851575710667485,0
-36.88,+15.10,+7.006,Wed May 15 12:24:51 GMT+08:00 2019,851575776644792,0
-14.72,+13.32,+10.76,Wed May 15 12:24:51 GMT+08:00 2019,851575842660254,0
-3.112,+8.227,+1.241,Wed May 15 12:24:51 GMT+08:00 2019,851575908653639,0
+0.4300,+4.799,+0.2070,Wed May 15 12:24:52 GMT+08:00 2019,851575974679792,0
+5.047,+1.964,+2.218,Wed May 15 12:24:52 GMT+08:00 2019,851576040681254,0
-4.778,+10.95,+6.183,Wed May 15 12:24:52 GMT+08:00 2019,851576106980869,0
-38.95,+19.76,+13.77,Wed May 15 12:24:52 GMT+08:00 2019,851576172666869,0
-11.85,+0.9680,+1.988,Wed May 15 12:24:52 GMT+08:00 2019,851576238672023,0
+1.292,-8.666,+2.486,Wed May 15 12:24:52 GMT+08:00 2019,851576304665716,0
+6.273,-14.09,-7.167,Wed May 15 12:24:52 GMT+08:00 2019,851576370663639,0
+4.740,-11.64,-2.168,Wed May 15 12:24:52 GMT+08:00 2019,851576436664100,0
-24.58,+2.175,-1.306,Wed May 15 12:24:52 GMT+08:00 2019,851576502665023,0
+39.03,+21.23,+7.619,Wed May 15 12:24:52 GMT+08:00 2019,851576568664562,0
-5.545,+12.36,+5.474,Wed May 15 12:24:52 GMT+08:00 2019,851576634677023,0
+3.438,+6.523,+1.701,Wed May 15 12:24:52 GMT+08:00 2019,851576700681639,0
+5.621,+3.439,+3.080,Wed May 15 12:24:52 GMT+08:00 2019,851576766671485,0
-6.866,+12.29,+3.712,Wed May 15 12:24:52 GMT+08:00 2019,851576832692716,0
-31.65,+17.04,+18.63,Wed May 15 12:24:52 GMT+08:00 2019,851576898646254,0
-9.395,+0.3170,+4.114,Wed May 15 12:24:53 GMT+08:00 2019,851576964656177,0
+0.6220,-9.279,-2.761,Wed May 15 12:24:53 GMT+08:00 2019,851577030674485,0
+5.200,-15.08,-3.393,Wed May 15 12:24:53 GMT+08:00 2019,851577096680639,0
+0.2960,-9.451,-1.037,Wed May 15 12:24:53 GMT+08:00 2019,851577168128793,0
-26.39,+6.331,+0.2640,Wed May 15 12:24:53 GMT+08:00 2019,851577228645716,0
-33.78,+17.31,+12.64,Wed May 15 12:24:53 GMT+08:00 2019,851577294650254,0
-7.671,+10.10,+5.532,Wed May 15 12:24:53 GMT+08:00 2019,851577360646485,0
-0.2580,+3.899,-1.325,Wed May 15 12:24:53 GMT+08:00 2019,851577426650023,0
+1.005,+2.634,+0.9730,Wed May 15 12:24:53 GMT+08:00 2019,851577492648408,0
-0.2960,+2.941,+3.750,Wed May 15 12:24:53 GMT+08:00 2019,851577558648100,0
-25.60,+15.95,+7.026,Wed May 15 12:24:53 GMT+08:00 2019,851577624680023,0
-24.12,+8.093,+3.808,Wed May 15 12:24:53 GMT+08:00 2019,851577690649023,0
-4.549,-0.9850,-1.861,Wed May 15 12:24:53 GMT+08:00 2019,851577756681793,0
+5.545,-9.834,-5.883,Wed May 15 12:24:53 GMT+08:00 2019,851577822647639,0
-0.9860,-11.44,-2.091,Wed May 15 12:24:53 GMT+08:00 2019,851577888649485,0
-13.42,-1.579,-1.650,Wed May 15 12:24:54 GMT+08:00 2019,851577954696485,0
-25.56,+8.189,+6.279,Wed May 15 12:24:54 GMT+08:00 2019,851578020651485,0
-20.70,+14.95,+13.58,Wed May 15 12:24:54 GMT+08:00 2019,851578086657023,0
-3.648,+8.860,+6.777,Wed May 15 12:24:54 GMT+08:00 2019,851578152648331,0
-0.3350,+4.148,+1.988,Wed May 15 12:24:54 GMT+08:00 2019,851578218649562,0
-4.127,+5.565,+3.578,Wed May 15 12:24:54 GMT+08:00 2019,851578284651023,0
-14.49,+17.67,+9.611,Wed May 15 12:24:54 GMT+08:00 2019,851578350655485,0
-25.24,+17.71,+11.37,Wed May 15 12:24:54 GMT+08:00 2019,851578416774408,0
-1.886,-0.5630,-0.9800,Wed May 15 12:24:54 GMT+08:00 2019,851578482647793,0
+3.706,-9.700,-2.895,Wed May 15 12:24:54 GMT+08:00 2019,851578548658485,0
+3.782,-13.44,-0.8650,Wed May 15 12:24:54 GMT+08:00 2019,851578614651946,0
-4.089,-5.754,-4.773,Wed May 15 12:24:54 GMT+08:00 2019,851578680655870,0
-16.02,+5.795,+5.359,Wed May 15 12:24:54 GMT+08:00 2019,851578746655408,0
-30.41,+20.07,+1.701,Wed May 15 12:24:54 GMT+08:00 2019,851578812675254,0
-10.68,+15.85,+8.979,Wed May 15 12:24:54 GMT+08:00 2019,851578878883331,0
+4.338,+5.431,+2.946,Wed May 15 12:24:55 GMT+08:00 2019,851578944678793,0
+3.074,+2.673,+2.352,Wed May 15 12:24:55 GMT+08:00 2019,851579010646023,0
-2.365,+10.22,+4.325,Wed May 15 12:24:55 GMT+08:00 2019,851579076647639,0
-29.01,+20.10,+24.93,Wed May 15 12:24:55 GMT+08:00 2019,851579142649716,0
-13.42,+1.887,+4.421,Wed May 15 12:24:55 GMT+08:00 2019,851579208692177,0
+2.997,-8.110,-5.634,Wed May 15 12:24:55 GMT+08:00 2019,851579274648562,0
+1.216,-12.09,-0.3860,Wed May 15 12:24:55 GMT+08:00 2019,851579340666177,0
+0.3730,-9.202,-4.868,Wed May 15 12:24:55 GMT+08:00 2019,851579406659947,0
-16.83,+2.136,+1.681,Wed May 15 12:24:55 GMT+08:00 2019,851579472652639,0
+39.03,+21.67,+4.459,Wed May 15 12:24:55 GMT+08:00 2019,851579538653870,0
-9.586,+14.30,+3.329,Wed May 15 12:24:55 GMT+08:00 2019,851579604652485,0
-0.7180,+7.595,+2.084,Wed May 15 12:24:55 GMT+08:00 2019,851579670652485,0
+4.185,+4.301,+5.378,Wed May 15 12:24:55 GMT+08:00 2019,851579736775177,0
-0.4880,+4.741,+7.638,Wed May 15 12:24:55 GMT+08:00 2019,851579802646485,0
-31.59,+26.02,+11.07,Wed May 15 12:24:55 GMT+08:00 2019,851579868647947,0
-23.65,+10.07,+9.401,Wed May 15 12:24:56 GMT+08:00 2019,851579934648485,0
-1.407,-7.325,-4.255,Wed May 15 12:24:56 GMT+08:00 2019,851580003562408,0
+3.687,-15.62,-1.535,Wed May 15 12:24:56 GMT+08:00 2019,851580066647100,0
+3.821,-15.04,-5.596,Wed May 15 12:24:56 GMT+08:00 2019,851580132651177,0
-6.177,-9.585,-1.267,Wed May 15 12:24:56 GMT+08:00 2019,851580198651716,0
+39.03,+12.94,+8.443,Wed May 15 12:24:56 GMT+08:00 2019,851580264646562,0
-13.59,+16.75,+13.69,Wed May 15 12:24:56 GMT+08:00 2019,851580330663254,0
-0.7180,+9.645,+1.279,Wed May 15 12:24:56 GMT+08:00 2019,851580396658562,0
+5.047,+4.282,+3.788,Wed May 15 12:24:56 GMT+08:00 2019,851580462674562,0
+5.564,+2.807,+3.463,Wed May 15 12:24:56 GMT+08:00 2019,851580528659639,0
-21.75,+21.50,+13.44,Wed May 15 12:24:56 GMT+08:00 2019,851580594662947,0
-25.02,+7.959,+13.40,Wed May 15 12:24:56 GMT+08:00 2019,851580660658100,0
-1.561,-4.528,-7.263,Wed May 15 12:24:56 GMT+08:00 2019,851580726659870,0
+2.116,-11.37,+1.279,Wed May 15 12:24:56 GMT+08:00 2019,851580792659716,0
+7.269,-15.60,-7.014,Wed May 15 12:24:56 GMT+08:00 2019,851580858648947,0
-9.356,-8.244,+0.8960,Wed May 15 12:24:57 GMT+08:00 2019,851580924657716,0
+39.03,+12.94,+10.09,Wed May 15 12:24:57 GMT+08:00 2019,851580991576639,0
-16.94,+17.04,+17.60,Wed May 15 12:24:57 GMT+08:00 2019,851581056709408,0
-1.254,+9.817,+0.3220,Wed May 15 12:24:57 GMT+08:00 2019,851581122647408,0
+4.051,+4.856,+0.3410,Wed May 15 12:24:57 GMT+08:00 2019,851581188648562,0
+3.323,+3.611,+2.697,Wed May 15 12:24:57 GMT+08:00 2019,851581254653177,0
-6.215,+14.59,+1.452,Wed May 15 12:24:57 GMT+08:00 2019,851581320688024,0
-30.46,+17.34,+26.39,Wed May 15 12:24:57 GMT+08:00 2019,851581386647024,0
-6.024,-3.494,-2.838,Wed May 15 12:24:57 GMT+08:00 2019,851581452676331,0
+4.836,-11.90,-2.091,Wed May 15 12:24:57 GMT+08:00 2019,851581518654100,0
+2.997,-14.14,-5.385,Wed May 15 12:24:57 GMT+08:00 2019,851581584675331,0
-2.193,-9.738,-2.321,Wed May 15 12:24:57 GMT+08:00 2019,851581650667254,0
-29.81,+11.43,+7.428,Wed May 15 12:24:57 GMT+08:00 2019,851581716664408,0
-29.68,+19.05,+7.351,Wed May 15 12:24:57 GMT+08:00 2019,851581782672793,0
-3.840,+10.68,+3.961,Wed May 15 12:24:57 GMT+08:00 2019,851581848666024,0
+1.350,+6.140,-0.7690,Wed May 15 12:24:57 GMT+08:00 2019,851581914667408,0
+4.568,+2.500,+6.374,Wed May 15 12:24:58 GMT+08:00 2019,851581980672408,0
+3.074,+3.745,+2.160,Wed May 15 12:24:58 GMT+08:00 2019,851582046665408,0
-32.63,+21.16,+30.62,Wed May 15 12:24:58 GMT+08:00 2019,851582112665485,0
-16.33,+2.692,+5.263,Wed May 15 12:24:58 GMT+08:00 2019,851582178679485,0
+0.1240,-4.969,+0.8000,Wed May 15 12:24:58 GMT+08:00 2019,851582244679716,0
+2.423,-11.06,-5.634,Wed May 15 12:24:58 GMT+08:00 2019,851582310658562,0
+4.951,-12.00,-6.305,Wed May 15 12:24:58 GMT+08:00 2019,851582376646408,0
-21.25,-0.7740,+0.7620,Wed May 15 12:24:58 GMT+08:00 2019,851582442655177,0
+39.14,+17.23,+12.91,Wed May 15 12:24:58 GMT+08:00 2019,851582508656870,0
-5.506,+8.706,+4.842,Wed May 15 12:24:58 GMT+08:00 2019,851582574670793,0
+0.7560,+6.331,-0.5970,Wed May 15 12:24:58 GMT+08:00 2019,851582640654716,0
+2.691,+4.339,+2.179,Wed May 15 12:24:58 GMT+08:00 2019,851582706652254,0
-2.691,+6.753,+2.352,Wed May 15 12:24:58 GMT+08:00 2019,851582772649254,0
-33.74,+21.88,+20.84,Wed May 15 12:24:58 GMT+08:00 2019,851582838656485,0
-11.75,+1.332,+8.615,Wed May 15 12:24:58 GMT+08:00 2019,851582904657331,0
-1.810,-5.486,-3.700,Wed May 15 12:24:59 GMT+08:00 2019,851582970670101,0
+0.6220,-10.77,-5.290,Wed May 15 12:24:59 GMT+08:00 2019,851583036647562,0
+3.668,-11.77,-5.443,Wed May 15 12:24:59 GMT+08:00 2019,851583102648408,0
-17.29,-1.061,+2.026,Wed May 15 12:24:59 GMT+08:00 2019,851583168650947,0
+39.10,+18.42,+2.678,Wed May 15 12:24:59 GMT+08:00 2019,851583234651408,0
-8.322,+8.764,+9.056,Wed May 15 12:24:59 GMT+08:00 2019,851583300652639,0
+0.7940,+4.033,-2.800,Wed May 15 12:24:59 GMT+08:00 2019,851583366650485,0
+1.752,+2.711,+1.375,Wed May 15 12:24:59 GMT+08:00 2019,851583432649562,0
-0.2580,+5.124,+6.144,Wed May 15 12:24:59 GMT+08:00 2019,851583498660178,0
-27.21,+17.86,+11.01,Wed May 15 12:24:59 GMT+08:00 2019,851583564660178,0
-27.28,+8.036,+5.244,Wed May 15 12:24:59 GMT+08:00 2019,851583630706254,0
-2.595,-1.042,-1.421,Wed May 15 12:24:59 GMT+08:00 2019,851583696654947,0
+3.974,-8.302,-0.5200,Wed May 15 12:24:59 GMT+08:00 2019,851583762652024,0
+5.219,-11.60,-2.800,Wed May 15 12:24:59 GMT+08:00 2019,851583828653408,0
-5.162,-6.616,+2.065,Wed May 15 12:24:59 GMT+08:00 2019,851583894655639,0
+39.18,+14.80,-3.298,Wed May 15 12:25:00 GMT+08:00 2019,851583961019178,0
-11.21,+9.415,+10.57,Wed May 15 12:25:00 GMT+08:00 2019,851584026894024,0
-1.561,+6.120,-3.604,Wed May 15 12:25:00 GMT+08:00 2019,851584092664639,0
+2.288,+3.381,+1.950,Wed May 15 12:25:00 GMT+08:00 2019,851584158644870,0
-0.5650,+4.014,+3.731,Wed May 15 12:25:00 GMT+08:00 2019,851584224646562,0
-12.90,+13.80,+7.428,Wed May 15 12:25:00 GMT+08:00 2019,851584290680254,0
-32.57,+11.94,+14.07,Wed May 15 12:25:00 GMT+08:00 2019,851584356679870,0
-5.315,-2,+0.2830,Wed May 15 12:25:00 GMT+08:00 2019,851584423320408,0
+4.855,-9.106,-2.417,Wed May 15 12:25:00 GMT+08:00 2019,851584488649870,0
+4.491,-11.81,-4.734,Wed May 15 12:25:00 GMT+08:00 2019,851584554666024,0
-3.304,-7.325,-1.995,Wed May 15 12:25:00 GMT+08:00 2019,851584622455024,0
-26.06,+5.297,-3.317,Wed May 15 12:25:00 GMT+08:00 2019,851584686674716,0
-26.59,+15.98,+12.10,Wed May 15 12:25:00 GMT+08:00 2019,851584752664793,0
-3.782,+9.319,+1.145,Wed May 15 12:25:00 GMT+08:00 2019,851584818672947,0
+1.618,+5.871,+1.164,Wed May 15 12:25:00 GMT+08:00 2019,851584884677716,0
+4.204,+3.381,+4.919,Wed May 15 12:25:01 GMT+08:00 2019,851584951300793,0
+1.580,+7.404,+7.064,Wed May 15 12:25:01 GMT+08:00 2019,851585016649255,0
+39.08,+20.95,+15.05,Wed May 15 12:25:01 GMT+08:00 2019,851585082679331,0
-9.969,-1.789,+2.237,Wed May 15 12:25:01 GMT+08:00 2019,851585148678255,0
+3.859,-11.46,-2.991,Wed May 15 12:25:01 GMT+08:00 2019,851585214666947,0
+5.047,-13.86,-4.160,Wed May 15 12:25:01 GMT+08:00 2019,851585280667408,0
+0.4300,-10.68,-1.995,Wed May 15 12:25:01 GMT+08:00 2019,851585346665255,0
-21.35,+2.481,+0.4750,Wed May 15 12:25:01 GMT+08:00 2019,851585412667562,0
-39.14,+19.55,+11.05,Wed May 15 12:25:01 GMT+08:00 2019,851585478667408,0
-5.047,+9.453,-0.6160,Wed May 15 12:25:01 GMT+08:00 2019,851585544667870,0
+2.059,+5.891,+1.930,Wed May 15 12:25:01 GMT+08:00 2019,851585610669255,0
+5.085,+2.903,+4.535,Wed May 15 12:25:01 GMT+08:00 2019,851585676665331,0
-0.2770,+6.887,+3.539,Wed May 15 12:25:01 GMT+08:00 2019,851585742647716,0
+39.22,+23.68,+21.95,Wed May 15 12:25:01 GMT+08:00 2019,851585808646024,0
-16.17,+2.826,+9.650,Wed May 15 12:25:01 GMT+08:00 2019,851585874647485,0
-1.177,-10.73,+1.030,Wed May 15 12:25:02 GMT+08:00 2019,851585940689639,0
+6.656,-17.38,-7.646,Wed May 15 12:25:02 GMT+08:00 2019,851586006650255,0
+2.231,-13.93,-3.527,Wed May 15 12:25:02 GMT+08:00 2019,851586072648639,0
-22.21,-1.215,-4.428,Wed May 15 12:25:02 GMT+08:00 2019,851586138649870,0
+39.05,+16.83,+12.48,Wed May 15 12:25:02 GMT+08:00 2019,851586204680332,0
-9.663,+12.04,+1.777,Wed May 15 12:25:02 GMT+08:00 2019,851586270648408,0
-1.331,+8.132,+4.095,Wed May 15 12:25:02 GMT+08:00 2019,851586336930408,0
+4.031,+5.239,+3.846,Wed May 15 12:25:02 GMT+08:00 2019,851586402650332,0
-2.078,+8.457,+6.700,Wed May 15 12:25:02 GMT+08:00 2019,851586468649255,0
+39.03,+23.26,+20.15,Wed May 15 12:25:02 GMT+08:00 2019,851586534651024,0
-18.21,+1.006,+7.485,Wed May 15 12:25:02 GMT+08:00 2019,851586600669101,0
-0.4110,-8.627,-4.236,Wed May 15 12:25:02 GMT+08:00 2019,851586666646562,0
+6.483,-14.20,-4.715,Wed May 15 12:25:02 GMT+08:00 2019,851586732649485,0
+2.154,-13.90,-2.627,Wed May 15 12:25:02 GMT+08:00 2019,851586798646408,0
-15.72,-6.386,-4.025,Wed May 15 12:25:02 GMT+08:00 2019,851586864686793,0
+39.06,+11.35,+10.49,Wed May 15 12:25:03 GMT+08:00 2019,851586930648255,0
-9.605,+8.247,+5.493,Wed May 15 12:25:03 GMT+08:00 2019,851586996767793,0
-2.039,+3.956,+5.206,Wed May 15 12:25:03 GMT+08:00 2019,851587062647870,0
+2.882,+1.179,+4.344,Wed May 15 12:25:03 GMT+08:00 2019,851587128647255,0
+1.197,-0.1420,+0.8200,Wed May 15 12:25:03 GMT+08:00 2019,851587194649793,0
-21.65,+5.642,+9.171,Wed May 15 12:25:03 GMT+08:00 2019,851587260687485,0
-36.42,+9.875,+8.041,Wed May 15 12:25:03 GMT+08:00 2019,851587326650332,0
-11.48,+4.588,-0.2900,Wed May 15 12:25:03 GMT+08:00 2019,851587392646793,0
-0.6790,-6.635,-5.271,Wed May 15 12:25:03 GMT+08:00 2019,851587458647947,0
+7.728,-15.89,-7.435,Wed May 15 12:25:03 GMT+08:00 2019,851587524652101,0
-4.836,-10.75,-2.915,Wed May 15 12:25:03 GMT+08:00 2019,851587590649178,0
-33.49,+7.902,+5.761,Wed May 15 12:25:03 GMT+08:00 2019,851587657313793,0
-19.32,+13.76,+4.555,Wed May 15 12:25:03 GMT+08:00 2019,851587722649870,0
-2.480,+4.990,+7.332,Wed May 15 12:25:03 GMT+08:00 2019,851587788647178,0
+1.618,+3.267,+5.436,Wed May 15 12:25:03 GMT+08:00 2019,851587854653255,0
-4.395,+8.419,+4.555,Wed May 15 12:25:03 GMT+08:00 2019,851587920685716,0
-37.44,+24.58,+13.61,Wed May 15 12:25:04 GMT+08:00 2019,851587986845101,0
-16.41,+4.933,+8.539,Wed May 15 12:25:04 GMT+08:00 2019,851588052822947,0
+6.809,-8.551,-0.8840,Wed May 15 12:25:04 GMT+08:00 2019,851588118653485,0
+5.238,-11.65,-6.171,Wed May 15 12:25:04 GMT+08:00 2019,851588184651409,0
+2.020,-12.82,-1.152,Wed May 15 12:25:04 GMT+08:00 2019,851588250655562,0
-7.345,-9.106,-4.658,Wed May 15 12:25:04 GMT+08:00 2019,851588316747178,0
-36.80,+7.921,+11.32,Wed May 15 12:25:04 GMT+08:00 2019,851588382650562,0
-21.60,+15.81,+13.23,Wed May 15 12:25:04 GMT+08:00 2019,851588448655332,0
-3.438,+10.03,+3.999,Wed May 15 12:25:04 GMT+08:00 2019,851588514651870,0
+3.821,+6.427,+3.616,Wed May 15 12:25:04 GMT+08:00 2019,851588580685639,0
+2.518,+5.852,+4.727,Wed May 15 12:25:04 GMT+08:00 2019,851588646651024,0
-11.79,+15.05,+16.76,Wed May 15 12:25:04 GMT+08:00 2019,851588712651793,0
-33.80,+12.92,+20.24,Wed May 15 12:25:04 GMT+08:00 2019,851588778650024,0
-9.356,-6.252,-3.451,Wed May 15 12:25:04 GMT+08:00 2019,851588844653639,0
+4.127,-14.74,-4.562,Wed May 15 12:25:04 GMT+08:00 2019,851588910648101,0
+5.334,-17.50,-7.837,Wed May 15 12:25:05 GMT+08:00 2019,851588976686024,0
-1.446,-12.86,-0.04100,Wed May 15 12:25:05 GMT+08:00 2019,851589042645947,0
-33.18,+10.09,+2.275,Wed May 15 12:25:05 GMT+08:00 2019,851589108651332,0
-25.85,+19.18,+13.35,Wed May 15 12:25:05 GMT+08:00 2019,851589174648409,0
-2.978,+10.68,+1.088,Wed May 15 12:25:05 GMT+08:00 2019,851589240679486,0
+3.706,+5.373,+2.486,Wed May 15 12:25:05 GMT+08:00 2019,851589306649024,0
+4.568,+3.458,+3.788,Wed May 15 12:25:05 GMT+08:00 2019,851589372646332,0
-0.7750,+9.779,+5.493,Wed May 15 12:25:05 GMT+08:00 2019,851589438655178,0
+39.16,+19.83,+30.22,Wed May 15 12:25:05 GMT+08:00 2019,851589504648562,0
-12.67,-2.268,-2.225,Wed May 15 12:25:05 GMT+08:00 2019,851589570647562,0
+4.280,-12.15,-2.876,Wed May 15 12:25:05 GMT+08:00 2019,851589636661101,0
+5.449,-14.16,-4.140,Wed May 15 12:25:05 GMT+08:00 2019,851589702653870,0
-1.618,-10.48,-3.164,Wed May 15 12:25:05 GMT+08:00 2019,851589768653409,0
-20.54,+0.9870,-1.765,Wed May 15 12:25:05 GMT+08:00 2019,851589834657332,0
+39.03,+21.88,+11.97,Wed May 15 12:25:05 GMT+08:00 2019,851589900657486,0
-8.016,+11.81,+1.509,Wed May 15 12:25:06 GMT+08:00 2019,851589966651639,0
+1.829,+6.082,+1.950,Wed May 15 12:25:06 GMT+08:00 2019,851590032652716,0
+4.913,+5.144,+6.164,Wed May 15 12:25:06 GMT+08:00 2019,851590098667101,0
+5.564,+6.082,+9.554,Wed May 15 12:25:06 GMT+08:00 2019,851590165391486,0
-13.53,+14.41,+9.956,Wed May 15 12:25:06 GMT+08:00 2019,851590230651178,0
-37.95,+15.26,+11.16,Wed May 15 12:25:06 GMT+08:00 2019,851590297969716,0
-4.185,-4.088,+3.942,Wed May 15 12:25:06 GMT+08:00 2019,851590362651639,0
+1.082,-12.40,-2.780,Wed May 15 12:25:06 GMT+08:00 2019,851590428649563,0
+1.522,-15.16,-5.443,Wed May 15 12:25:06 GMT+08:00 2019,851590494655793,0
-4.683,-9.853,-3.834,Wed May 15 12:25:06 GMT+08:00 2019,851590564182178,0
-38.22,+8.783,+2.045,Wed May 15 12:25:06 GMT+08:00 2019,851590626897716,0
-24.18,+16.41,+11.70,Wed May 15 12:25:06 GMT+08:00 2019,851590692669947,0
-1.982,+9.396,+2.103,Wed May 15 12:25:06 GMT+08:00 2019,851590758648639,0
+4.319,+6.944,+7.102,Wed May 15 12:25:06 GMT+08:00 2019,851590824674563,0
+4.338,+2.385,+4.114,Wed May 15 12:25:06 GMT+08:00 2019,851590890650024,0
-11.16,+19.89,+10.55,Wed May 15 12:25:07 GMT+08:00 2019,851590956661639,0
+39.03,+24.26,+21.45,Wed May 15 12:25:07 GMT+08:00 2019,851591022670178,0
-13.26,-4.701,+2.275,Wed May 15 12:25:07 GMT+08:00 2019,851591088665563,0
+5.832,-23.76,+3.578,Wed May 15 12:25:07 GMT+08:00 2019,851591154664409,0
+8.858,-20.50,-3.508,Wed May 15 12:25:07 GMT+08:00 2019,851591220659024,0
-8.992,-5.371,-0.5780,Wed May 15 12:25:07 GMT+08:00 2019,851591286661563,0
-36.42,+9.626,+3.539,Wed May 15 12:25:07 GMT+08:00 2019,851591352664716,0
-24.74,+17.25,+5.838,Wed May 15 12:25:07 GMT+08:00 2019,851591418657947,0
-4.606,+11.75,+5.991,Wed May 15 12:25:07 GMT+08:00 2019,851591484660332,0
+1.599,+9.281,+5.532,Wed May 15 12:25:07 GMT+08:00 2019,851591550644870,0
+3.112,+6.140,+6.834,Wed May 15 12:25:07 GMT+08:00 2019,851591616662563,0
-2.614,+10.39,+4.899,Wed May 15 12:25:07 GMT+08:00 2019,851591682690640,0
-30.54,+15.72,+15.57,Wed May 15 12:25:07 GMT+08:00 2019,851591748650409,0
-9.069,-1.540,-1.363,Wed May 15 12:25:07 GMT+08:00 2019,851591814646332,0
+4.798,-11.44,-3.547,Wed May 15 12:25:07 GMT+08:00 2019,851591880664870,0
+3.093,-9.891,-6.362,Wed May 15 12:25:08 GMT+08:00 2019,851591946647486,0
-4.721,-1.636,-3.393,Wed May 15 12:25:08 GMT+08:00 2019,851592012660101,0
-16.39,+10.87,+9.631,Wed May 15 12:25:08 GMT+08:00 2019,851592078647486,0
-11.18,+9.568,+30.49,Wed May 15 12:25:08 GMT+08:00 2019,851592144645870,0
+0.4690,+4.626,+14.02,Wed May 15 12:25:08 GMT+08:00 2019,851592210661563,0
+0.7750,+1.868,+4.037,Wed May 15 12:25:08 GMT+08:00 2019,851592276659947,0
+3.419,+0.7190,+3.482,Wed May 15 12:25:08 GMT+08:00 2019,851592342647332,0
+2.269,+1.868,+14.69,Wed May 15 12:25:08 GMT+08:00 2019,851592408648870,0
-0.7750,+5.182,+6.987,Wed May 15 12:25:08 GMT+08:00 2019,851592474647563,0
+0.06700,+3.209,+9.573,Wed May 15 12:25:08 GMT+08:00 2019,851592540652024,0
-0.4690,+2.500,+6.413,Wed May 15 12:25:08 GMT+08:00 2019,851592606672332,0
-2.518,+2.998,+5.934,Wed May 15 12:25:08 GMT+08:00 2019,851592673046101,0
-2.825,+2.979,+7.581,Wed May 15 12:25:08 GMT+08:00 2019,851592738653486,0
+1.139,+5.412,+6.106,Wed May 15 12:25:08 GMT+08:00 2019,851592804653101,0
-3.476,+4.607,+22.64,Wed May 15 12:25:08 GMT+08:00 2019,851592870654717,0
-0.1810,+5.603,+6.183,Wed May 15 12:25:09 GMT+08:00 2019,851592936655563,0
-0.3920,+3.994,+8.328,Wed May 15 12:25:09 GMT+08:00 2019,851593002650486,0
+1.407,+3.171,+4.478,Wed May 15 12:25:09 GMT+08:00 2019,851593074311101,0
+1.235,+3.592,+4.229,Wed May 15 12:25:09 GMT+08:00 2019,851593134656101,0
-0.6990,+5.259,+9.286,Wed May 15 12:25:09 GMT+08:00 2019,851593200656332,0
