gyro_x,gyro_y,gyro_z
0.4323,0.1396,0.0547
0.1928,-0.0388,-0.01005
0.2075,-0.01925,0.06814
-0.2482,0.005185,0.09135
-0.0503,0.05039,0.1586
-0.02586,0.06261,0.1928
-0.2323,0.0736,0.2147
-0.2641,0.1151,0.2709
-0.302,0.1713,0.3736
-0.4498,0.2459,0.5019
-0.4241,0.2862,0.5972
-0.3215,0.3497,0.6912
-0.5683,0.3986,0.767
-0.4474,0.4267,0.8427
-0.4205,0.4621,0.9172
-0.4107,0.4462,0.9686
-0.3435,0.4682,0.9918
-0.3948,0.4853,0.9771
-0.214,0.445,0.9356
-0.1688,0.4768,0.9197
-0.4681,0.4426,0.8794
-0.4632,0.3925,0.8672
-0.506,0.3754,0.8696
-0.4559,0.2996,0.8268
-0.1737,0.2789,0.8036
-0.3887,0.2129,0.7059
-0.5256,0.1677,0.5556
-0.4229,0.1457,0.4298
-0.3044,0.1188,0.3467
-0.3582,0.09315,0.249
-0.2836,0.08948,0.1414
-0.0955,0.1103,0.06203
-0.06862,0.1347,0.04615
0.005902,0.09437,0.04615
0.1134,0.05528,0.08036
0.004681,0.006406,0.1085
0.05477,-0.004589,0.1524
0.01079,0.03695,0.2074
-0.1688,0.1322,0.2734
-0.1053,0.186,0.321
0.05599,0.2459,0.3699
-0.6538,0.2202,0.6081
-1.388,0.2092,0.7486
-1.21,0.4707,0.8953
-1.722,0.8103,1.13
-3.485,1.202,1.397
-5.582,1.448,1.809
-6.875,1.548,2.347
-6.45,1.512,3.052
0.2796,1.439,3.64
1.768,1.246,2.999
2.14,0.9899,1.925
1.098,0.5146,0.9038
-0.3997,-0.1304,0.05837
-0.6379,-0.6607,-0.6099
-0.02342,-1.08,-1.287
0.3431,-1.407,-1.888
0.497,-1.662,-2.359
0.5899,-1.89,-2.648
0.4494,-2.019,-2.929
-0.08939,-2.019,-3.273
-0.6502,-1.741,-3.233
-0.5536,-1.251,-2.676
-0.4742,-0.7034,-1.553
-0.5146,-0.1219,-0.2752
0.2955,0.5012,0.9759
0.7072,1.085,2.066
0.574,1.543,2.768
0.5031,1.948,3.215
0.6522,2.212,3.449
0.6901,2.279,3.375
1.006,2.138,2.863
0.8672,1.899,1.929
0.002237,1.353,0.9539
-0.8346,0.6845,0.2771
-0.4645,0.06383,-0.2862
0.1427,-0.5629,-0.8286
0.2722,-1.201,-1.387
-0.0503,-1.659,-1.914
-0.3276,-1.974,-2.368
-0.5207,-2.148,-2.702
-0.8689,-2.116,-2.957
-0.9202,-1.881,-3.257
-0.6367,-1.606,-3.437
-0.3912,-1.285,-3.072
1.009,-0.927,-2.224
2.162,-0.4933,-1.154
0.976,0.2068,0.01316
-0.3496,0.9594,1.208
-0.9287,1.545,2.278
0.02545,1.962,3.048
1.762,2.362,3.474
3.814,2.932,3.572
4.073,3.259,3.092
3.164,3.196,2.37
1.237,2.666,1.504
-0.4022,1.907,0.7377
-0.7833,1.122,0.1805
-0.1053,0.3167,-0.1591
0.3651,-0.4737,-0.3766
0.04255,-1.22,-0.5867
-0.7601,-1.89,-0.9068
-1.406,-2.388,-1.363
-1.565,-2.659,-1.845
-1.367,-2.751,-2.215
-0.82,-2.719,-2.438
-1.187,-2.6,-2.639
-1.542,-2.253,-2.581
-1.133,-1.642,-2.004
-0.4156,-1.042,-1.155
-0.00265,-0.3919,-0.1053
0.3541,0.3021,0.8757
0.5312,0.9459,1.694
0.4164,1.529,2.337
-0.08939,1.983,2.694
0.09998,2.231,2.917
0.4103,2.318,2.976
0.3602,2.125,2.795
0.337,1.823,2.336
-0.9849,1.35,1.665
-1.642,0.7932,1.014
-1.535,0.252,0.4066
-1.573,-0.2648,-0.1933
-1.193,-0.6814,-0.7724
-0.9507,-0.9783,-1.367
-1.028,-1.11,-1.942
-0.6331,-1.096,-2.452
-0.02708,-1.011,-2.819
0.6314,-0.905,-3.062
1.016,-0.8598,-3.185
0.9967,-0.8219,-3.138
0.5606,-0.7193,-2.725
0.2625,-0.4175,-1.848
-0.1676,-0.1097,-0.4731
-0.1957,0.263,0.8122
-0.1615,0.6942,1.945
-0.1041,1.209,2.813
0.205,1.772,3.359
0.5435,2.243,3.512
1.198,2.267,3.375
2.057,2.047,2.884
1.937,1.756,1.997
0.9808,1.256,1.049
-0.3227,0.5733,0.3015
-0.4913,-0.1023,-0.23
-0.2946,-0.7303,-0.7162
-0.1664,-1.281,-1.244
0.1892,-1.735,-1.727
0.7976,-2.104,-2.129
1.62,-2.459,-2.395
2.377,-3.009,-2.607
2.663,-3.176,-2.727
3.455,-3.38,-2.672
3.482,-3.373,-2.247
3,-3.014,-1.696
2.04,-2.381,-1.172
0.8526,-1.363,-0.6515
0.1171,-0.2013,-0.09679
-0.6502,0.9374,0.4591
-0.831,2.022,1.015
-0.9397,2.996,1.411
-0.8872,3.786,1.768
-0.181,4.456,2.044
0.9515,4.425,1.924
2.652,4.119,1.572
1.807,3.421,0.9637
-0.2788,2.518,0.2551
-1.078,1.549,-0.2287
-0.6538,0.6649,-0.412
-0.2934,-0.1341,-0.3827
-0.269,-0.9722,-0.4694
-0.2433,-1.802,-0.6747
-0.1358,-2.59,-0.9202
0.1256,-3.263,-1.138
0.4775,-3.659,-1.217
0.7854,-3.934,-1.201
0.7096,-3.974,-1.066
0.5936,-3.682,-0.8298
0.3907,-3.122,-0.5757
0.1574,-2.309,-0.3619
0.01445,-1.355,-0.1444
-0.06618,-0.2697,0.1121
-0.1163,0.7956,0.354
-0.2751,1.735,0.6436
-0.3606,2.636,1.003
-0.4975,3.331,1.395
-0.7528,3.806,1.691
-1.367,3.944,1.835
-1.729,3.862,1.831
-3,3.562,1.557
-2.38,2.761,1.542
-1.713,2.28,1.235
-0.9202,1.143,0.6827
0.3162,0.241,0.1231
0.8208,-0.8696,-0.7907
1.364,-1.834,-1.33
1.654,-2.785,-1.766
1.702,-3.366,-1.95
2.063,-3.759,-1.899
2.021,-3.899,-1.81
1.721,-3.719,-1.647
1.339,-3.33,-1.476
1.108,-2.755,-1.266
0.943,-2.072,-0.985
0.6595,-1.284,-0.6392
0.2918,-0.3516,-0.2605
-0.2055,0.6515,0.1207
-0.5158,1.64,0.5263
-0.82,2.616,0.9197
-1.226,3.439,1.367
-1.408,4.083,1.786
-1.845,4.361,2.005
-1.913,4.555,2.007
-2.66,4.198,1.92
-1.882,3.286,2.159
-1.582,2.531,1.842
-0.8078,1.538,1.061
0.08043,0.6136,0.1769
0.5923,-0.2416,-0.4963
0.7133,-0.9074,-0.8249
0.8758,-1.61,-1.105
1.169,-2.166,-1.308
1.114,-2.651,-1.448
1.129,-2.89,-1.449
1.283,-3.055,-1.364
1.363,-3.027,-1.24
1.648,-2.969,-1.312
1.777,-2.669,-1.336
1.346,-2.082,-1.061
0.6449,-1.21,-0.6942
0.09753,-0.08522,-0.2141
-0.4535,1.025,0.2343
-0.7736,2.088,0.624
-0.9055,2.849,0.9478
0.09142,3.388,1.151
-0.08695,3.793,0.8256
-2.257,4.001,0.3662
-3.746,3.325,0.7755
-3.939,2.421,1.05
-3.343,1.557,0.9551
-2.853,0.7016,0.5666
-2.665,0.07727,0.0266
-2.395,-0.4395,-0.5012
-1.955,-0.8109,-1.025
-0.9556,-1.055,-1.461
0.7658,-1.317,-1.767
3.103,-1.67,-1.939
5.174,-2.091,-1.808
5.203,-2.83,-1.851
4.348,-3.375,-1.976
3.731,-3.485,-1.81
3.253,-3.3,-1.475
2.308,-2.821,-1.134
1.316,-2.104,-0.864
0.4323,-1.334,-0.6319
-0.07473,-0.4407,-0.2886
-0.3985,0.5122,0.07303
-0.9605,1.391,0.475
-1.389,2.303,0.9221
-1.678,3.046,1.39
-1.767,3.654,1.754
-2.516,4.132,1.964
-2.631,4.025,2.181
-3.1,3.747,2.075
-3.508,2.844,1.923
-2.677,2.075,1.697
-2.591,1.238,1.071
-2.478,0.522,0.1915
-1.088,0.07727,-0.5183
0.03156,-0.3149,-1.042
0.3907,-0.6631,-1.448
0.2564,-0.9771,-1.808
0.1134,-1.236,-2.133
-0.2727,-1.57,-2.412
-1.444,-1.796,-2.747
-1.862,-1.749,-3.011
-1.105,-1.595,-3.122
0.3443,-1.308,-2.831
0.8611,-0.8635,-2.213
0.5777,-0.3931,-1.093
0.3517,0.2068,0.1219
0.3174,0.8347,1.138
0.2698,1.328,1.939
0.3101,1.706,2.614
0.4897,1.99,3.076
0.5044,2.248,3.33
0.5251,2.301,3.369
0.3333,2.067,3.176
-0.06251,1.661,2.774
-0.4339,1.138,2.129
-0.8701,0.6099,1.221
-1.006,0.1066,0.2783
-0.7235,-0.3442,-0.5635
-0.09184,-0.7266,-1.395
0.6962,-1.261,-2.074
1.435,-1.724,-2.554
2.499,-2.188,-2.787
3.654,-2.414,-2.662
3.983,-2.982,-2.592
3.935,-3.284,-2.322
3.211,-3.292,-1.972
2.685,-3.097,-1.481
1.813,-2.612,-1.051
1.06,-1.943,-0.6881
0.5911,-1.184,-0.3998
0.1977,-0.3968,-0.1322
-0.2446,0.4206,0.1463
-0.616,1.222,0.431
-0.7589,1.977,0.7804
-0.6636,2.637,1.208
-0.6832,3.213,1.513
-0.1468,3.606,1.677
0.3468,3.722,1.507
1.077,3.272,0.916
1.366,2.199,0.1121
1.135,0.7627,-0.4645
0.3248,-0.4762,-0.7174
0.2148,-1.473,-0.7565
0.3969,-2.091,-0.6209
0.4885,-2.461,-0.4523
0.4103,-2.707,-0.3656
0.3248,-2.746,-0.2788
0.07065,-2.624,-0.1603
-0.1236,-2.356,-0.1078
-0.2042,-1.906,-0.06869
-0.01975,-1.231,0.0009468
-0.17,-0.4322,0.128
-0.6367,0.4597,0.3333
-1.081,1.479,0.5739
-2.339,2.524,0.9722
-3.951,3.294,1.551
-5.58,3.427,2.188
-5.657,3.067,2.777
-4.467,2.535,2.948
-3.086,1.841,2.587
-1.783,1.352,1.71
-1.101,1.039,0.6656
-1.3,0.5977,-0.1102
-1.741,0.1946,-0.5427
-1.171,-0.1219,-0.803
-0.3056,-0.3577,-0.9312
0.2637,-0.5886,-1.11
0.4934,-0.7657,-1.395
0.6962,-0.9001,-1.758
0.9344,-0.8989,-2.081
1.127,-0.8671,-2.275
1.175,-0.795,-2.38
0.7756,-0.6155,-2.265
0.4738,-0.4346,-1.667
0.2967,-0.1952,-0.6185
0.7475,0.1958,0.5361
0.6852,0.6112,1.545
0.5398,1.064,2.248
0.3126,1.447,2.59
0.3101,1.683,2.645
0.06332,1.718,2.519
-0.2348,1.481,2.254
-0.2531,1.102,1.824
-0.1798,0.7089,1.229
-0.3056,0.2752,0.4835
-0.5463,-0.1426,-0.2556
-0.6453,-0.4908,-0.8787
-0.3252,-0.7462,-1.361
0.271,-0.9514,-1.69
1.125,-1.22,-1.893
1.143,-1.427,-2.121
0.9136,-1.394,-2.559
0.3248,-1.345,-2.655
0.1354,-1.143,-2.085
0.2551,-0.5018,-0.8494
0.2319,0.2275,0.5788
0.1855,0.8616,1.654
0.3626,1.455,2.276
0.3272,1.949,2.438
0.3309,2.081,2.377
0.844,1.917,2.161
0.9369,1.641,1.782
0.7279,1.259,1.275
-0.0393,0.7468,0.7548
-0.4547,0.2031,0.2881
-0.3667,-0.332,-0.2092
-0.2042,-0.8097,-0.7113
-0.04174,-1.197,-1.187
0.3859,-1.535,-1.613
1.281,-1.886,-1.953
1.347,-2.196,-2.268
1.71,-2.505,-2.637
1.821,-2.92,-3.053
2.994,-2.954,-2.91
4.097,-3.028,-2.402
5.265,-2.75,-1.512
3.945,-2.413,-1.034
2.429,-1.747,-0.7248
1.088,-1.03,-0.5782
0.4213,-0.3259,-0.4144
-0.003871,0.1799,-0.2654
-0.4889,0.5965,0.00339
-0.7076,1.016,0.3125
-1.187,1.58,0.7071
-1.982,2.25,1.208
-2.471,3.08,1.647
-2.675,3.532,2.011
-2.328,4.056,2.438
-2.644,4.004,2.494
-2.001,3.672,2.294
-1.288,3.044,1.845
-0.1493,2.567,1.523
-0.3618,2.022,1.126
-1.042,1.453,0.8354
-1.58,0.858,0.5788
-1.927,0.2532,0.2233
-1.553,-0.266,-0.2165
-0.8554,-0.6985,-0.6979
-0.3093,-1.059,-1.173
0.02423,-1.363,-1.569
0.1904,-1.621,-1.868
0.1855,-1.819,-2.083
0.1513,-1.918,-2.254
0.08531,-1.965,-2.401
-0.08817,-1.901,-2.544
-0.02098,-1.786,-2.644
0.02423,-1.575,-2.429
-0.2959,-1.098,-1.622
-0.8249,-0.5287,-0.6502
-1.5,-0.01925,0.3357
-1.46,0.4145,1.093
-0.3789,0.8946,1.761
0.6876,1.391,2.349
1.184,1.883,2.738
1.385,2.311,2.942
1.544,2.511,2.824
0.756,2.352,2.4
0.1159,1.954,1.975
-0.28,1.496,1.351
-0.7907,0.9789,0.6815
-1.046,0.4597,0.1512
-0.9654,-0.02414,-0.2727
-0.787,-0.4737,-0.649
-0.8163,-0.8965,-1.079
-1.161,-1.182,-1.587
-0.6954,-1.361,-1.981
-0.1749,-1.502,-2.175
0.227,-1.548,-2.176
0.4506,-1.56,-2.104
0.05355,-1.399,-1.955
-0.08817,-1.069,-1.59
-0.1224,-0.5983,-0.8005
0.7585,-0.09866,0.08891
0.8465,0.4059,0.7694
0.833,0.9056,1.301
0.6485,1.364,1.693
0.6644,1.735,1.904
0.7512,1.944,1.928
0.3663,1.92,1.709
-0.1138,1.645,1.401
-0.1712,1.226,1.004
-0.3301,0.7358,0.4567
-0.5585,0.1946,-0.06625
-0.7821,-0.3186,-0.4548
-0.7051,-0.734,-0.7626
-0.3814,-1.042,-1.053
-0.1468,-1.25,-1.323
0.1281,-1.333,-1.499
1.002,-1.402,-1.476
0.9442,-1.386,-1.481
0.01934,-1.342,-1.499
-0.3289,-1.171,-1.336
-0.3875,-0.9209,-1.039
-0.5023,-0.5983,-0.511
-0.1664,-0.172,0.1366
0.2527,0.3289,0.7474
0.7646,0.8885,1.284
0.6913,1.402,1.572
0.629,1.824,1.704
0.8746,2.017,1.694
0.9344,2.003,1.523
0.7548,1.78,1.259
0.249,1.347,0.883
-0.5414,0.792,0.5006
-1.041,0.2153,0.1463
-0.8481,-0.2954,-0.2067
-0.5683,-0.7376,-0.5476
-0.539,-1.102,-0.8469
-0.4803,-1.359,-1.073
-0.4486,-1.544,-1.257
-0.1187,-1.81,-1.575
1.963,-1.945,-1.867
3.101,-2.094,-2.069
3.703,-2.27,-2.087
3.495,-2.358,-1.938
3.402,-2.22,-1.622
3.424,-1.981,-1.244
2.618,-1.709,-0.9997
1.863,-1.247,-0.7125
1.109,-0.6277,-0.4499
0.4311,0.03328,-0.2043
-0.159,0.7077,0.03516
-0.5427,1.383,0.3162
-0.7491,1.906,0.5935
-0.8408,2.385,0.8183
-1.086,2.865,1.021
-1.365,3.143,1.202
-1.199,3.169,1.207
-0.6355,2.848,1.033
-0.3386,2.477,0.7706
-0.2531,2.019,0.4872
-1.274,1.549,0.2514
-3.458,0.9813,0.08891
-4.734,0.4352,0.009499
-4.595,0.00152,-0.1872
-3.288,-0.4102,-0.5977
-0.9861,-0.6619,-1.052
0.9124,-0.8427,-1.369
1.521,-1.058,-1.545
1.374,-1.237,-1.614
0.9857,-1.346,-1.607
0.8061,-1.469,-1.596
1.055,-1.406,-1.481
0.5655,-1.232,-1.265
-0.2653,-0.9881,-0.9263
-0.7956,-0.6032,-0.4645
-0.9568,-0.1219,0.05104
-0.9141,0.346,0.5483
-0.7772,0.8018,1.039
-0.5011,1.201,1.518
-0.1431,1.51,1.925
0.2881,1.747,2.2
0.4201,1.849,2.264
0.3321,1.851,2.138
-0.0112,1.74,1.887
-0.4755,1.454,1.496
-0.4645,1.118,1.053
-0.3655,0.7688,0.6167
-0.1468,0.3937,0.2563
0.111,0.02595,-0.04304
0.06332,-0.332,-0.379
-0.04419,-0.6533,-0.7321
0.08531,-0.9026,-1.056
0.2466,-1.098,-1.323
0.3089,-1.228,-1.524
0.6436,-1.286,-1.678
0.9063,-1.318,-1.758
0.9637,-1.305,-1.761
0.8904,-1.247,-1.705
0.6412,-1.133,-1.615
0.4543,-1.019,-1.578
0.05599,-1.027,-1.586
-0.3631,-0.7217,-1.333
-0.7296,-0.3332,-0.7394
-0.7455,0.1127,0.1586
-0.4156,0.5623,1.042
0.2014,0.9508,1.643
0.5374,1.316,2.041
0.5129,1.634,2.282
0.5923,1.85,2.374
0.7731,1.889,2.319
0.8721,1.904,2.122
0.8782,1.772,1.793
0.9332,1.472,1.341
1.046,1.061,0.8378
1.08,0.577,0.3748
1.171,0.05528,0.01194
1.054,-0.4701,-0.2825
0.9845,-0.9673,-0.511
0.9075,-1.433,-0.7015
0.6131,-1.807,-0.8885
-0.2067,-2.085,-1.151
-1.24,-2.157,-1.646
-1.598,-1.928,-2.216
-1.52,-1.455,-2.587
-0.5011,-0.8781,-2.447
0.2625,-0.3748,-1.867
0.6168,0.1616,-0.8213
1.082,0.7187,0.2832
1.322,1.209,1.137
1.547,1.7,1.637
1.675,2.099,1.884
1.788,2.377,1.961
2.043,2.463,1.881
1.978,2.353,1.621
2.09,2.061,1.325
1.774,1.53,0.927
1.504,0.9203,0.4652
1.395,0.3387,0.04859
1.145,-0.244,-0.2361
0.8587,-0.7914,-0.2972
0.5887,-1.297,-0.2275
0.3309,-1.738,-0.1579
0.01568,-1.995,-0.1921
-0.3398,-2.069,-0.4486
-0.06496,-1.939,-0.8958
0.3639,-1.716,-1.323
0.5667,-1.389,-1.453
0.2441,-1.137,-1.138
0.111,-1.032,-0.638
0.05233,-0.6875,-0.01982
-0.71,-0.1854,0.4957
-0.6367,0.4145,0.8647
0.2588,1.066,1.173
0.8672,1.546,1.396
1.153,1.813,1.494
0.8953,1.888,1.418
0.6815,1.799,1.219
0.2527,1.508,0.9209
0.06699,1.149,0.6033
0.1207,0.7358,0.2734
0.01323,0.2911,-0.02837
-0.1358,-0.09011,-0.2129
-0.2287,-0.4615,-0.3582
0.1378,-0.745,-0.4865
0.7011,-0.9563,-0.6405
1.361,-1.219,-0.7797
1.531,-1.411,-0.9337
1.097,-1.593,-1.2
0.326,-1.702,-1.57
-0.4522,-1.6,-1.945
-0.6709,-1.389,-2.048
-0.8689,-1.166,-1.915
-0.5854,-0.8427,-1.466
-0.3362,-0.4493,-0.8225
0.1403,0.07482,-0.07358
0.4176,0.5904,0.6155
0.4506,1.085,1.201
0.618,1.569,1.672
0.9686,1.983,1.97
1.599,2.195,2.084
1.798,2.201,1.956
1.5,1.994,1.631
0.6681,1.615,1.223
0.08287,1.132,0.7157
0.03034,0.6136,0.2086
0.1378,0.01374,-0.2251
-0.1077,-0.5788,-0.6014
-0.2739,-1.1,-0.9117
-0.5561,-1.548,-1.138
-0.6551,-1.786,-1.289
-0.258,-1.87,-1.389
-0.02586,-1.874,-1.436
-0.159,-1.853,-1.432
-0.3081,-1.736,-1.356
-0.6526,-1.526,-1.207
-0.842,-1.063,-0.9092
-0.8786,-0.4444,-0.5073
-0.6318,0.1958,0.07669
-0.0002062,0.7993,0.7401
0.6913,1.331,1.29
1.331,1.788,1.687
1.572,1.971,1.89
1.287,1.89,1.942
0.5031,1.608,1.827
0.1012,1.235,1.491
0.01323,0.8677,0.861
0.2466,0.5318,0.117
0.1256,0.153,-0.4658
-0.594,-0.2318,-0.561
-1.432,-0.5922,-0.3497
-2.6,-0.828,-0.1628
-2.358,-0.9123,-0.1041
-1.026,-0.9172,-0.1554
0.348,-0.8415,-0.1786
0.9552,-0.6912,-0.1958
1.087,-0.5641,-0.2507
0.7035,-0.525,-0.2972
0.1586,-0.42,-0.3521
-0.3227,-0.4786,-0.4267
0.1134,-0.1365,-0.7113
0.155,0.5354,-0.8811
-0.3545,1.284,-0.5293
-0.8053,1.699,-0.1286
-0.7662,1.837,0.1146
-0.3838,1.618,0.2306
-0.09306,1.191,0.2929
0.04622,0.5586,0.2624
0.05599,-0.1182,0.3027
-0.003871,-0.6888,0.3003
-0.1676,-1.126,0.1781
-0.4132,-1.452,0.03027
-0.4718,-1.665,-0.1591
-0.5866,-1.781,-0.3228
-0.8237,-1.785,-0.4596
-0.8175,-1.678,-0.5989
-0.7345,-1.512,-0.6734
0.2735,-1.17,-0.5354
0.6424,-0.4908,-0.2837
0.2747,0.4511,0.1121
0.6388,1.332,0.6729
0.6803,1.997,1.047
0.7231,2.292,1.191
0.9393,2.251,1.09
0.6937,2.065,0.8122
0.2796,1.724,0.5043
-0.1578,1.256,0.2477
0.2832,0.6503,0.1549
0.8049,-0.128,0.09869
0.6852,-0.8916,0.0009468
0.06577,-1.46,-0.1811
-0.3081,-1.78,-0.4071
-0.3826,-1.925,-0.682
-0.495,-1.934,-1.014
-0.6673,-1.827,-1.339
-0.7687,-1.587,-1.469
-0.302,-1.152,-1.393
0.1146,-0.6533,-1.282
0.2099,-0.09255,-0.7492
0.2539,0.5159,0.0376
0.6339,1.215,0.8977
1.445,1.718,1.417
1.891,1.989,1.555
1.439,1.971,1.43
0.4188,1.707,1.202
-0.5744,1.348,0.9087
-0.9153,0.9215,0.5984
-1.108,0.4059,0.2881
-1.067,-0.1109,-0.02837
-1.105,-0.6008,-0.4267
-1.598,-0.993,-0.853
-2.39,-1.236,-1.262
-2.677,-1.283,-1.614
-2.319,-1.184,-1.837
-1.634,-1.037,-1.861
-0.8603,-0.8134,-1.578
-0.04174,-0.4945,-1.053
0.3358,-0.1243,-0.08335
0.6326,0.2862,0.8647
1.041,0.693,1.578
1.809,1.097,1.95
2.201,1.385,1.984
2.388,1.499,1.765
2.156,1.429,1.333
1.573,1.191,0.8476
0.7634,0.8127,0.4701
0.1537,0.379,0.1512
0.05844,-0.05101,-0.1359
0.06577,-0.4835,-0.4047
-0.08939,-0.872,-0.6441
-0.407,-1.173,-0.8799
-0.7259,-1.357,-1.113
-0.8615,-1.405,-1.273
-0.9018,-1.363,-1.386
-0.9446,-1.215,-1.36
-0.7662,-0.9551,-1.158
-0.3056,-0.6338,-0.8225
0.08287,-0.2306,-0.3558
0.7011,0.2275,0.1598
1.364,0.6796,0.6253
1.73,1.073,1.02
1.608,1.353,1.247
1.722,1.527,1.345
1.731,1.56,1.27
1.674,1.438,1.021
0.9674,1.132,0.6802
0.2136,0.704,0.3479
0.045,0.2324,0.03027
0.01934,-0.2844,-0.2825
-0.159,-0.7657,-0.5708
-0.5842,-1.168,-0.8372
-0.9202,-1.418,-1.06
-1.035,-1.526,-1.215
-1.1,-1.511,-1.29
-1.107,-1.403,-1.245
-1.022,-1.142,-1.055
-0.8359,-0.6826,-0.7651
0.0621,-0.1316,-0.3766
0.6827,0.3974,0.07425
1.013,0.9276,0.5837
1.234,1.37,1.044
1.399,1.652,1.383
1.341,1.772,1.521
0.987,1.691,1.446
0.6534,1.455,1.217
0.2344,1.105,0.8647
-0.192,0.6845,0.4738
-0.2788,0.208,0.08769
-0.5256,-0.2831,-0.4034
-0.6538,-0.7413,-0.8201
-0.776,-1.159,-1.085
-0.8774,-1.474,-1.187
-1.055,-1.669,-1.212
-1.178,-1.691,-1.256
-1.317,-1.607,-1.303
-1.303,-1.403,-1.306
-1.072,-1.071,-1.155
-0.616,-0.6057,-0.7492
-0.1004,-0.03025,-0.0186
0.2038,0.5085,0.7548
0.3639,1.028,1.386
0.5361,1.457,1.77
0.629,1.769,1.922
0.7768,1.866,1.92
0.6986,1.67,1.766
0.5215,1.281,1.435
0.1818,0.7883,0.894
-0.4168,0.2153,0.2709
-0.9263,-0.3968,-0.2752
-1.676,-0.9673,-0.7492
-2.177,-1.429,-1.11
-2.51,-1.798,-1.371
-2.865,-2.044,-1.565
-3.442,-2.276,-1.742
-4.405,-2.272,-1.675
-4.302,-1.901,-1.173
-2.543,-1.228,-0.1615
-1.064,-0.5104,1.004
-0.2531,0.1787,1.95
-0.005093,0.6441,2.706
-0.03319,0.919,3.188
-0.1798,1.062,3.258
-0.4657,1.066,3.027
-0.8371,0.9838,2.585
-1.011,0.8604,1.934
-1.033,0.7211,1.113
-0.9776,0.522,0.2856
-0.897,0.2801,-0.4059
-0.7198,0.06016,-0.9422
-0.5622,-0.1585,-1.378
-0.3924,-0.3283,-1.83
-0.2384,-0.4969,-2.369
-0.06251,-0.6729,-2.931
1.121,-0.8598,-3.267
1.87,-1.116,-3.123
0.541,-1.231,-2.833
-0.8774,-1.036,-2.022
-1.497,-0.5128,-0.7993
-0.5976,0.007628,0.3614
-0.1468,0.3717,1.19
-0.313,0.7321,1.89
-0.7711,1.08,2.596
-1.102,1.297,3.274
-0.9226,1.283,3.549
-0.4119,1.168,3.274
-0.1737,1.033,2.626
-0.5817,0.8347,1.841
-1.276,0.5464,1.141
-1.67,0.2532,0.5947
-1.366,0.00885,0.1671
-0.5952,-0.172,-0.3558
-0.1712,-0.3479,-0.9911
-0.1468,-0.5385,-1.634
-0.3105,-0.7071,-2.207
-0.4095,-0.8183,-2.713
-0.3203,-0.861,-3.127
0.045,-0.8427,-3.321
0.4812,-0.8366,-3.155
0.4897,-0.8231,-2.5
0.1623,-0.6655,-1.598
-0.4877,-0.3687,-0.5598
-0.3423,-0.02536,0.4041
-0.192,0.3522,1.168
0.3382,0.781,1.768
0.6827,1.148,2.217
0.9417,1.399,2.543
1.044,1.492,2.795
0.899,1.367,2.861
0.5361,1.066,2.51
-0.0002062,0.781,1.801
-0.5549,0.401,0.9967
-1.053,0.04306,0.2881
-1.279,-0.2599,-0.2092
-1.102,-0.4982,-0.6014
-0.787,-0.6912,-0.9593
-0.6208,-0.839,-1.304
-0.5219,-0.9636,-1.642
-0.418,-1.041,-2.004
-0.2727,-1.092,-2.336
-0.2446,-1.081,-2.485
-0.2946,-0.9808,-2.262
-0.4315,-0.8146,-1.663
-0.8346,-0.5959,-0.7321
-0.6795,-0.2929,0.2624
-0.28,0.04672,1.022
0.2283,0.3913,1.6
0.6241,0.6747,1.925
0.8,0.8885,2.016
0.7536,1.019,1.959
0.6033,1.057,1.846
0.4922,1.039,1.711
0.4152,0.8555,1.334
0.392,0.6649,0.8012
-0.06129,0.4084,0.2929
-0.4058,0.09926,-0.1738
-0.3899,-0.2098,-0.5891
-0.2103,-0.5031,-0.9459
-0.181,-0.7596,-1.278
-0.2348,-0.9233,-1.51
-0.3655,-1,-1.529
-0.335,-0.9844,-1.419
-0.181,-0.9111,-1.297
-0.00265,-0.7657,-1.198
0.1745,-0.6179,-1.025
0.1953,-0.365,-0.649
0.1476,0.03206,0.004612
0.1488,0.4768,0.6668
0.3822,0.9044,1.164
0.7536,1.29,1.44
1.24,1.515,1.489
1.467,1.553,1.349
1.368,1.414,1.08
0.9442,1.126,0.7291
0.6791,0.7431,0.4518
0.651,0.3216,0.2929
0.06577,-0.1194,0.1549
-0.4694,-0.5788,-0.1163
-0.6807,-0.9685,-0.5171
-0.9092,-1.248,-0.9263
-1.174,-1.432,-1.26
-1.318,-1.517,-1.452
-1.068,-1.378,-1.387
-0.5756,-1.064,-1.125
-0.05152,-0.6545,-0.6967
-0.1615,-0.1671,-0.1738
-0.08206,0.4413,0.4811
0.2869,0.9557,1.027
1,1.453,1.339
1.371,1.751,1.397
1.545,1.834,1.291
1.44,1.681,1.063
0.7243,1.348,0.8
0.02056,0.952,0.5629
-0.3179,0.5269,0.3394
-0.2617,0.07482,0.0828
-0.07229,-0.3894,-0.2239
-0.1065,-0.8415,-0.5696
-0.4755,-1.23,-0.9312
-0.8872,-1.502,-1.298
-1.187,-1.647,-1.596
-1.325,-1.64,-1.79
-1.2,-1.507,-1.839
-0.6196,-1.23,-1.625
-0.2971,-0.8745,-1.174
-0.1859,-0.3601,-0.4804
0.2319,0.2569,0.3516
0.5251,0.8909,1.12
0.9136,1.442,1.638
1.119,1.866,1.881
1.206,1.984,1.887
1.219,1.818,1.645
0.7231,1.48,1.188
-0.09672,1.051,0.7328
-0.6062,0.5904,0.4041
-0.4095,0.1115,0.1769
-0.1981,-0.3467,-0.06625
-0.2861,-0.7645,-0.3863
-0.5512,-1.132,-0.7541
-0.7662,-1.4,-1.129
-0.9067,-1.565,-1.443
-1.103,-1.61,-1.662
-1.059,-1.539,-1.774
-0.4327,-1.336,-1.604
-0.1187,-0.8757,-1.111
0.1745,-0.3039,-0.3289
0.7072,0.2569,0.4982
0.9088,0.8299,1.093
0.9552,1.389,1.462
1.009,1.848,1.625
1.063,2,1.588
1.114,1.827,1.347
0.6888,1.497,0.9808
0.01079,1.077,0.5959
-0.3679,0.6173,0.2832
-0.3692,0.09437,-0.001497
-0.3838,-0.42,-0.2837
-0.5927,-0.8781,-0.5806
-0.8273,-1.251,-0.8946
-0.6465,-1.56,-1.166
-0.5622,-1.741,-1.315
-0.6221,-1.669,-1.371
-0.6074,-1.469,-1.248
-0.247,-1.115,-0.8567
-0.2274,-0.6118,-0.3143
-0.2226,-0.01681,0.238
0.2331,0.5879,0.7548
0.6388,1.196,1.132
0.9772,1.648,1.307
1.17,1.817,1.331
1.22,1.716,1.165
0.8953,1.388,0.8464
0.2796,0.9777,0.4896
-0.00998,0.4951,0.1866
-0.1578,-0.01803,-0.09068
-0.01365,-0.5141,-0.3179
-0.01609,-0.9233,-0.4951
-0.3912,-1.28,-0.6893
-0.6428,-1.504,-0.8518
-0.7406,-1.589,-0.985
-0.7748,-1.49,-1.008
-0.5268,-1.21,-0.8518
-0.1102,-0.7743,-0.5672
0.4017,-0.1304,-0.175
1.65,0.7101,0.2526
2.525,1.399,0.5727
1.775,1.939,0.7328
1.272,2.096,0.8354
0.9931,1.929,0.7743
0.2319,1.546,0.4957
-0.4975,1.035,0.1659
-0.6355,0.5281,-0.02104
-0.4009,0.01129,0.02294
-0.2482,-0.5128,0.04615
-0.6306,-1.013,-0.1176
-1.039,-1.433,-0.423
-1.232,-1.72,-0.7761
-1.31,-1.842,-1.09
-1.056,-1.768,-1.261
-0.4816,-1.575,-1.248
-0.05885,-1.133,-1.017
0.2466,-0.4994,-0.5207
0.4604,0.2092,0.1463
0.7353,0.8604,0.6558
0.9821,1.408,0.9405
1.132,1.788,1.08
1.225,1.884,1.08
1.251,1.784,0.9515
1.028,1.47,0.6912
0.6693,1.051,0.3992
0.282,0.4719,0.1598
-0.3398,-0.1426,-0.06747
-0.7638,-0.6875,-0.302
-1.129,-1.138,-0.5806
-1.37,-1.458,-0.8665
-1.411,-1.628,-1.101
-1.216,-1.647,-1.185
-0.9348,-1.54,-1.178
-0.3484,-1.265,-0.9984
-0.1273,-0.8732,-0.6881
-0.04052,-0.2856,-0.1774
0.3675,0.3179,0.4493
1.118,1.03,0.9307
1.324,1.542,1.166
1.09,1.844,1.27
0.9222,1.916,1.268
0.767,1.785,1.152
0.4311,1.488,0.9099
0.05599,1.066,0.6204
-0.3521,0.5464,0.3455
-0.6062,-0.005811,0.0376
-0.6844,-0.5238,-0.2923
-0.8799,-0.9734,-0.6515
-1.031,-1.323,-0.9813
-1.097,-1.561,-1.271
-1.07,-1.666,-1.482
-1.014,-1.643,-1.557
-0.8127,-1.485,-1.501
0.01934,-1.173,-1.233
0.684,-0.6949,-0.7431
0.3345,-0.0278,-0.08213
0.4164,0.616,0.5617
0.9161,1.157,1.017
1.18,1.585,1.283
0.9967,1.807,1.353
0.6656,1.828,1.265
0.282,1.707,1.06
0.1537,1.471,0.8452
0.1171,1.14,0.6094
-0.00265,0.7333,0.3467
-0.3081,0.2239,0.07303
-0.2067,-0.2929,-0.1786
-0.3618,-0.8036,-0.5061
-0.7699,-1.204,-0.8543
-0.9141,-1.466,-1.141
-0.7687,-1.564,-1.367
-0.473,-1.588,-1.567
-0.7589,-1.589,-1.874
-1.012,-1.317,-2.009
-0.688,-0.7804,-1.394
-0.05396,-0.05468,-0.2031
0.4213,0.5562,0.8403
0.5777,1.055,1.465
0.8929,1.374,1.84
1.307,1.575,2.012
1.386,1.615,1.896
1.213,1.472,1.576
0.6607,1.143,1.13
-0.4632,0.6979,0.624
-1.08,0.2202,0.2147
-1.068,-0.2294,-0.109
-1.095,-0.6057,-0.4743
-1.172,-0.8806,-0.9117
-1.143,-1.065,-1.369
-1.015,-1.192,-1.828
-0.8579,-1.32,-2.185
-0.908,-1.391,-2.355
-0.7455,-1.317,-2.35
-0.2824,-1.113,-2.067
-0.2274,-0.6582,-1.293
-0.1566,-0.005811,-0.09557
0.6705,0.5831,1.103
1.165,1.105,1.968
1.259,1.458,2.43
1.433,1.607,2.462
1.443,1.596,2.15
1.14,1.397,1.702
0.5508,1.113,1.24
-0.1322,0.7785,0.8342
-0.561,0.3399,0.4884
-0.4681,-0.1097,0.1671
-0.4241,-0.5287,-0.252
-0.6856,-0.872,-0.7724
-0.9788,-1.137,-1.31
-1.135,-1.307,-1.808
-1.004,-1.374,-2.173
-0.8004,-1.309,-2.307
-0.5854,-1.102,-2.102
-0.1212,-0.7327,-1.515
0.3492,-0.04368,-0.561
1.121,0.7272,0.6411
1.224,1.272,1.555
1.334,1.628,2.04
1.429,1.785,2.024
1.571,1.822,1.72
1.307,1.68,1.258
0.9063,1.436,0.8268
0.3895,1.09,0.4652
0.008346,0.6649,0.2319
-0.1786,0.2104,0.07303
-0.1554,-0.2612,-0.09679
-0.1603,-0.7486,-0.3399
-0.5573,-1.195,-0.6527
-0.9984,-1.54,-1.031
-1.262,-1.761,-1.45
-1.35,-1.867,-1.832
-1.168,-1.837,-2.072
-0.6013,-1.628,-2.003
-0.03441,-1.295,-1.69
0.1879,-0.756,-0.9997
0.238,0.02351,0.1085
0.9308,0.8066,1.107
1.523,1.52,1.594
1.273,2.017,1.846
0.965,2.203,2.06
0.8941,2.179,2.046
0.64,1.937,1.768
0.1782,1.524,1.291
-0.3521,1.017,0.7108
-0.6123,0.4853,0.2062
-0.5915,-0.03513,-0.1444
-0.4144,-0.5092,-0.3949
-0.4865,-0.9441,-0.66
-0.6905,-1.311,-0.985
-0.9043,-1.572,-1.375
-0.9874,-1.716,-1.789
-0.8359,-1.742,-2.149
-0.6868,-1.655,-2.33
-0.4474,-1.422,-2.264
-0.07351,-0.9979,-1.807
0.04133,-0.4334,-0.941
0.1831,0.208,0.1439
0.4433,0.7602,1.111
0.425,1.237,1.818
0.4934,1.573,2.218
0.5447,1.744,2.264
0.607,1.768,2.084
0.8086,1.625,1.796
0.5691,1.342,1.411
0.1036,0.9435,0.9808
-0.1761,0.4743,0.5251
-0.3741,-0.01192,0.05592
-0.4755,-0.4957,-0.4291
-0.6856,-0.9209,-0.9496
-0.9128,-1.269,-1.458
-1.127,-1.533,-1.896
-1.243,-1.659,-2.247
-0.8908,-1.603,-2.374
-0.5744,-1.411,-2.249
-0.3496,-1.104,-1.887
0.07798,-0.5568,-1.147
0.315,0.1689,-0.001497
0.9589,0.8152,1.041
1.317,1.316,1.614
1.614,1.753,1.874
1.786,1.99,1.854
1.702,2.054,1.697
1.137,1.812,1.414
0.4103,1.425,1.104
-0.07351,0.9594,0.7645
-0.2898,0.4621,0.4444
-0.5646,-0.08034,0.1207
-0.6355,-0.602,-0.2434
-0.776,-1.028,-0.6368
-0.9055,-1.339,-1.034
-0.9397,-1.551,-1.405
-0.947,-1.644,-1.718
-0.9751,-1.611,-1.94
-0.9226,-1.445,-1.999
0.03889,-1.129,-1.619
0.5178,-0.569,-0.8506
0.1867,0.1982,0.0657
0.09265,0.8555,0.8439
0.6314,1.416,1.428
0.954,1.827,1.715
1.18,2.038,1.746
1.345,2.016,1.581
1.353,1.767,1.286
0.6888,1.331,0.9124
-0.09184,0.8127,0.5593
-0.4657,0.2593,0.2367
-0.7516,-0.2783,-0.09068
-0.8762,-0.7669,-0.4083
-0.9483,-1.191,-0.7468
-1.046,-1.504,-1.105
-1.033,-1.704,-1.443
-1.025,-1.786,-1.747
-1.009,-1.733,-1.927
-0.8359,-1.546,-1.884
-0.269,-1.196,-1.639
0.2466,-0.5641,-0.985
-0.0002062,0.2727,0.03516
0.4298,0.9728,1.042
1.308,1.486,1.616
1.455,1.885,1.819
1.197,2.081,1.777
1.208,2.08,1.626
1.119,1.835,1.347
0.6742,1.385,0.9649
0.3174,0.8677,0.6081
-0.2372,0.2336,0.2612
-0.7626,-0.3784,-0.07724
-0.9898,-0.8867,-0.4193
-1.048,-1.279,-0.7785
-1.007,-1.535,-1.144
-0.9104,-1.681,-1.485
-0.8359,-1.724,-1.764
-0.7113,-1.651,-1.959
-0.5023,-1.421,-1.922
0.03034,-1.074,-1.526
0.5789,-0.3907,-0.7028
0.7524,0.3607,0.1928
0.5422,0.9972,0.861
0.5923,1.496,1.301
0.4995,1.856,1.524
0.4689,2.006,1.604
0.7976,1.943,1.577
1.096,1.736,1.428
0.943,1.358,1.127
0.1843,0.8824,0.7719
-0.3362,0.296,0.387
-0.6648,-0.3161,-0.0467
-0.8799,-0.861,-0.4706
-1.1,-1.284,-0.8848
-1.213,-1.549,-1.253
-1.229,-1.691,-1.581
-1.004,-1.682,-1.829
-0.7174,-1.576,-1.927
-0.4632,-1.296,-1.813
-0.137,-0.9087,-1.404
-0.2348,-0.4126,-0.7028
-0.2433,0.3131,0.1818
1.228,1.022,1.011
2.073,1.587,1.522
1.545,1.91,1.748
1.082,2.019,1.807
0.9271,1.927,1.693
0.5997,1.629,1.384
0.2185,1.168,0.9759
0.05966,0.6051,0.5813
-0.236,0.01374,0.1879
-0.4803,-0.5422,-0.1945
-0.8175,-1.046,-0.605
-1.025,-1.436,-1.028
-1.036,-1.717,-1.464
-0.8799,-1.881,-1.835
0.04988,-1.943,-2.027
2.579,-2.082,-1.856
4.763,-2.14,-1.306
4.427,-1.917,-0.8787
2.232,-1.429,-0.7932
1.046,-0.5703,-0.5439
1.064,0.4731,-0.2153
1.12,1.308,0.0266
1.046,2.004,0.139
0.6998,2.447,0.1891
0.4665,2.487,0.1757
0.392,2.232,0.1109
0.04378,1.607,0.004612
-0.1102,0.7981,-0.09435
-0.1884,-0.04002,-0.1994
-0.357,-0.7865,-0.241
-0.4901,-1.377,-0.2532
-0.666,-1.742,-0.2739
-0.8652,-1.951,-0.3045
-0.7503,-1.942,-0.2886
-0.7406,-1.753,-0.2373
-0.754,-1.395,-0.1286
-0.9055,-0.7217,0.01561
-0.6819,0.175,0.2758
-0.7748,1.221,0.6069
-0.9446,2.142,0.9661
-1.211,2.869,1.232
-1.318,3.177,1.373
-0.484,3.009,1.384
0.7096,2.732,1.193
0.5203,2.359,0.9502
-1.008,1.552,0.6436
-1.376,0.7468,0.4505
-1.143,0.003963,0.1598
-1.338,-0.7511,-0.2874
-1.426,-1.416,-0.7749
-1.298,-1.892,-1.223
-1.171,-2.196,-1.611
-1.029,-2.32,-1.918
-0.5011,-2.348,-2.185
0.6717,-2.128,-2.136
0.8416,-1.575,-1.576
0.2918,-0.5031,-0.6649
-0.02342,0.6087,0.3614
0.3846,1.611,1.252
0.4909,2.317,1.681
0.1049,2.645,1.835
0.3297,2.578,1.868
0.8269,2.281,1.704
0.6314,1.81,1.35
-0.2983,1.222,0.8989
-0.3692,0.5745,0.3565
-0.1871,-0.09988,-0.2312
-0.181,-0.723,-0.7174
-0.4205,-1.272,-1.102
-0.7577,-1.687,-1.411
-1.04,-1.936,-1.678
-1.022,-1.932,-1.873
-0.5451,-1.742,-1.896
0.1488,-1.407,-1.615
0.2735,-0.7242,-0.9557
-0.3374,0.1298,-0.07358
-0.3582,0.8799,0.7645
0.3602,1.485,1.325
1.068,1.904,1.551
1.179,1.995,1.55
0.9417,1.742,1.424
0.4897,1.312,1.147
-0.04908,0.8421,0.8219
-0.4913,0.3302,0.4628
-0.7784,-0.1744,0.01683
-0.7919,-0.5947,-0.5623
-0.7552,-0.9331,-1.216
-0.8053,-1.162,-1.673
-0.4205,-1.334,-1.719
-0.005093,-1.487,-1.51
0.045,-1.665,-1.14
-0.4449,-1.713,-0.9129
-0.7699,-1.474,-0.8359
-0.9226,-0.9661,-0.6563
-0.754,-0.2453,-0.2239
-0.5427,0.5525,0.354
-0.3215,1.354,1.147
0.07554,1.844,1.809
0.4054,2.195,2.152
0.5642,2.152,2.206
0.8697,1.821,1.941
0.5349,1.387,1.485
-0.1651,0.8934,1.024
-0.3093,0.3265,0.5984
-0.6599,-0.2489,0.07303
-0.6294,-0.7156,-0.4499
-0.3056,-1.063,-0.8567
-0.1077,-1.38,-1.143
-0.1089,-1.578,-1.367
-0.08939,-1.708,-1.549
-0.2946,-1.694,-1.745
-0.1517,-1.632,-1.87
0.1611,-1.465,-1.801
0.7915,-1.281,-1.37
0.3834,-0.9563,-0.853
-0.5158,-0.3308,-0.4096
-0.7149,0.3888,0.007055
-0.1786,1.096,0.5581
0.3883,1.486,1.065
0.5312,1.76,1.465
0.3639,1.862,1.669
-0.1199,1.738,1.65
-0.7687,1.591,1.517
-0.7931,1.42,1.368
-0.6514,1.149,1.218
-0.346,0.7052,0.9637
-0.8078,0.2556,0.5055
-0.5879,-0.2037,-0.09924
-0.1199,-0.6826,-0.6075
-0.203,-1.149,-0.9044
-0.247,-1.444,-1.093
0.1794,-1.628,-1.206
0.4934,-1.716,-1.35
0.4091,-1.777,-1.474
0.1696,-1.714,-1.586
0.07432,-1.556,-1.571
0.0621,-1.369,-1.389
0.3932,-0.8842,-0.9984
1.118,-0.3332,-0.3729
1.325,0.5256,0.4066
0.3541,1.427,0.9563
-0.1322,2.159,1.388
-0.3887,2.662,1.758
0.1831,2.754,2.014
0.8171,2.462,1.857
0.5569,2.026,1.388
-0.08817,1.47,0.8537
0.3455,0.8372,0.5129
0.3309,0.1713,0.216
-0.6123,-0.5189,-0.1249
-1.107,-1.125,-0.4523
-1.2,-1.599,-0.8188
-1.226,-1.912,-1.222
-1.244,-2.068,-1.633
-1.145,-2.082,-1.986
-0.8933,-1.941,-2.173
-0.09306,-1.616,-1.939
0.7279,-1.077,-1.358
0.4286,-0.2905,-0.4706
-0.2421,0.5647,0.5226
0.5984,1.306,1.375
1.29,1.99,1.891
1.129,2.482,2.051
1.068,2.585,2.023
1.14,2.309,1.791
0.6974,1.811,1.369
-0.4645,1.215,0.8635
-1.224,0.4927,0.3479
-1.244,-0.1903,-0.1994
-1.282,-0.795,-0.7981
-1.392,-1.234,-1.326
-1.259,-1.523,-1.698
-1.055,-1.675,-1.968
-0.5561,-1.697,-2.121
-0.7259,-1.62,-2.141
-1.648,-1.411,-2.163
-1.182,-0.9062,-1.903
0.2869,-0.2453,-1.042
1.145,0.5281,0.3284
0.9295,1.112,1.532
1.01,1.618,2.315
1.335,1.986,2.624
1.638,2.118,2.582
1.653,1.915,2.26
1.014,1.512,1.772
0.02178,1.017,1.207
-0.6819,0.445,0.5898
-0.9519,-0.1121,-0.0748
-0.8493,-0.6216,-0.6954
-0.958,-1.058,-1.222
-1.086,-1.372,-1.623
-1.099,-1.553,-1.877
-1.156,-1.588,-2.111
-1.198,-1.478,-2.421
-0.8334,-1.186,-2.632
-0.1199,-0.7926,-2.66
0.8306,-0.2746,-2.133
0.4995,0.4316,-0.6197
0.8489,1.129,1.324
1.483,1.567,2.606
1.702,1.821,3.072
1.477,1.879,2.917
1.203,1.749,2.475
0.833,1.457,1.802
-0.1969,1.086,1.077
-0.6905,0.616,0.5177
-0.8029,0.06749,0.06203
-1.046,-0.4078,-0.3986
-1.03,-0.8097,-0.9288
-1.006,-1.124,-1.486
-0.9544,-1.342,-2.004
-0.6587,-1.433,-2.319
-0.495,-1.44,-2.5
-0.357,-1.344,-2.478
-0.137,-1.12,-2.1
-0.2629,-0.657,-1.209
0.7585,0.0455,0.1317
0.9198,0.7077,1.203
0.7622,1.319,1.958
0.9723,1.795,2.396
1.229,2.078,2.51
1.296,2.052,2.371
1.256,1.766,2.04
0.7145,1.369,1.543
-0.2898,0.8506,0.9282
-0.7833,0.263,0.321
-0.7956,-0.2941,-0.2153
-0.7589,-0.795,-0.7358
-0.991,-1.217,-1.229
-1.223,-1.517,-1.664
-1.361,-1.692,-2.06
-1.435,-1.7,-2.375
-1.216,-1.584,-2.568
-0.6868,-1.347,-2.486
0.05477,-0.96,-1.917
0.5154,-0.2624,-0.748
0.6046,0.4511,0.5324
0.5117,1.022,1.38
0.3578,1.466,1.912
0.4372,1.771,2.234
0.7377,1.95,2.347
0.987,1.883,2.231
1.226,1.579,1.892
0.7047,1.169,1.305
-0.3533,0.704,0.6228
-0.7491,0.175,0.007055
-0.5585,-0.343,-0.5281
-0.5023,-0.8537,-0.974
-0.7064,-1.359,-1.337
-1.18,-1.747,-1.694
-1.547,-1.931,-2.016
-1.624,-1.941,-2.242
-1.489,-1.71,-2.281
-0.7662,-1.345,-1.924
-0.2898,-0.7902,-1.102
-0.9458,-0.03635,0.1952
-0.5072,0.726,1.401
0.9857,1.321,2.149
1.501,1.867,2.534
1.511,2.132,2.732
1.703,2.016,2.674
1.715,1.692,2.237
0.9662,1.246,1.478
0.1818,0.6955,0.69
-0.2336,0.1066,0.009499
-0.2946,-0.453,-0.5378
-0.4144,-0.9649,-0.9789
-0.721,-1.383,-1.339
-1.215,-1.677,-1.685
-1.642,-1.798,-2.075
-1.554,-1.742,-2.549
-0.9629,-1.484,-2.871
0.3871,-1.14,-2.655
1.063,-0.646,-1.762
0.2881,0.01129,-0.3399
0.1403,0.6991,0.9905
1.248,1.267,1.931
1.775,1.857,2.421
1.66,2.341,2.481
1.775,2.379,2.342
1.715,1.97,1.959
0.6204,1.476,1.401
-0.4669,0.9044,0.7865
-0.7784,0.3375,0.2111
-0.5219,-0.2184,-0.2226
-0.4229,-0.7682,-0.5733
-0.7565,-1.253,-0.9251
-1.174,-1.611,-1.295
-1.354,-1.793,-1.661
-1.41,-1.849,-2.099
-1.375,-1.754,-2.633
-0.6954,-1.587,-3.036
-0.00265,-1.259,-2.831
0.1378,-0.6655,-1.749
0.4103,0.2263,-0.03204
0.519,0.963,1.283
0.4457,1.618,2.287
0.9894,2.133,2.923
1.439,2.523,3.039
1.374,2.458,2.751
1.109,2.027,2.188
0.6522,1.504,1.467
0.05722,0.9251,0.7572
-0.3679,0.3155,0.194
-0.429,-0.2636,-0.2165
-0.5622,-0.7938,-0.5733
-0.6832,-1.252,-0.9202
-0.8615,-1.59,-1.292
-1.111,-1.805,-1.712
-1.399,-1.859,-2.187
-1.279,-1.766,-2.592
-0.7797,-1.544,-2.681
-0.0674,-1.247,-2.28
0.2112,-0.7828,-1.551
-0.2617,-0.08767,-0.3912
-0.3508,0.6197,0.8391
0.5655,1.174,1.72
1.163,1.703,2.234
1.264,2.089,2.437
1.488,2.173,2.427
1.604,1.896,2.157
1.021,1.443,1.677
-0.1835,0.9019,1.071
-0.798,0.3632,0.3809
-0.7662,-0.1707,-0.2666
-0.6587,-0.701,-0.8042
-0.9971,-1.164,-1.272
-1.354,-1.477,-1.676
-1.508,-1.631,-1.993
-1.57,-1.647,-2.263
-1.208,-1.488,-2.317
-0.6282,-1.236,-2.133
-0.07229,-0.8855,-1.664
0.1537,-0.4346,-0.7993
-0.1444,0.2495,0.4493
0.09631,0.8018,1.511
0.7683,1.345,2.205
1.063,1.775,2.513
1.459,1.943,2.53
1.826,1.834,2.251
1.619,1.576,1.726
0.01323,1.195,1.186
-0.6807,0.7236,0.7499
-0.418,0.263,0.3137
-0.2042,-0.1927,-0.153
-0.2592,-0.6643,-0.6172
-0.3985,-1.092,-1.067
-0.6355,-1.406,-1.497
-0.7589,-1.599,-1.896
-0.9067,-1.67,-2.264
-0.7442,-1.604,-2.527
-0.3093,-1.446,-2.607
0.1977,-1.252,-2.363
0.2551,-0.9136,-1.735
-0.2898,-0.2868,-0.6563
-0.765,0.4157,0.7987
0.2075,1.073,2.242
1.5,1.735,3.002
1.961,2.218,3.039
1.853,2.335,2.619
1.676,2.1,2.041
1.05,1.725,1.38
-0.04541,1.25,0.7596
-0.7027,0.7003,0.2868
-0.5842,0.1994,-0.05525
-0.3545,-0.2453,-0.3277
-0.2824,-0.6717,-0.6063
-0.2898,-1.059,-0.9215
-0.1957,-1.375,-1.238
-0.4657,-1.605,-1.573
-0.6416,-1.688,-1.953
-1.145,-1.666,-2.394
-0.6599,-1.526,-2.461
-0.1712,-1.495,-1.99
-0.7088,-1.188,-1.077
-0.3117,-0.7975,-0.2006
0.05355,0.002741,0.668
-0.2287,0.8787,1.544
0.06332,1.52,2.314
0.3419,1.932,2.811
0.3199,2.077,3.047
0.1513,2.163,3.052
0.03767,1.998,2.837
-0.3337,1.651,2.151
-0.55,1.096,1.203
-0.08328,0.4682,0.4652
0.1782,-0.1207,-0.01738
-0.01975,-0.6216,-0.3485
0.06577,-1.069,-0.6429
-0.02464,-1.408,-1.072
-0.02098,-1.562,-1.669
0.3639,-1.628,-2.214
1.044,-1.783,-2.465
1.516,-1.958,-2.48
2.24,-2.095,-2.262
2.341,-1.802,-1.779
0.2845,-1.226,-1.593
-0.7528,-0.4114,-1.246
-0.2678,0.3228,-0.4572
-0.3313,0.9093,0.635
-0.71,1.37,1.576
-1.097,1.751,2.246
-1.189,1.83,2.7
-0.9849,1.709,2.956
-0.8505,1.57,2.948
-1.288,1.355,2.74
-1.406,1.165,2.052
-0.44,0.8335,1.449
0.3223,0.3961,1.049
-0.1871,0.02595,0.2722
-0.3179,-0.3662,-0.6087
0.7695,-0.7022,-1.243
1.661,-1.035,-1.629
1.57,-1.339,-1.862
1.212,-1.518,-2.129
0.9283,-1.546,-2.496
1.114,-1.565,-2.764
1.207,-1.759,-2.917
0.3724,-1.845,-3.216
0.2246,-1.634,-3.068
0.552,-1.446,-2.171
-0.2592,-0.8708,-0.9801
-0.4132,-0.1659,-0.00394
0.2124,0.4731,0.7425
-0.03319,1.044,1.524
-0.302,1.463,2.309
-0.3704,1.784,2.987
-0.4681,1.939,3.41
-0.8957,1.926,3.46
-2.147,1.778,3.192
-2.502,1.541,2.777
-1.301,1.375,2.234
0.2148,1.108,1.693
0.8367,0.8506,1.027
0.5936,0.4817,0.3015
0.5887,0.06627,-0.2874
1.224,-0.3491,-0.7015
1.109,-0.795,-1.106
0.6546,-1.18,-1.551
0.4714,-1.472,-1.998
0.6998,-1.598,-2.34
0.965,-1.777,-2.427
0.4836,-2.046,-2.489
-0.1126,-1.93,-2.83
1.145,-1.609,-2.972
1.046,-1.675,-2.625
-0.5341,-1.32,-1.932
-1.685,-0.6362,-0.7626
-0.9409,0.09681,0.7108
0.6583,0.7138,1.774
0.8269,1.288,2.353
0.4188,1.723,2.661
-0.3081,1.942,2.804
-0.4865,1.83,2.887
-0.6734,1.733,2.756
-1.188,1.546,2.437
-1.784,1.338,1.846
-1.051,1.176,1.17
0.6937,0.7724,0.7645
1.09,0.2886,0.4212
0.02301,-0.1805,-0.09313
-0.4632,-0.5397,-0.6869
0.3541,-0.7804,-1.154
0.7622,-0.9575,-1.532
0.6595,-1.064,-1.841
1.03,-1.108,-2.017
1.526,-1.14,-1.975
1.378,-1.333,-1.966
-0.01975,-1.512,-2.242
-0.484,-1.328,-2.559
0.2307,-1.021,-2.408
1.009,-0.861,-1.613
0.5532,-0.8451,-0.5439
-0.5732,-0.5703,0.3064
-1.004,-0.06812,0.7291
-0.5732,0.5134,1.16
-0.3301,0.9447,1.631
-0.346,1.297,2.08
-0.3851,1.592,2.469
-0.2543,1.684,2.672
-0.3899,1.716,2.68
-0.2348,1.652,2.494
-0.2055,1.614,2.005
0.508,1.441,1.4
1.014,0.9288,0.7523
-0.1383,0.3509,-0.04426
-0.699,-0.1084,-0.6893
0.1036,-0.4554,-0.9435
0.8355,-0.7462,-0.9557
0.9882,-1.009,-0.9386
1.05,-1.274,-1.008
1.217,-1.511,-1.174
1.108,-1.72,-1.425
0.7573,-1.78,-1.676
0.5386,-1.816,-1.813
-0.3667,-1.821,-2.042
-0.6709,-1.51,-2.213
-0.2714,-1.311,-2
-0.1285,-1.1,-1.546
-0.007537,-0.7718,-0.9141
-0.4669,-0.3406,-0.2752
-0.4425,0.2214,0.4127
-0.2213,0.6784,1.12
-0.214,1.036,1.741
-0.1896,1.29,2.205
-0.3203,1.458,2.525
-0.4816,1.548,2.8
-0.8908,1.607,2.967
-1.168,1.622,2.85
-1.012,1.604,2.244
-0.1664,1.371,1.559
0.1501,0.9508,1.011
-0.6893,0.5134,0.5214
-1.189,0.1542,0.0266
-0.4877,-0.1072,-0.4144
0.3455,-0.3467,-0.8433
0.6168,-0.5861,-1.29
0.6595,-0.8036,-1.692
0.8232,-1.031,-1.988
0.7903,-1.21,-2.188
0.8318,-1.351,-2.269
0.5911,-1.491,-2.407
-0.1957,-1.446,-2.688
-0.01242,-1.27,-2.491
0.4225,-1.336,-1.804
-0.203,-1.202,-1.073
-0.7613,-0.8097,-0.5012
-0.7284,-0.2673,0.03516
-0.2714,0.1884,0.6607
-0.1065,0.489,1.295
-0.1163,0.7248,1.892
-0.06618,0.9545,2.4
-0.09184,1.111,2.87
-0.4865,1.223,3.144
-1.178,1.283,2.966
-1.472,1.358,2.369
-0.0674,1.26,1.821
1.539,0.9203,1.476
0.227,0.5525,0.9001
-1.59,0.219,0.07059
-0.7125,0.006406,-0.4902
0.9686,-0.2514,-0.7675
0.9075,-0.5739,-0.9557
0.2759,-0.8439,-1.128
-0.006315,-0.9905,-1.386
0.227,-0.9881,-1.771
0.7927,-0.949,-2.091
1.275,-1.033,-2.212
0.7915,-1.143,-2.388
0.1965,-1.157,-2.391
-0.0503,-1.224,-2.096
-0.2946,-1.115,-1.646
-0.5854,-0.7779,-1.075
-0.5585,-0.2831,-0.3546
-0.04541,0.1298,0.4567
-0.03686,0.467,1.202
-0.2274,0.8054,1.846
-0.258,1.064,2.334
-0.08939,1.21,2.641
0.1036,1.231,2.85
-0.1651,1.189,2.918
-0.9238,1.073,2.702
-1.681,1.066,1.995
-1.07,0.9789,1.275
0.5325,0.6405,0.9197
-0.203,0.3265,0.365
-1.388,0.1115,-0.2324
-0.616,-0.02658,-0.5354
1.071,-0.1842,-0.6356
1.301,-0.4444,-0.8201
0.618,-0.6509,-1.161
0.3883,-0.756,-1.581
0.7011,-0.7535,-1.911
1.41,-0.8451,-1.939
1.493,-1.056,-1.861
0.8012,-1.204,-2.012
0.2637,-1.078,-2.201
0.6046,-1.044,-1.709
0.7133,-1.201,-0.9056
-0.4987,-0.8977,-0.4694
-0.9813,-0.3149,-0.2532
-0.3301,0.2312,0.06814
0.3174,0.5049,0.591
0.1586,0.7541,1.149
-0.04908,0.9752,1.582
-0.1297,1.049,1.868
-0.4009,1.156,2.077
-0.82,1.284,2.243
-1.208,1.293,2.141
-0.9605,1.35,1.819
0.3126,1.201,1.586
0.8978,0.8482,1.242
-0.08817,0.4255,0.5287
-0.3875,0.06994,-0.1762
0.3064,-0.2294,-0.5501
0.4995,-0.4982,-0.748
0.3052,-0.7205,-0.9288
0.3162,-0.8598,-1.173
0.7304,-0.9771,-1.417
1.11,-1.113,-1.597
1.19,-1.274,-1.64
0.6717,-1.423,-1.702
0.1012,-1.406,-1.834
0.1342,-1.355,-1.779
0.06332,-1.27,-1.53
-0.1651,-1.1,-1.194
-0.4889,-0.7767,-0.7553
-0.3704,-0.3296,-0.2116
0.2393,0.07727,0.3968
0.4042,0.4377,0.9429
0.004681,0.836,1.397
-0.4901,1.195,1.759
-0.4608,1.405,2.079
-0.5317,1.573,2.378
-0.9361,1.629,2.579
-1.375,1.553,2.477
-1.349,1.472,2.016
-0.03808,1.187,1.66
0.1623,0.8702,1.237
-0.6966,0.5269,0.6057
-0.666,0.1762,0.05104
0.4298,-0.1451,-0.2678
0.585,-0.5128,-0.5183
-0.1969,-0.8305,-0.8567
-0.4681,-0.9698,-1.314
0.0621,-0.9478,-1.779
1.152,-0.9954,-2.003
1.592,-1.223,-2.074
0.8061,-1.394,-2.383
-0.09672,-1.418,-2.596
-0.4547,-1.564,-2.427
-0.7003,-1.516,-1.96
-0.7369,-1.367,-1.382
-0.9751,-0.7486,-0.6673
0.3834,-0.05224,0.1891
1.23,0.4731,1.004
0.7915,1.061,1.675
0.4628,1.527,2.139
0.2441,1.904,2.443
-0.1786,2.03,2.647
-0.462,1.999,2.735
-0.677,1.893,2.538
-0.2067,1.782,2.045
0.7389,1.439,1.632
0.2429,1.086,1.088
-0.9092,0.7382,0.4017
-0.5414,0.346,-0.12
1.126,-0.0559,-0.4193
1.568,-0.5837,-0.6673
0.5667,-1.108,-0.9801
-0.2372,-1.414,-1.342
0.034,-1.587,-1.631
0.7267,-1.791,-1.752
0.5801,-2.019,-1.981
-0.02708,-2.124,-2.411
0.08654,-2.078,-2.529
1.832,-1.95,-1.731
1.072,-1.621,-0.9288
-1.158,-0.7584,-0.4169
-1.013,0.2104,0.09135
0.5435,0.8702,0.7291
0.7768,1.414,1.297
0.4738,1.839,1.661
0.4555,1.972,1.808
0.07432,1.932,1.84
-0.9214,1.791,1.797
-1.946,1.661,1.733
-2.276,1.482,1.581
-1.761,1.388,1.4
-0.3631,1.14,1.401
-0.2067,0.7517,1.356
-1.306,0.4328,0.7938
-1.219,0.153,0.03638
0.4066,-0.1414,-0.5097
1.242,-0.4835,-0.8567
0.6436,-0.8366,-1.125
-0.04541,-1.094,-1.431
0.1928,-1.217,-1.734
0.7487,-1.286,-1.968
1.432,-1.471,-1.914
0.9149,-1.753,-2.017
0.1794,-1.779,-2.297
0.05233,-1.807,-2.045
-0.4828,-1.578,-1.41
-0.6832,-0.9905,-0.8042
-0.3362,-0.2526,-0.3411
0.2796,0.3497,0.09624
0.3321,0.6771,0.5678
0.02667,1.047,1.129
0.09509,1.364,1.637
0.1892,1.534,1.936
0.2283,1.569,2.053
-0.2116,1.516,2.007
-1.064,1.353,1.864
-1.619,1.199,1.545
-1.322,1.112,1.296
-0.5573,0.814,1.214
-0.3484,0.533,0.9905
-0.4107,0.2764,0.4542
-0.0503,0.01862,-0.12
0.6168,-0.2428,-0.511
0.684,-0.5458,-0.7553
0.3712,-0.8012,-0.9887
0.002237,-0.9783,-1.337
-0.3276,-1.056,-1.79
-0.1529,-1.13,-2.096
0.05233,-1.339,-2.23
-0.09672,-1.432,-2.443
-0.0112,-1.243,-2.5
0.08654,-1.223,-2.163
-0.09306,-1.081,-1.512
-0.04663,-0.7132,-0.8115
0.07798,-0.2709,-0.2617
0.315,0.1225,0.1952
0.238,0.4523,0.6912
0.07921,0.8543,1.27
0.4775,1.21,1.771
0.8611,1.365,2.027
0.91,1.408,2.095
0.2026,1.376,2.062
-1.011,1.267,1.997
-1.716,1.119,1.781
-1.61,1.033,1.423
-0.4351,0.9203,1.287
0.5899,0.5965,1.397
-0.5109,0.3741,0.9869
-1.474,0.2202,0.02538
-0.3533,0.01496,-0.6881
1.22,-0.2648,-1.019
1.22,-0.6289,-1.078
0.249,-0.8989,-1.146
-0.05641,-1.002,-1.373
0.5569,-1.01,-1.687
1.39,-1.004,-1.943
1.958,-1.058,-2.091
1.757,-1.158,-2.115
1.048,-1.218,-1.892
0.2845,-1.27,-1.372
-0.4865,-1.136,-0.8543
-0.09917,-0.6264,-0.478
-0.2629,0.01374,-0.1163
-0.8114,0.4804,0.3565
-0.4266,0.8408,0.9844
-0.03564,1.056,1.491
-0.2446,1.205,1.838
-0.8689,1.262,2.034
-1.687,1.38,2.196
-1.64,1.314,2.284
-1.47,1.273,1.974
-0.8371,1.314,1.566
0.2466,1.08,1.346
0.8917,0.7492,1.148
0.05111,0.3803,0.6961
-0.6233,0.01374,0.05348
0.1537,-0.2978,-0.4706
0.7353,-0.6509,-0.8543
0.7035,-0.9771,-1.195
0.6681,-1.208,-1.468
0.7841,-1.461,-1.595
0.6913,-1.667,-1.75
0.1989,-1.804,-2.065
-0.3521,-1.706,-2.451
0.09509,-1.499,-2.35
0.7341,-1.229,-1.8
1.017,-0.8134,-1.176
0.8403,-0.3002,-0.6698
0.2735,0.2031,-0.131
-0.001428,0.577,0.5006
-0.02708,0.9264,1.094
-0.1358,1.276,1.565
-0.3227,1.525,1.897
-0.5512,1.716,2.079
-0.8285,1.824,2.077
-0.9666,1.755,1.834
-0.3557,1.716,1.444
0.6498,1.479,1.22
0.8477,1.024,1.047
0.2112,0.5635,0.6753
-0.4913,0.1041,0.1915
-0.3496,-0.2954,-0.164
0.1476,-0.6301,-0.4083
0.3981,-0.9417,-0.6197
0.3272,-1.196,-0.8811
0.2002,-1.374,-1.163
-0.2213,-1.589,-1.45
-1.309,-1.823,-1.841
-2.066,-1.836,-2.507
-0.9666,-1.66,-2.972
0.3859,-1.623,-2.456
-0.1822,-1.259,-1.474
-0.3325,-0.7608,-0.5476
-0.1578,-0.084,0.1524
0.06455,0.4303,0.701
-0.04052,0.737,1.212
-0.1712,0.9557,1.686
-0.1566,1.196,2.085
-0.17,1.342,2.392
-0.2873,1.521,2.657
-0.6111,1.476,2.722
-0.7186,1.33,2.193
-0.1529,1.26,1.466
0.6107,0.9581,1.082
0.3969,0.4939,0.9637
-0.3936,0.164,0.6619
-0.8175,-0.06079,0.1659
-0.2714,-0.2318,-0.2556
0.4592,-0.4017,-0.5598
0.6656,-0.5825,-0.8139
0.4958,-0.6936,-1.152
0.1513,-0.8781,-1.567
0.271,-0.9979,-1.99
0.7231,-1.186,-2.302
0.6656,-1.253,-2.687
0.7096,-1.272,-2.781
0.2649,-1.218,-2.369
-0.2494,-0.9966,-1.645
-0.1554,-0.6313,-0.9092
-0.1053,-0.2831,-0.2287
-0.3032,-0.0278,0.4322
-0.2079,0.2984,1.075
0.04622,0.6454,1.628
0.1097,0.9471,2.066
-0.1187,1.222,2.377
-0.2971,1.431,2.586
-0.4913,1.427,2.475
0.07432,1.447,2.084
0.7182,1.341,1.746
0.9393,1.04,1.494
0.1562,0.6722,1.043
-0.8811,0.2874,0.3223
-0.5109,-0.04246,-0.3045
0.3907,-0.3442,-0.7468
0.5178,-0.6594,-1.103
0.4176,-0.8879,-1.428
0.5813,-1.102,-1.647
0.6009,-1.329,-1.818
0.4555,-1.455,-2.019
0.1232,-1.59,-2.342
0.034,-1.549,-2.516
0.3846,-1.468,-2.108
0.1244,-1.234,-1.264
-0.5158,-0.745,-0.4719
-0.732,-0.1035,0.1744
-0.4669,0.5489,0.8818
-0.1199,1.009,1.56
0.2405,1.334,2.078
0.3785,1.465,2.304
0.133,1.52,2.276
-0.3863,1.508,2.104
-0.7015,1.387,1.891
-0.6612,1.24,1.604
-0.4645,1.138,1.221
-0.06129,0.8763,0.9649
0.1623,0.511,0.7193
0.1342,0.1432,0.3345
-0.003871,-0.2159,-0.1799
0.1843,-0.547,-0.6722
0.4555,-0.8537,-1.071
0.5007,-1.092,-1.419
0.6681,-1.197,-1.719
1.297,-1.318,-1.761
1.639,-1.539,-1.578
1.153,-1.695,-1.56
0.4103,-1.654,-1.815
0.1488,-1.499,-1.835
0.1904,-1.337,-1.271
0.1953,-0.8952,-0.5317
0.1598,-0.3002,-0.02471
0.08287,0.3546,0.2319
-0.05152,0.8213,0.5519
-0.04052,1.115,0.9771
0.2564,1.316,1.344
0.1061,1.504,1.532
-0.4938,1.812,1.662
-1.02,2.045,1.769
-1.036,2.076,1.662
-0.4535,1.992,1.301
0.5606,1.612,1.025
0.7365,1.099,0.8122
0.2185,0.4731,0.5116
-0.2067,-0.1512,0.07914
-0.07595,-0.6802,-0.3607
-0.1468,-1.119,-0.7614
-0.2898,-1.414,-1.117
-0.2678,-1.554,-1.4
0.1134,-1.618,-1.498
0.5484,-1.659,-1.386
0.6363,-1.71,-1.188
0.02178,-1.728,-1.198
-0.08451,-1.671,-1.215
0.155,-1.572,-1.089
0.04378,-1.143,-0.7846
-0.2299,-0.4627,-0.2666
-0.2739,0.2422,0.2929
0.08776,0.814,0.8916
0.6583,1.38,1.396
0.8623,1.861,1.675
0.6681,2.121,1.731
0.1427,2.192,1.678
-0.6331,2.069,1.579
-1.684,1.745,1.355
-2.218,1.414,0.8891
-1.56,1.202,0.6094
-0.1468,0.847,0.7291
0.4763,0.4316,0.6998
-0.1688,-0.03391,0.2367
-0.7125,-0.4823,-0.4939
-0.17,-0.8073,-1.049
0.238,-1.108,-1.366
0.1317,-1.313,-1.575
-0.04174,-1.37,-1.789
0.3126,-1.389,-1.889
1.235,-1.446,-1.738
1.303,-1.553,-1.637
0.9747,-1.605,-1.664
0.8306,-1.501,-1.406
0.1024,-1.243,-1.045
-0.03808,-0.7266,-0.6612
0.2967,-0.1536,-0.241
0.2197,0.3607,0.2404
-0.04908,0.8262,0.7389
-0.06618,1.244,1.171
0.06332,1.483,1.463
0.06821,1.558,1.617
-0.3386,1.624,1.676
-1.091,1.695,1.72
-1.272,1.664,1.722
-0.9031,1.56,1.489
0.01079,1.304,1.185
0.3407,0.9044,0.8623
-0.04174,0.4853,0.5055
-0.3594,0.07238,0.1097
-0.0674,-0.3027,-0.23
0.3358,-0.679,-0.5366
0.1525,-1.03,-0.9117
0.02545,-1.245,-1.289
0.2099,-1.386,-1.59
0.6632,-1.452,-1.69
1.13,-1.533,-1.589
0.9173,-1.61,-1.558
0.4372,-1.553,-1.476
0.05477,-1.522,-1.238
-0.4669,-1.17,-0.8445
-0.2507,-0.6118,-0.4939
0.1183,-0.004589,-0.1334
0.1061,0.4572,0.3259
-0.02953,0.8775,0.8757
0.1635,1.172,1.357
0.1708,1.372,1.675
-0.2226,1.542,1.788
-1.042,1.714,1.705
-1.347,1.731,1.538
-0.5048,1.661,1.292
0.932,1.496,1.17
1.46,1.193,1.105
0.7169,0.7101,0.7572
-0.1603,0.1225,0.2209
0.0169,-0.3968,-0.2019
0.3333,-0.8293,-0.478
0.1281,-1.147,-0.748
0.09753,-1.391,-1.025
0.1427,-1.559,-1.358
0.2698,-1.611,-1.581
0.3761,-1.576,-1.618
0.1427,-1.527,-1.684
-0.1419,-1.39,-1.678
0.2845,-1.184,-1.25
0.7389,-1.021,-0.7602
0.8074,-0.8488,-0.5647
0.2393,-0.266,-0.5403
0.1195,0.4328,-0.1835
0.045,0.8763,0.4823
-0.0503,1.257,1.129
-0.02708,1.551,1.606
-0.2995,1.669,1.802
-0.7174,1.884,1.904
-1.505,1.923,1.947
-1.582,1.928,1.896
-0.721,1.856,1.572
0.5752,1.545,1.247
1.015,1.063,0.8525
0.2466,0.4401,0.3015
-0.2336,-0.1769,-0.1774
-0.05641,-0.6924,-0.5122
-0.2519,-1.076,-0.8164
-0.7186,-1.33,-1.169
-0.7723,-1.466,-1.557
-0.1309,-1.501,-1.826
0.844,-1.566,-1.823
0.9747,-1.71,-1.794
0.3174,-1.661,-2.001
0.2173,-1.511,-1.957
0.8843,-1.334,-1.388
0.684,-1.158,-0.6954
-0.1346,-0.7046,-0.2654
-0.1456,0.08093,-0.05647
0.122,0.8127,0.3247
0.04988,1.254,0.9038
0.3736,1.609,1.444
0.5129,1.828,1.766
-0.1725,1.901,1.824
-1.201,2.037,1.741
-1.956,1.972,1.622
-1.884,1.832,1.201
-0.4303,1.733,0.8904
1.417,1.374,0.9111
1.909,0.8054,0.9979
0.2331,0.1493,0.6057
-1.155,-0.42,-0.1457
-0.4571,-0.8195,-0.7248
0.4127,-1.18,-1.045
0.5435,-1.518,-1.188
0.1867,-1.726,-1.319
0.122,-1.845,-1.415
0.1635,-1.921,-1.47
0.04378,-1.928,-1.654
-0.0393,-1.823,-1.863
0.3712,-1.637,-1.686
0.4176,-1.456,-1.265
0.2466,-1.077,-0.8384
-0.1981,-0.4102,-0.4169
-0.1248,0.3253,0.1683
0.2441,0.952,0.8427
0.486,1.488,1.38
0.4677,1.929,1.704
0.06455,2.185,1.829
-0.4156,2.368,1.891
-1.416,2.319,1.937
-2.455,1.994,1.946
-2.121,1.609,1.697
-0.8444,1.315,1.197
0.3969,0.8958,0.8207
0.541,0.357,0.5605
0.1061,-0.09255,0.1353
-0.2177,-0.4383,-0.4169
0.2356,-0.7401,-0.7675
0.662,-1.047,-0.985
0.5471,-1.427,-1.195
-0.236,-1.644,-1.585
-0.5817,-1.658,-1.935
0.09265,-1.65,-1.99
0.6998,-1.777,-1.937
0.7512,-1.863,-2.048
0.4274,-1.739,-2.147
0.2368,-1.534,-1.705
0.04378,-1.25,-0.8579
-0.02953,-0.558,0.01439
0.2246,0.307,0.5935
0.3309,1.008,0.9258
0.2979,1.455,1.209
0.5422,1.717,1.482
0.6766,1.909,1.647
0.2576,2.008,1.653
-0.6196,2.032,1.611
-1.542,1.907,1.487
-1.65,1.612,1.258
-0.864,1.342,0.9771
0.3077,0.9985,0.8281
0.1916,0.4707,0.6741
-0.9067,0.03206,0.1573
-1.151,-0.2709,-0.4389
-0.2812,-0.5715,-0.7553
0.6009,-0.872,-0.8091
0.5435,-1.166,-0.8311
-0.1554,-1.345,-1.05
-0.2959,-1.335,-1.426
0.3419,-1.278,-1.661
1.211,-1.28,-1.618
1.364,-1.362,-1.552
0.7805,-1.397,-1.58
0.1122,-1.29,-1.542
0.06577,-1.153,-1.135
-0.1224,-0.9001,-0.5647
-0.3411,-0.42,-0.09068
-0.2727,0.208,0.2624
0.08165,0.8176,0.6717
0.2185,1.256,1.12
0.2759,1.57,1.499
0.249,1.688,1.78
-0.04908,1.695,1.893
-0.8652,1.695,1.829
-1.689,1.642,1.678
-1.728,1.476,1.483
-0.798,1.295,1.215
0.2722,1.089,0.8708
0.7731,0.7419,0.5752
0.3736,0.3057,0.2795
-0.3899,-0.1011,-0.1115
-0.4229,-0.3907,-0.4389
0.05477,-0.6326,-0.6515
0.2832,-0.8989,-0.8335
0.08043,-1.096,-1.155
0.2002,-1.209,-1.488
0.7365,-1.341,-1.579
1.096,-1.515,-1.526
0.4579,-1.664,-1.709
0.02423,-1.559,-1.861
0.1586,-1.396,-1.48
-0.02464,-1.229,-0.8494
-0.1358,-0.7853,-0.3497
0.1794,-0.1072,-0.08213
0.4689,0.5037,0.1769
0.4091,0.9215,0.602
0.3614,1.201,1.085
0.348,1.37,1.452
0.1403,1.429,1.66
-0.6355,1.516,1.764
-1.664,1.586,1.744
-1.967,1.53,1.544
-1.245,1.354,1.138
0.2356,1.235,0.8219
1.048,0.9606,0.6937
0.5154,0.5415,0.6143
-0.2898,0.1542,0.1622
-0.258,-0.2111,-0.4193
0.3736,-0.6045,-0.7895
0.5679,-0.9636,-0.9129
0.1745,-1.217,-1.025
-0.02586,-1.312,-1.253
0.6082,-1.306,-1.389
1.476,-1.333,-1.26
1.674,-1.44,-1.1
0.9369,-1.465,-1.195
0.3944,-1.335,-1.129
0.1782,-1.272,-0.7382
0.007124,-0.938,-0.412
0.37,-0.3809,-0.2801
0.2014,0.208,-0.2629
0.3126,0.5647,-0.01127
0.2429,0.8079,0.4261
-0.09184,1.068,0.8183
-0.3777,1.229,1.042
-0.7528,1.386,1.188
-1.271,1.488,1.232
-1.524,1.469,1.16
-1.377,1.4,0.993
-0.6575,1.481,1.081
-0.115,1.232,1.489
-0.5414,0.847,1.362
-0.7748,0.577,0.5862
-0.3618,0.1811,-0.1139
0.3871,-0.2477,-0.4438
0.695,-0.679,-0.5036
0.3504,-0.9795,-0.616
0.05966,-1.131,-0.9154
0.3981,-1.184,-1.228
1.047,-1.276,-1.326
1.473,-1.463,-1.321
1.058,-1.54,-1.432
0.4934,-1.49,-1.327
-0.07229,-1.505,-0.9373
-0.5989,-1.386,-0.594
-0.203,-0.9465,-0.4401
0.01201,-0.288,-0.3216
-0.08939,0.1982,-0.01249
-0.1578,0.5415,0.4334
-0.2018,0.7822,0.8134
-0.3032,0.9899,1.086
-0.5561,1.18,1.278
-1.081,1.421,1.388
-1.529,1.62,1.461
-1.487,1.674,1.435
-0.6758,1.663,1.341
0.5606,1.491,1.273
0.7255,1.088,1.162
-0.03075,0.6026,0.8195
-0.5488,0.1982,0.2673
-0.2152,-0.1891,-0.1493
0.3468,-0.5703,-0.4034
0.4628,-0.894,-0.6612
0.3736,-1.121,-1.014
0.6852,-1.262,-1.305
1.163,-1.407,-1.395
1.382,-1.539,-1.387
1.013,-1.638,-1.377
0.2979,-1.621,-1.316
0.2625,-1.509,-0.9972
0.1611,-1.361,-0.6148
-0.04297,-0.9893,-0.412
-0.1993,-0.3064,-0.2935
-0.1627,0.3998,0.0009468
0.01445,0.9227,0.4395
0.2221,1.309,0.8574
0.04744,1.547,1.154
-0.6673,1.705,1.296
-1.235,1.933,1.389
-1.315,2.047,1.405
-0.6966,2.012,1.21
0.2478,1.927,1.057
0.6583,1.53,1.114
0.2991,0.9496,1.006
-0.2482,0.3057,0.3724
-0.1969,-0.2477,-0.2935
0.1513,-0.7242,-0.6453
0.3578,-1.111,-0.7125
0.3724,-1.444,-0.7089
0.26,-1.715,-0.7675
-0.1505,-1.969,-0.9386
-0.5683,-2.118,-1.365
-0.8737,-2.172,-1.957
-0.5683,-2.1,-2.181
-0.1297,-1.891,-1.796
-0.1456,-1.425,-1.305
-0.1041,-0.6118,-0.8396
0.1794,0.1811,-0.3692
0.8135,0.7016,0.2648
0.9698,1.154,0.949
0.4775,1.623,1.524
-0.1529,2.023,2.024
-0.17,2.195,2.224
0.03522,2.351,2.06
-0.1603,2.202,1.62
0.03034,1.956,0.9747
0.04866,1.52,0.4884
0.01201,0.9704,0.42
0.02423,0.4328,0.4444
0.008346,-0.0669,0.3638
-0.03808,-0.5458,0.1121
0.003459,-0.9881,-0.2825
0.1378,-1.329,-0.7333
0.2991,-1.57,-1.108
0.4897,-1.725,-1.311
0.5581,-1.868,-1.327
0.03889,-2.068,-1.3
-1.271,-2.045,-1.405
-0.776,-1.774,-1.491
0.6131,-1.381,-1.143
0.475,-0.7071,-0.6417
-0.4718,-0.04246,-0.2849
-0.4083,0.6771,0.3052
-0.1028,1.234,1.021
0.2344,1.736,1.56
0.2783,2.069,1.788
0.3064,2.11,1.812
0.08654,2.091,1.694
-0.6331,1.874,1.548
-1.411,1.703,1.119
-1.179,1.504,0.6888
-0.03319,1.137,0.4017
1.008,0.6515,0.2709
1.064,0.09926,0.1366
0.4897,-0.4872,-0.08702
-0.0112,-0.9734,-0.3925
0.03034,-1.328,-0.7199
0.2881,-1.597,-1.035
0.7964,-1.875,-1.211
0.9198,-2.113,-1.198
0.2417,-2.3,-1.264
-0.7369,-2.253,-1.513
0.1953,-1.953,-1.454
0.9039,-1.771,-0.9215
0.02056,-1.184,-0.478
-0.4926,-0.2526,-0.2287
-0.192,0.7101,0.1744
0.07432,1.43,0.7254
0.1342,1.967,1.163
0.2674,2.26,1.436
-0.02586,2.33,1.592
-0.6563,2.26,1.617
-1.287,2.064,1.378
-1.039,1.812,1.03
-0.3606,1.293,0.6228
0.1293,0.7981,0.2257
0.1745,0.3277,-0.03204
0.2564,-0.1451,-0.09924
0.2564,-0.5812,-0.06258
-0.2055,-1.011,-0.1921
-0.44,-1.333,-0.6221
-0.04663,-1.568,-1.006
0.6326,-1.805,-1.111
0.8758,-1.978,-0.9838
-0.3215,-2.163,-0.9691
-0.7931,-1.981,-1.112
0.3895,-1.774,-1.034
0.8293,-1.422,-0.8213
0.1843,-0.7474,-0.583
-0.1884,0.08826,-0.153
-0.01609,0.6857,0.3919
0.4042,1.209,0.8085
0.4836,1.631,0.9576
0.1672,1.936,0.9612
-0.1932,2.188,0.9429
-0.5854,2.276,0.9246
-0.6453,2.196,0.8965
-0.2397,1.901,0.6497
0.4127,1.172,0.3919
0.5593,0.3399,0.3149
0.4274,-0.4432,0.2881
-0.3484,-1.108,0.08525
-0.7736,-1.518,-0.2532
-0.6367,-1.753,-0.5977
-0.5158,-1.849,-0.9471
-0.2946,-1.796,-1.281
-0.04785,-1.727,-1.474
0.07921,-1.686,-1.598
0.1782,-1.522,-1.739
0.8037,-1.348,-1.525
0.7499,-1.121,-1.025
-0.2238,-0.6216,-0.4829
-0.1493,0.09193,0.08891
0.3174,0.8225,0.5739
0.4836,1.36,0.9576
0.3663,1.784,1.235
0.01812,2.071,1.374
-0.2849,2.224,1.451
-0.7406,2.287,1.474
-1.039,2.168,1.394
-0.8114,1.802,1.071
-0.1774,1.469,0.5947
0.403,0.9752,0.2783
0.3651,0.434,0.1207
0.1513,-0.09011,-0.06014
-0.04297,-0.5422,-0.3314
0.03645,-0.9209,-0.5537
0.1024,-1.285,-0.7052
0.01323,-1.526,-0.9178
-0.00265,-1.693,-1.129
0.1708,-1.815,-1.202
0.497,-1.76,-1.091
0.08898,-1.766,-1.205
0.7047,-1.56,-0.996
0.3419,-1.344,-0.7015
-0.03564,-0.8354,-0.4584
0.07432,-0.1536,-0.2373
0.03522,0.5318,0.1268
0.04988,1.148,0.5984
0.1513,1.672,0.9967
0.01934,2.011,1.18
-0.3973,2.124,1.285
-1.107,2.126,1.355
-1.435,2.003,1.327
-1.345,1.793,1.059
-0.4913,1.472,0.7633
0.2038,0.9887,0.5373
0.2136,0.4597,0.2856
-0.1297,-0.05224,-0.05525
0.06943,-0.5141,-0.3155
0.4213,-0.9331,-0.5024
0.4726,-1.281,-0.7223
0.4995,-1.518,-0.9752
0.8403,-1.713,-1.036
1.026,-1.95,-0.9166
0.8098,-2.049,-0.9398
0.1635,-2.064,-1.057
0.1146,-1.986,-0.8958
0.3382,-1.704,-0.6136
-0.203,-1.192,-0.5525
-0.1993,-0.3723,-0.3912
-0.07107,0.3522,0.01805
-0.1285,1.042,0.5532
0.04378,1.648,0.938
-0.02708,2.165,1.142
-0.2519,2.413,1.306
-0.5866,2.511,1.369
-0.9886,2.399,1.206
-0.5182,2.274,0.9905
0.4812,1.8,0.905
0.37,1.124,0.6973
-0.4706,0.4988,0.2294
-0.8811,-0.07911,-0.2006
-0.1737,-0.5446,-0.3534
0.5984,-0.9294,-0.3766
0.6986,-1.312,-0.4596
0.3358,-1.622,-0.7125
0.4433,-1.884,-0.9386
0.6595,-2.129,-0.9948
0.4799,-2.312,-0.9276
-0.6221,-2.376,-1.011
-0.9177,-2.165,-1.064
-0.3887,-1.735,-1.036
0.5997,-1.16,-0.9557
1.109,-0.4236,-0.7602
0.5154,0.3961,-0.1872
-0.1089,1.093,0.5251
0.3174,1.615,1.054
0.6766,1.999,1.261
0.1855,2.138,1.245
-0.743,2.256,1.085
-1.446,2.231,0.8171
-1.372,2.121,0.4237
-0.3875,1.981,0.2771
0.5801,1.629,0.4432
0.7194,1.023,0.624
-0.06007,0.307,0.3943
-0.7503,-0.3345,-0.1554
-0.4901,-0.8512,-0.5818
-0.06862,-1.23,-0.7272
0.09142,-1.462,-0.7516
0.4091,-1.511,-0.7223
3.031,-1.702,-0.3644
2.225,-1.878,0.1182
-1.47,-2.246,-0.5574
-2.634,-2.223,-1.223
-2.124,-1.998,-1.294
-0.4901,-1.394,-0.9019
-0.1016,-0.5568,-0.4902
-0.00265,0.3008,-0.1396
0.6082,0.9056,0.4738
0.7389,1.383,1.025
0.7658,1.881,1.302
0.5093,2.131,1.391
0.2368,2.235,1.36
-0.5268,2.121,1.245
-1.103,1.861,1.063
-1.026,1.613,0.7047
-0.1822,1.29,0.4835
0.497,0.7517,0.4567
0.64,0.2007,0.365
-0.006315,-0.3393,-0.03815
-0.2983,-0.7877,-0.4902
0.1293,-1.166,-0.7883
0.7756,-1.507,-0.9642
1.093,-1.821,-1.044
0.8074,-2.111,-1.056
0.06943,-2.342,-1.327
-0.4144,-2.27,-1.652
0.3846,-2.155,-1.455
0.6559,-1.888,-1.001
-0.09306,-1.215,-0.6563
-0.5769,-0.3809,-0.3668
0.02789,0.2947,0.08647
0.1207,0.9239,0.6582
-0.006315,1.486,1.058
-0.06007,1.955,1.318
0.1281,2.269,1.511
-0.008758,2.465,1.579
-0.6233,2.43,1.494
-0.875,2.234,1.048
-0.1175,1.883,0.5458
0.7731,1.323,0.3247
0.5276,0.6942,0.2771
-0.3826,0.08826,0.01072
-0.4755,-0.4273,-0.3472
0.3077,-0.9294,-0.5623
0.4616,-1.388,-0.6539
0.1659,-1.673,-0.7284
0.7487,-1.934,-0.5867
1.999,-1.907,-0.00394
-0.947,-2.31,-0.4206
-2.308,-2.385,-1.06
-1.47,-2.228,-1.392
-0.8114,-1.969,-1.488
-0.5732,-1.407,-1.405
-1.736,-0.3051,-0.7651
-1.511,0.555,0.3296
0.7951,1.244,1.374
1.209,1.961,1.954
0.5007,2.34,2.101
0.1537,2.454,1.985
-0.01731,2.428,1.858
-0.3313,2.228,1.669
-0.5989,1.969,1.268
-0.473,1.536,0.8354
-0.04052,1.02,0.5825
-0.1102,0.4646,0.376
-0.5598,-0.03758,0.08402
-0.3606,-0.4713,-0.1554
0.1831,-0.9087,-0.3973
0.2234,-1.329,-0.8152
0.2466,-1.691,-1.299
0.3993,-1.937,-1.718
0.5129,-2.099,-1.861
0.26,-2.202,-2.023
-0.04541,-2.155,-2.265
0.3565,-2.033,-2.131
1.62,-1.621,-1.232
0.8941,-1.024,-0.4939
-0.7235,-0.2758,-0.2251
-0.3227,0.489,0.1561
0.6033,1.188,0.7511
0.475,1.801,1.251
0.2661,2.214,1.576
0.3712,2.482,1.735
-0.05274,2.559,1.675
-0.9275,2.476,1.579
-1.233,2.248,1.312
-0.8469,1.955,0.8378
0.2258,1.529,0.6033
1.053,0.9716,0.5862
0.7548,0.2923,0.4542
-0.4889,-0.4102,-0.007605
-0.9202,-0.9722,-0.5794
-0.5011,-1.396,-1.019
0.08531,-1.711,-1.287
0.2979,-1.924,-1.435
0.2087,-2.047,-1.486
-0.02586,-2.157,-1.433
-0.8591,-2.061,-1.612
0.05844,-1.984,-1.558
1.44,-1.885,-1.03
0.3712,-1.523,-0.8078
-0.8689,-0.7193,-0.6808
-0.7284,0.1591,-0.1554
0.26,0.8005,0.6448
0.5386,1.336,1.28
0.3578,1.775,1.617
0.007124,2.025,1.727
-0.5097,2.251,1.742
-1.006,2.229,1.732
-1.117,1.925,1.515
-0.8078,1.685,0.9221
-0.02708,1.376,0.4615
0.5923,0.8995,0.3736
0.64,0.3082,0.3528
0.205,-0.2624,0.04249
-0.1126,-0.7364,-0.4047
-0.06496,-1.133,-0.7687
0.04255,-1.378,-1.062
0.1378,-1.496,-1.278
0.4714,-1.504,-1.311
0.9711,-1.597,-1.091
0.7719,-1.808,-0.9239
-0.2226,-1.865,-1.046
-0.1884,-1.868,-1.069
0.1928,-1.687,-0.9581
0.3724,-1.232,-0.77
-0.2323,-0.5483,-0.5195
-0.2103,0.2532,0.01927
0.5312,0.9239,0.7218
0.7023,1.468,1.166
0.3834,1.889,1.275
-0.1957,2.072,1.253
-0.8701,2.293,1.241
-1.301,2.297,1.281
-1.239,2.179,1.11
-0.3631,2.039,0.8
0.7805,1.661,0.5788
1.052,1.101,0.464
0.6436,0.4365,0.2771
0.07798,-0.2245,-0.03326
-0.0393,-0.7938,-0.3289
0.1159,-1.251,-0.5757
0.392,-1.567,-0.77
0.7047,-1.783,-0.8286
0.9356,-1.986,-0.704
0.7206,-2.249,-0.5293
-0.666,-2.472,-0.6808
-1.446,-2.448,-0.8176
-1.267,-2.144,-0.8665
-0.0222,-1.455,-0.8982
0.02789,-0.5373,-0.6747
-0.08084,0.346,-0.1249
0.3492,1.108,0.6216
0.5459,1.675,1.158
0.3626,2.132,1.427
-0.04052,2.576,1.553
-0.3093,2.744,1.531
-0.1847,2.592,1.252
0.2417,2.334,0.7706
0.5496,1.832,0.3296
0.7964,1.156,0.2172
1,0.3827,0.2612
0.6742,-0.3589,0.2123
-0.291,-1.026,-0.05892
-0.8346,-1.524,-0.4425
-0.5378,-1.875,-0.7504
-0.1248,-2.083,-0.9508
0.05111,-2.232,-1.017
-0.1578,-2.27,-1.077
-0.1126,-2.187,-1.32
1.612,-1.902,-1.191
1.068,-1.638,-0.7394
0.09875,-1.074,-0.3106
0.1635,-0.1268,-0.01005
0.1537,0.974,0.205
0.01934,1.722,0.5434
-0.07351,2.204,0.9111
-0.1346,2.405,1.149
-0.2739,2.397,1.253
-0.7332,2.28,1.201
-1.261,2.03,1.098
-1.521,1.768,0.7645
-0.8139,1.382,0.4835
0.2747,0.8091,0.2844
0.3834,0.1946,0.05959
-0.1053,-0.3907,-0.1518
-0.3056,-0.8635,-0.357
-0.1383,-1.225,-0.5916
0.04866,-1.504,-0.8164
-0.08573,-1.698,-1.06
-0.1224,-1.793,-1.212
0.1378,-1.994,-1.055
0.4286,-2.148,-0.9068
-0.001428,-2.163,-1.277
0.7243,-2.08,-1.281
0.7951,-1.907,-0.9447
0.1269,-1.597,-0.781
-0.4083,-0.9966,-0.8543
0.1366,-0.09011,-0.6319
0.5166,0.6857,0.01561
0.6449,1.315,0.6961
0.574,1.9,1.146
0.1073,2.374,1.405
-0.1041,2.799,1.521
-0.4571,2.973,1.396
-0.4828,2.801,1.025
0.3492,2.551,0.5678
1.202,1.992,0.3968
1.305,1.316,0.475
0.4763,0.4988,0.354
-0.3325,-0.4004,-0.02593
-0.06007,-1.17,-0.3008
0.2014,-1.731,-0.3717
-0.01975,-2.086,-0.2959
-0.5268,-2.238,-0.2348
-0.6367,-2.418,-0.2129
-0.8786,-2.562,-0.5733
-0.9128,-2.513,-1.281
-0.4376,-2.45,-1.733
0.1574,-2.097,-1.654
-0.2482,-1.396,-1.122
-0.908,-0.4969,-0.4621
-0.2922,0.4584,0.2685
0.2185,1.264,0.872
0.02789,1.916,1.253
-0.225,2.403,1.573
-0.5989,2.781,1.886
-0.9165,2.994,2.014
-0.4999,2.989,1.845
0.3834,2.589,1.27
0.8599,1.917,0.4628
0.4983,1.202,-0.1567
-0.1932,0.5366,-0.3546
-0.1737,0.005185,-0.2251
0.8269,-0.6374,-0.02593
1.296,-1.14,0.005834
0.8232,-1.65,-0.3314
1.014,-2.028,-0.5818
1.353,-2.376,-0.5427
1.053,-2.67,-0.346
0.1183,-2.791,-0.4853
-0.214,-2.668,-0.5537
0.2087,-2.37,-0.3558
0.3321,-1.64,-0.2471
0.1183,-0.6484,-0.1848
0.1488,0.1946,-0.09435
0.5044,0.8995,0.1744
0.8562,1.614,0.4005
0.6131,2.293,0.4554
-0.0222,2.664,0.4848
-0.3704,2.874,0.4114
-0.6599,2.761,0.15
-0.6074,2.428,-0.03326
-0.1309,1.903,-0.08946
0.01079,1.245,-0.09801
-0.4596,0.5122,-0.05892
-0.5011,-0.09255,0.0657
-0.3056,-0.6057,0.1024
-0.3753,-1.151,-0.05281
-0.1651,-1.598,-0.313
0.5447,-1.838,-0.5183
1.091,-1.983,-0.4755
0.9222,-2.146,-0.2825
-0.1798,-2.312,-0.3399
-0.5964,-2.139,-0.6172
0.9491,-1.899,-0.5158
1.631,-1.502,-0.2727
0.9063,-0.5776,-0.1518
-0.1065,0.3827,-0.2153
-0.247,1.188,-0.1762
-0.4241,1.802,0.09013
-0.429,2.293,0.3772
-0.4486,2.488,0.6436
-0.8566,2.465,0.8085
-1.79,2.199,0.7767
-2.407,1.828,0.5727
-1.753,1.547,0.3638
-0.5817,1.151,0.2453
0.05355,0.6148,0.1402
0.01445,0.07482,-0.008827
-0.1065,-0.4139,-0.1481
-0.00265,-0.85,-0.2483
0.2845,-1.253,-0.3619
0.3785,-1.573,-0.6014
0.5618,-1.763,-0.9129
1.39,-1.875,-0.9386
1.835,-1.981,-0.649
1.136,-2.041,-0.5879
0.5129,-1.998,-0.5598
0.2319,-1.823,-0.3289
0.2429,-1.543,-0.1005
0.3675,-0.9319,-0.07724
0.1317,-0.194,-0.1505
-0.3069,0.456,-0.03448
-0.3032,1.102,0.2526
-0.3594,1.68,0.5116
-0.6551,2.028,0.7548
-1.03,2.254,0.9637
-1.458,2.471,0.9942
-1.494,2.518,0.8623
-0.8188,2.375,0.646
0.04011,1.928,0.4848
0.4628,1.316,0.4224
0.359,0.6234,0.3479
-0.0222,-0.04124,0.1842
-0.28,-0.6411,-0.06991
-0.1969,-1.173,-0.3912
0.07188,-1.609,-0.6979
0.2698,-1.903,-0.9288
0.4555,-2.086,-0.9642
0.403,-2.227,-0.8262
-0.2763,-2.327,-0.9178
0.1097,-2.034,-1.031
0.9943,-1.721,-0.792
0.8465,-1.294,-0.4755
0.1378,-0.5018,-0.2471
0.2356,0.4218,0.01194
0.2136,1.211,0.4102
0.1159,1.683,0.7804
-0.1835,1.934,1.015
-0.7894,2.069,1.08
-1.389,2.177,1.024
-1.769,2.022,0.9331
-1.265,1.841,0.7047
-0.1077,1.637,0.5214
0.5068,1.201,0.4273
0.1427,0.7236,0.2942
-0.5634,0.1958,0.02294
-0.561,-0.2819,-0.2654
0.1061,-0.6985,-0.4829
0.5007,-1.065,-0.6282
0.5642,-1.362,-0.7993
1.019,-1.57,-0.9019
1.601,-1.826,-0.7846
0.7951,-2.273,-0.7333
-0.7613,-2.393,-1.036
-0.7381,-2.188,-1.088
0.6351,-1.917,-0.6453
0.6522,-1.391,-0.3301
0.008346,-0.3919,-0.2434
0.1696,0.533,-0.05403
1.091,1.393,0.4603
1.311,2.038,0.8781
0.9271,2.562,1.124
0.06577,2.768,1.213
-0.7284,2.813,1.114
-1.37,2.528,0.789
-1.066,2.287,0.4774
-0.3093,1.797,0.4383
-0.0222,1.18,0.5006
-0.08817,0.4865,0.3271
-0.3606,-0.2294,-0.03693
-0.3545,-0.8024,-0.3705
-0.3386,-1.318,-0.6453
-0.3582,-1.713,-0.9092
-0.2006,-1.959,-1.169
0.4469,-2.121,-1.275
0.6937,-2.276,-1.22
0.403,-2.312,-1.168
0.3944,-2.233,-1.257
1.903,-2.046,-0.9532
2.288,-1.693,-0.4511
1.236,-0.4273,-0.1603
0.1525,0.8091,-0.007605
-0.06007,1.697,0.2746
-0.09794,2.225,0.635
-0.2983,2.605,0.8965
-0.8921,2.6,1.082
-1.917,2.456,1.131
-3.282,2.228,0.9734
-3.979,1.871,0.6472
-2.286,1.58,0.5495
0.5972,1.282,0.6607
1.23,0.792,0.5788
0.2368,0.2923,0.2038
-0.418,-0.194,-0.2263
0.09998,-0.6704,-0.5232
0.7084,-1.12,-0.6942
0.7487,-1.482,-0.8286
0.5728,-1.813,-0.919
0.1171,-2.191,-0.9752
-0.5365,-2.54,-1.264
-0.9923,-2.723,-2.175
0.2539,-2.29,-2.647
0.8477,-1.914,-2.108
0.6217,-1.218,-1.135
0.9454,-0.2758,-0.2568
1.114,0.671,0.216
0.8733,1.355,0.6827
0.3077,1.942,1.446
-0.1089,2.407,2.056
-0.302,2.826,2.262
-0.7064,2.859,2.045
-0.6832,2.467,1.533
-0.6819,2.11,1.006
-0.3789,1.542,0.767
0.4286,0.9044,0.8598
0.2527,0.3399,0.7254
-0.8212,-0.2098,0.1524
-0.9678,-0.6643,-0.4963
-0.2849,-1.098,-1.039
0.4873,-1.476,-1.458
0.9601,-1.793,-1.738
1.157,-2.16,-1.734
1.052,-2.518,-1.778
1.046,-2.818,-1.938
1.773,-2.699,-1.289
1.072,-2.448,-0.3436
-0.08695,-1.931,-0.006384
-0.4632,-0.7413,-0.2006
-0.1004,0.5855,0.05715
0.1378,1.679,0.745
0.3333,2.535,1.241
0.7976,3.147,1.364
0.4689,3.334,1.231
-0.5243,3.144,1.122
-1.307,2.733,0.9783
-1.967,2.274,0.6888
-2.066,1.786,0.4518
-0.8432,1.237,0.3528
0.8342,0.6894,0.3015
1.154,0.07971,0.1133
0.2515,-0.5434,-0.2507
-0.3887,-1.141,-0.6307
-0.4303,-1.64,-0.9276
-0.3997,-1.985,-1.176
-0.1016,-2.273,-1.255
0.05844,-2.514,-1.275
-0.1884,-2.887,-1.276
-1.068,-2.681,-1.619
0.2832,-2.025,-1.459
0.2918,-1.219,-1.138
0.4567,-0.1891,-0.4926
1.542,0.803,0.2563
1.764,1.598,0.7792
1.328,2.185,1.05
0.6009,2.592,1.077
-0.5329,2.659,1.187
-1.378,2.451,1.214
-1.595,2.086,1.184
-1.526,1.74,0.8623
-0.539,1.388,0.5581
0.4885,0.836,0.4005
0.392,0.2874,0.2233
-0.5256,-0.2343,-0.1237
-0.6331,-0.69,-0.4291
0.1525,-1.122,-0.6136
0.381,-1.51,-0.7651
-0.01975,-1.783,-1.022
0.08654,-1.893,-1.272
0.756,-2.039,-1.301
0.607,-2.246,-1.417
-0.2128,-2.206,-1.678
0.09631,-2.038,-1.513
1.373,-1.637,-0.7321
0.4922,-1.03,-0.1677
-0.7931,-0.06934,0.01805
-0.003871,0.7969,0.3247
0.4934,1.504,0.7609
0.3761,1.993,1.042
0.03156,2.245,1.171
-0.2348,2.264,1.264
-0.6832,2.196,1.289
-1.198,2.055,1.229
-1.674,1.846,0.982
-1.449,1.618,0.6937
-0.09917,1.149,0.5813
0.976,0.4817,0.4395
0.7438,-0.1207,0.15
-0.2299,-0.5922,-0.2202
-0.6538,-0.938,-0.5195
-0.1358,-1.197,-0.7663
0.5984,-1.424,-0.9679
1.054,-1.639,-1.061
1.104,-1.897,-0.9984
0.3455,-2.158,-0.9532
-1.16,-2.224,-1.034
-1.83,-2.115,-1.034
0.05233,-1.764,-0.8579
1.84,-1.224,-0.6172
0.6583,-0.5703,-0.5513
-0.4926,0.1481,-0.2275
0.6644,1.031,0.4432
1.093,1.78,0.9197
0.3138,2.202,1.094
-0.7565,2.509,1.209
-1.709,2.576,1.307
-1.695,2.314,1.3
-0.6587,2.052,1.024
0.6656,1.685,0.6778
1.241,1.189,0.4738
0.8794,0.5843,0.3076
0.06821,-0.0388,0.08158
-0.3851,-0.5947,-0.1701
-0.5121,-1.032,-0.4377
-0.3533,-1.383,-0.7125
0.155,-1.631,-0.9373
0.866,-1.838,-0.8897
0.8122,-2.086,-0.8384
0.3895,-2.091,-1.06
1.159,-2.047,-1.027
1.665,-2.029,-0.7614
0.9882,-1.864,-0.4389
0.2429,-1.28,-0.2202
0.1525,-0.2233,-0.1567
0.1769,0.7859,0.183
0.09265,1.597,0.5336
-0.3301,2.204,0.6668
-0.8713,2.524,0.8036
-1.57,2.664,0.9637
-1.522,2.626,0.9686
-0.7479,2.516,0.6191
0.2466,2.017,0.321
1.353,1.292,0.365
0.9405,0.4707,0.4249
-1.111,-0.2575,0.1011
-2.276,-0.8317,-0.401
-1.659,-1.214,-0.8152
-0.2189,-1.439,-1.008
0.6436,-1.572,-0.9911
1.064,-1.669,-0.8164
1.334,-1.746,-0.5036
1.048,-1.867,-0.2581
-0.2336,-2.04,-0.5342
-0.126,-2.019,-0.7687
0.1378,-1.651,-0.9202
0.5031,-1.081,-0.952
0.1537,-0.4432,-0.9325
0.06332,0.5012,-0.3216
0.5398,1.204,0.5422
1.134,1.964,1.257
0.7133,2.325,1.516
-0.3484,2.444,1.402
-1.687,2.51,1.104
-2.786,2.192,0.7829
-2.287,1.789,0.5092
-0.7357,1.444,0.3479
0.1647,0.974,0.3162
0.2173,0.4963,0.31
-0.1993,0.04061,0.1744
-0.4498,-0.3772,-0.06136
-0.2336,-0.7523,-0.3216
0.0731,-1.055,-0.6246
0.4274,-1.24,-0.9667
0.9637,-1.416,-1.116
1.275,-1.704,-0.9874
0.9527,-2.094,-1.042
1.302,-2.244,-1.049
2.207,-2.104,-0.6722
1.538,-1.805,-0.4267
0.3113,-0.9148,-0.324
-0.495,0.01985,-0.3314
0.03522,0.8091,-0.0296
0.1782,1.389,0.3675
-0.1383,1.832,0.6277
-0.06618,2.014,0.8146
0.6155,2.206,1.039
-0.3557,2.173,0.8232
-1.563,1.918,0.3675
-1.305,1.692,0.1414
-0.2983,1.524,0.2453
-0.7394,1.001,0.4493
-1.851,0.3925,0.2795
-1.922,-0.1463,-0.1945
-0.6086,-0.6387,-0.4584
0.3199,-1.153,-0.5317
-0.181,-1.603,-0.6942
-0.1456,-1.945,-1.018
1.13,-2.271,-1.304
2.223,-2.593,-1.742
2.93,-2.943,-2.44
3.137,-3.19,-3.019
3.709,-3.187,-3.031
3.667,-3.059,-2.777
2.623,-2.757,-2.788
1.595,-2.184,-2.976
1.864,-1.715,-2.968
2.959,-1.509,-2.518
3.449,-1.506,-1.983
2.987,-1.367,-1.326
1.744,-1.132,-0.605
0.662,-0.9099,-0.3216
0.8086,-0.7902,-0.3082
0.2099,-0.569,-0.3631
-0.09917,-0.4236,-0.4193
0.3199,-0.2538,-0.1982
-0.451,-0.2807,0.07547
0.06455,-0.07301,-0.3546
0.6644,-0.07423,-0.5171
-0.003871,-0.1426,-0.5537
-0.09184,-0.1402,-0.6625
0.4091,-0.02047,-0.5708
0.02178,0.04061,-0.5171
-0.06129,0.04672,-0.2691
-0.01242,0.06871,-0.5134
0.01201,0.1225,0.01561
-0.4217,0.06016,0.1671
0.1562,0.05161,0.26
0.1733,0.05039,0.2612
0.1061,0.06138,0.3015
0.1659,0.09315,0.3895
0.08043,0.1164,0.398
-0.1615,0.109,0.3223
-0.06374,0.1151,0.1708
0.1415,0.1005,-0.1066
0.3223,0.04184,-0.1554
0.08776,-0.01925,0.04982
-0.1908,-0.03147,0.2661
-0.3557,-0.02536,0.31
-0.3472,0.03328,0.2135
-0.09794,0.1054,0.1011
-0.09184,0.09559,0.0547
-0.06374,0.04672,0.06448
-0.07107,0.007628,0.08891
0.02056,-0.01558,0.09502
0.02056,-0.02414,0.08891
-0.05641,-0.02414,0.07792
0.08531,-0.01803,0.07547
0.04255,-0.0278,0.05959
0.045,-0.01558,0.07303
0.08287,-0.01436,0.0547
0.05233,-0.01192,0.03638
0.04133,-0.009476,0.004612
0.02423,-0.008254,-0.007605
0.08898,-0.02414,-0.001497
-0.01242,-0.02169,-0.008827
0.09265,-0.01192,-0.01738
0.03767,-0.02047,-0.002718
-0.2568,-0.07911,-0.03815
-0.3594,-0.01558,-0.07236
-0.2458,0.03084,-0.04304
0.03889,0.03817,0.03393
0.3211,-0.009476,0.128
