gyro_x,gyro_y,gyro_z,activity
-0.351,0.09399,0.199,3
-0.1152,-0.1259,-0.00384,3
0.1402,-0.1491,-0.1871,3
0.03997,0.1697,0.03403,3
-0.1237,0.2504,0.09756,3
-0.3791,-0.03795,0.09268,3
-0.2227,-0.1992,-0.1504,3
0.1304,0.05612,-0.1395,3
0.02898,0.3322,0.09146,3
-0.2325,0.2443,0.2344,3
-0.4426,-0.06361,-0.0185,3
-0.1445,-0.01841,-0.181,3
0.0583,0.3835,0.07557,3
-0.05776,0.6645,0.2625,3
-0.6686,0.3554,0.2466,3
-0.8152,-0.1051,0.1415,3
-0.4878,0.386,0.3883,3
-0.6112,1.178,0.8343,3
-0.9496,1.537,1.261,3
-0.9154,1.625,1.302,3
-1.078,1.828,1.11,3
-1.722,2.447,1.248,3
-2.402,3.005,1.704,3
-2.788,2.633,1.935,3
-2.676,2.283,1.685,3
-2.834,2.304,1.471,3
-3.017,2.459,1.67,3
-3.042,1.527,1.919,3
-2.865,0.7818,1.611,3
-1.8,-0.121,0.6254,3
-1.757,0.00725,0.1489,3
-1.635,0.612,-0.1297,3
-1.59,0.8173,0.1,3
-1.532,-0.07705,0.3272,3
-1.038,-0.3251,0.0377,3
-0.05043,0.3897,-0.2396,3
-0.026,0.6181,-0.09425,3
-0.2459,0.2333,0.2381,3
-0.06876,-0.2163,0.1501,3
0.5849,0.1978,-0.1065,3
0.2464,0.3005,-0.1468,3
-0.2703,0.3163,0.1758,3
-0.1824,-0.2982,0.1868,3
0.503,-0.1931,-0.1541,3
0.6117,0.04146,-0.4021,3
-0.06143,0.2162,-0.1749,3
-0.07975,0.009693,0.1098,3
0.3931,-0.2701,-0.1187,3
0.9636,-0.04528,-0.5047,3
0.5458,0.0439,-0.6013,3
0.4456,0.2858,-0.3581,3
0.8573,-0.2542,-0.2763,3
1.389,-0.3287,-0.5231,3
1.906,-0.1223,-0.677,3
1.871,-0.007411,-0.473,3
2.107,-0.2395,-0.06981,3
1.768,-0.5572,-0.03805,3
1.604,-0.3984,-0.3814,3
1.617,-0.1516,-0.4705,3
1.226,0.09155,-0.1602,3
1.55,-0.4326,0.1648,3
1.267,-0.5413,-0.07226,3
1.653,-0.5218,-0.4339,3
1.748,0.02191,-0.3923,3
1.271,0.1148,0.01082,3
0.1023,-0.3153,0.2405,3
-0.9032,-0.3935,-0.05882,3
-0.9618,-0.07094,-0.2592,3
0.1011,0.5583,-0.0356,3
-0.1628,0.02313,0.3248,3
-0.5342,-0.3825,0.3285,3
-0.114,-0.3434,-0.1602,3
0.7926,0.2553,-0.3276,3
0.8451,0.4837,0.001047,3
0.04731,-0.2566,0.3272,3
-0.2422,-0.4216,0.05358,3
0.4212,-0.1626,-0.2482,3
0.988,0.623,-0.1285,3
-0.05532,0.004806,0.2405,3
-0.7334,-0.3984,0.3028,3
-0.3217,-0.391,-0.1517,3
0.5665,0.2162,-0.3154,3
0.525,0.6328,0.05114,3
-0.5733,-0.1882,0.381,3
-0.7468,-0.413,0.1086,3
0.06074,-0.1821,-0.2836,3
0.7034,0.601,-0.2445,3
0.1658,0.1172,0.2039,3
-0.467,-0.3153,0.3932,3
-0.1201,-0.4142,-0.104,3
0.8598,0.1258,-0.3594,3
0.988,0.5961,-0.0576,3
-0.006451,-0.1369,0.3065,3
-0.6356,-0.4533,0.1257,3
0.005766,-0.3348,-0.2787,3
0.9086,0.4556,-0.2946,3
0.4859,0.1526,0.1183,3
-0.3766,-0.2872,0.337,3
-0.5232,-0.4998,-0.08203,3
0.4578,-0.01352,-0.319,3
0.9917,0.645,-0.04782,3
0.06074,-0.0294,0.337,3
-0.8006,-0.3556,0.2442,3
-0.4622,-0.297,-0.1297,3
0.7693,0.4984,-0.1932,3
0.6875,0.3909,0.1306,3
-0.4023,-0.2273,0.3016,3
-0.7285,-0.5303,-0.1175,3
0.2464,-0.1039,-0.3374,3
0.9098,0.6572,-0.06493,3
-0.02722,0.06711,0.348,3
-0.9374,-0.3458,0.2894,3
-0.6137,-0.3458,-0.1285,3
0.6423,0.4544,-0.2225,3
0.696,0.4874,0.1428,3
-0.4732,-0.1552,0.3834,3
-0.8739,-0.4985,-0.03805,3
-0.1042,-0.1626,-0.3313,3
0.6838,0.7183,-0.1358,3
-0.103,0.03657,0.2772,3
-0.781,-0.38,0.2735,3
-0.3962,-0.4411,-0.1602,3
0.6716,0.32,-0.2751,3
0.7131,0.5937,0.08168,3
-0.3192,-0.1015,0.4079,3
-0.7297,-0.4766,0.07802,3
0.0754,-0.2212,-0.2897,3
0.9917,0.6535,-0.2091,3
0.1939,0.116,0.1916,3
-0.7016,-0.3422,0.2759,3
-0.4365,-0.4949,-0.1639,3
0.6215,0.1893,-0.3203,3
0.7425,0.6658,0.001047,3
-0.3742,-0.07094,0.3407,3
-0.7737,-0.4937,0.07924,3
0.01187,-0.2945,-0.3056,3
0.8598,0.557,-0.2714,3
0.2086,0.2516,0.1587,3
-0.7981,-0.253,0.3517,3
-0.6967,-0.5108,-0.09669,3
0.4664,0.09277,-0.3325,3
0.7364,0.6975,-0.0637,3
-0.3143,-0.03307,0.2882,3
-0.8629,-0.4448,0.1354,3
-0.0822,-0.3092,-0.2824,3
0.8048,0.5277,-0.3105,3
0.2526,0.3322,0.1232,3
-0.7138,-0.187,0.4152,3
-0.6723,-0.4338,-0.0185,3
0.2012,0.04512,-0.2995,3
0.1731,0.8099,-0.05271,3
-1.756,0.08178,0.4079,3
-2.799,-0.2224,0.5032,3
-2.297,-0.002524,0.05969,3
-1.546,0.733,-0.08447,3
-1.513,0.6193,0.1367,3
-2.088,-0.4814,0.4348,3
-1.933,-0.3128,0.07191,3
-1.486,0.1746,-0.3142,3
-1.248,0.7183,-0.1138,3
-1.484,-0.3446,0.2796,3
-1.761,-0.6879,0.3175,3
-1.035,-0.1186,-0.1468,3
-0.2288,0.3579,-0.3349,3
0.9379,0.5277,0.04869,3
0.7412,-0.4155,0.3101,3
0.2147,-0.2615,-0.03805,3
-0.197,0.1868,-0.319,3
-0.5391,0.6254,-0.07837,3
-1.607,-0.319,0.2784,3
-2.379,-0.7783,0.3053,3
-1.679,-0.1406,-0.1443,3
-0.7969,0.3359,-0.3887,3
0.3784,0.5424,0.1354,3
-0.2093,-0.4668,0.4677,3
-1.121,-0.275,0.122,3
-1.238,0.2162,-0.2909,3
-0.8201,0.6193,-0.1272,3
-0.1494,-0.02085,0.3053,3
-0.4011,-0.5242,0.3224,3
-0.2606,-0.007411,-0.1272,3
0.1011,0.3799,-0.3007,3
0.4578,0.5973,0.1587,3
-0.2545,-0.5584,0.4482,3
-0.8177,-0.4045,0.09023,3
-0.5318,0.08911,-0.3557,3
-0.1543,0.4788,-0.2299,3
0.1218,0.01458,0.2539,3
-0.0822,-0.6097,0.2955,3
0.06685,-0.05872,-0.17,3
0.1536,0.2809,-0.4156,3
0.2831,0.5656,-0.06859,3
-0.01134,-0.5401,0.3346,3
-0.4695,-0.4753,0.1147,3
-0.03211,0.06223,-0.3288,3
0.2917,0.4556,-0.3056,3
0.3369,0.2821,0.166,3
-0.1763,-0.5987,0.3725,3
-0.05899,-0.1711,0.02793,3
0.2403,0.232,-0.2677,3
0.3882,0.568,-0.01972,3
0.1182,-0.4399,0.3822,3
-0.3852,-0.5108,0.232,3
-0.1702,-0.03918,-0.1883,3
0.08518,0.3652,-0.236,3
0.3149,0.2516,0.1477,3
0.07785,-0.5853,0.3431,3
-0.1091,-0.2591,-0.02461,3
-0.1506,0.1758,-0.3618,3
0.08396,0.5387,-0.1541,3
0.376,-0.38,0.3163,3
0.1169,-0.4729,0.1538,3
0.05219,-0.002524,-0.3288,3
0.05586,0.419,-0.4192,3
0.4236,0.386,0.05114,3
0.4945,-0.5596,0.3175,3
0.1512,-0.242,-0.1052,3
-0.09319,0.1783,-0.462,3
-0.01134,0.5558,-0.2299,3
0.5164,-0.1809,0.2894,3
0.3234,-0.3996,0.2185,3
0.02776,-0.002524,-0.1859,3
-0.4121,0.3909,-0.2604,3
-0.3937,0.4788,0.07924,3
-0.4402,-0.5352,0.3749,3
-0.2606,-0.2053,0.07557,3
0.1133,0.2272,-0.2885,3
0.3185,0.5986,-0.1028,3
0.1756,-0.1186,0.3163,3
-0.2716,-0.5315,0.2772,3
-0.2056,-0.1113,-0.181,3
0.02287,0.2821,-0.3667,3
0.2257,0.4226,-0.02339,3
-0.3913,-0.5328,0.3211,3
-0.8018,-0.2957,0.111,3
-0.5379,0.1526,-0.214,3
-0.004008,0.5216,-0.05271,3
-0.3192,-0.1137,0.271,3
-0.8702,-0.4521,0.1953,3
-0.2203,0.01214,-0.3459,3
0.9392,0.3408,-0.5768,3
1.291,0.4886,-0.2555,3
0.05952,-0.3348,0.09634,3
-0.6735,-0.2505,0.1147,3
0.09129,0.08911,-0.06248,3
0.8622,0.4776,-0.02583,3
0.3136,-0.009854,0.1599,3
-0.5819,-0.3739,0.1574,3
-0.2923,-0.1088,-0.1688,3
0.8194,0.2748,-0.2409,3
0.905,0.4459,-0.01728,3
-0.2936,-0.3593,0.2063,3
-0.935,-0.3177,0.0658,3
-0.05288,0.09277,-0.247,3
0.894,0.4605,-0.1346,3
0.1145,-0.007411,0.1061,3
-0.9643,-0.3935,0.1782,3
-0.5013,-0.1149,-0.09913,3
0.7034,0.2455,-0.1822,3
0.8732,0.4911,0.04259,3
-0.1934,-0.2762,0.315,3
-0.8714,-0.3299,0.2087,3
-0.04677,0.04024,-0.1627,3
1.036,0.4666,-0.1211,3
0.5055,0.083,0.1599,3
-0.6198,-0.3263,0.304,3
-0.6967,-0.2383,-0.02827,3
0.3601,0.1758,-0.2616,3
0.9502,0.5949,-0.09669,3
0.4431,-0.03795,0.293,3
-0.23,-0.3568,0.3077,3
-0.2655,-0.2835,-0.2176,3
0.354,0.2003,-0.506,3
0.9379,0.4055,-0.2347,3
0.5665,-0.1992,0.1831,3
0.03875,-0.1919,0.221,3
0.2929,0.05856,-0.02217,3
0.6826,0.3725,-0.05393,3
0.3686,-0.3299,0.01937,3
-0.3327,-0.5719,-0.1456,3
-0.4316,-0.1748,-0.4705,3
0.08274,0.2931,-0.4217,3
0.3246,0.6425,0.1574,3
-0.2105,-0.2102,0.8355,3
-0.5709,-0.3104,0.8196,3
-0.1506,0.1209,0.2051,3
0.4615,0.6523,-0.1932,3
0.5763,0.2895,-0.1663,3
0.01187,-0.5193,-0.007505,3
-0.1189,-0.2456,-0.2653,3
0.4566,0.1783,-0.451,3
0.8011,0.5204,-0.1737,3
-0.208,-0.4338,0.1904,3
-0.9301,-0.6219,0.2613,3
-0.4377,-0.2041,-0.1724,3
0.5189,0.3347,-0.3801,3
0.6728,0.1477,-0.2115,3
-0.1787,-0.4827,0.06946,3
-0.5489,-0.4204,-0.06248,3
-0.06143,0.03657,-0.2787,3
0.6081,0.5033,-0.1211,3
0.1634,-0.1064,0.2271,3
-0.5513,-0.4045,0.3908,3
-0.5013,-0.1662,0.06336,3
0.1047,0.364,-0.1529,3
0.5384,0.419,0.03159,3
-0.002786,-0.3593,0.2845,3
-0.5538,-0.3568,0.1244,3
-0.2899,0.1074,-0.1969,3
0.4639,0.6511,-0.115,3
0.5177,-0.00008055,0.2405,3
-0.0541,-0.3568,0.37,3
-0.2154,-0.154,-0.02094,3
0.2623,0.3616,-0.2677,3
0.4908,0.3591,-0.115,3
0.03509,-0.457,0.155,3
-0.1457,-0.4338,0.01815,3
0.09617,0.04512,-0.3129,3
0.6423,0.5656,-0.236,3
0.5555,-0.04651,0.133,3
0.2171,-0.4045,0.3395,3
0.3527,-0.1662,-0.01972,3
0.8793,0.441,-0.2677,3
0.9844,0.4972,-0.09425,3
0.3503,-0.3861,0.1965,3
-0.01867,-0.4546,0.06946,3
0.6826,-0.09415,-0.2567,3
1.511,0.6144,-0.1712,3
1.065,0.01092,0.1525,3
0.1365,-0.369,0.3431,3
-0.3155,-0.2102,-0.009948,3
-0.252,0.3493,-0.2494,3
-0.2813,0.5754,-0.06615,3
-0.8763,-0.413,0.2601,3
-1.141,-0.4216,0.1758,3
-1.397,0.1074,-0.1761,3
-1.265,0.5705,-0.1541,3
-1.207,-0.0294,0.1623,3
-1.045,-0.5364,0.3578,3
-0.329,-0.1992,0.008378,3
0.3149,0.3054,-0.2079,3
0.6802,0.4898,0.01204,3
0.3894,-0.4265,0.3089,3
0.4126,-0.3483,0.1489,3
0.718,0.1209,-0.2164,3
1.561,0.4984,-0.1993,3
1.753,0.07078,0.1049,3
1.322,-0.479,0.2747,3
1.197,-0.2786,-0.08936,3
1.058,0.1685,-0.3691,3
1.537,0.4666,-0.203,3
1.071,-0.231,0.08535,3
1.058,-0.5511,0.01693,3
1.6,-0.1699,-0.2665,3
2.816,0.276,-0.2323,3
2.866,0.3066,0.06336,3
2.127,-0.1479,0.1929,3
1.267,-0.2175,-0.1101,3
1.147,0.1441,-0.2628,3
1.285,0.5204,-0.1443,3
0.6667,0.08055,0.08168,3
-0.1983,-0.2408,-0.0001745,3
-1.063,-0.1027,-0.1676,3
-2.187,0.6523,-0.1847,3
-3.758,0.3347,0.1281,3
-4.759,-0.2689,0.4348,3
-4.943,-0.4094,0.2039,3
-3.898,0.09644,-0.05393,3
-2.768,0.4605,-0.002618,3
-2.931,-0.5584,0.2796,3
-3.148,-0.468,0.1733,3
-3.205,-0.03429,-0.2335,3
-2.875,0.3835,-0.3166,3
-2.535,-0.2408,-0.01361,3
-2.403,-0.6061,0.133,3
-1.69,-0.1821,-0.06493,3
-0.1396,0.3432,-0.1834,3
0.8891,0.353,0.0939,3
0.1805,-0.424,0.3321,3
-0.7041,-0.2542,0.1648,3
-0.6308,0.1758,-0.2042,3
-0.197,0.4178,-0.148,3
0.3234,-0.2188,0.1257,3
0.7364,-0.4094,0.1623,3
2.482,0.03901,-0.1187,3
2.358,0.5741,-0.4156,3
0.9477,0.5253,-0.159,3
-0.1262,-0.3446,0.1648,3
-0.3962,-0.3238,0.03526,3
0.5641,0.2039,-0.2751,3
1.021,0.5937,-0.1798,3
0.321,-0.06605,0.1293,3
-0.6112,-0.4546,0.232,3
-0.2215,-0.1027,-0.0747,3
0.6508,0.4031,-0.2347,3
0.9098,0.43,0.02426,3
0.0302,-0.4033,0.3346,3
-0.5428,-0.3324,0.1684,3
-0.04799,0.1258,-0.2054,3
0.6973,0.5399,-0.1627,3
0.7498,-0.04651,0.1916,3
0.04608,-0.424,0.2808,3
-0.02966,-0.1015,-0.0747,3
0.4407,0.3945,-0.3142,3
1.121,0.5143,-0.0356,3
0.5885,-0.3727,0.3138,3
0.03264,-0.369,0.1525,3
0.156,0.06834,-0.2457,3
0.7559,0.5082,-0.1932,3
0.4945,0.03413,0.1354,3
-0.4096,-0.5108,0.2894,3
-0.351,-0.1968,-0.04294,3
0.2941,0.2944,-0.2995,3
0.8915,0.5314,-0.04294,3
0.02043,-0.3629,0.2869,3
-0.5171,-0.3752,0.1623,3
-0.07242,0.04024,-0.2189,3
0.8402,0.5057,-0.1724,3
0.4541,0.01092,0.09756,3
-0.6185,-0.5254,0.2185,3
-0.5306,-0.2053,-0.09791,3
0.3454,0.2809,-0.2751,3
0.8708,0.5411,0.0267,3
-0.1079,-0.3727,0.3236,3
-0.6503,-0.402,0.1806,3
-0.1775,0.05001,-0.1834,3
0.5555,0.5363,-0.1517,3
0.4187,0.05978,0.1611,3
-0.3937,-0.4729,0.3272,3
-0.4194,-0.1577,-0.009948,3
0.2012,0.3493,-0.2494,3
0.7913,0.6083,-0.005061,3
0.1499,-0.3446,0.315,3
-0.4426,-0.3654,0.1501,3
-0.05532,0.06589,-0.2176,3
0.6007,0.5314,-0.203,3
0.3039,0.02802,0.08657,3
-0.4536,-0.5315,0.2417,3
-0.3571,-0.1931,-0.115,3
0.2355,0.2809,-0.3447,3
0.6325,0.5827,-0.08081,3
-0.1042,-0.4228,0.2833,3
-0.5929,-0.4411,0.1562,3
-0.136,0.04512,-0.2396,3
0.6093,0.5521,-0.2421,3
0.4163,0.138,0.09023,3
-0.4658,-0.5047,0.3395,3
-0.4927,-0.2188,0.01449,3
0.1414,0.3212,-0.2726,3
0.6802,0.634,-0.04538,3
-0.06754,-0.3556,0.2943,3
-0.6234,-0.4228,0.2051,3
-0.1066,0.03168,-0.1785,3
0.613,0.5008,-0.2018,3
0.3393,0.1001,0.05603,3
-0.5917,-0.5694,0.2735,3
-0.5868,-0.2847,-0.04171,3
0.0864,0.2455,-0.3374,3
0.7522,0.6144,-0.1162,3
0.005766,-0.3434,0.2429,3
-0.6992,-0.4802,0.1904,3
-0.2655,-0.01108,-0.1822,3
0.5665,0.5069,-0.2421,3
0.5336,0.2382,0.04625,3
-0.4292,-0.4888,0.3101,3
-0.5465,-0.2542,0.0548,3
0.09129,0.2565,-0.2299,3
0.7559,0.6218,-0.03805,3
0.09617,-0.2872,0.2772,3
-0.6381,-0.4778,0.2173,3
-0.3107,-0.05995,-0.1614,3
0.4285,0.4397,-0.2494,3
0.5555,0.2198,0.02059,3
-0.3229,-0.4985,0.2503,3
-0.5403,-0.2847,-0.02827,3
-0.01745,0.2272,-0.3081,3
0.7767,0.6316,-0.08692,3
0.2196,-0.2713,0.2698,3
-0.6137,-0.4973,0.2112,3
-0.4133,-0.08194,-0.1785,3
0.3026,0.4287,-0.2751,3
0.5995,0.3212,0.0377,3
-0.2422,-0.4961,0.326,3
-0.6039,-0.3043,0.06091,3
-0.1726,0.1807,-0.2641,3
0.6227,0.6083,-0.1052,3
0.2159,-0.2175,0.232,3
-0.5513,-0.4912,0.2283,3
-0.3583,-0.08194,-0.1395,3
0.3198,0.4153,-0.2616,3
0.6435,0.3506,0.02548,3
-0.2056,-0.4827,0.2869,3
-0.5941,-0.3312,0.01204,3
-0.1702,0.1844,-0.2971,3
0.6704,0.6291,-0.1028,3
0.2403,-0.209,0.2527,3
-0.5819,-0.4668,0.2381,3
-0.4267,-0.05995,-0.1321,3
0.3283,0.4776,-0.2189,3
0.6105,0.3225,0.06946,3
-0.1799,-0.4619,0.3211,3
-0.4903,-0.2554,0.02426,3
-0.07853,0.2211,-0.2726,3
0.6093,0.6352,-0.06737,3
0.1841,-0.3104,0.2674,3
-0.4536,-0.4692,0.2002,3
-0.2765,-0.04895,-0.1883,3
0.2904,0.4397,-0.2824,3
0.5177,0.2919,0.01815,3
-0.1579,-0.5022,0.3053,3
-0.4389,-0.2835,-0.01484,3
-0.05654,0.2149,-0.3533,3
0.5959,0.6609,-0.1492,3
0.1646,-0.3018,0.2491,3
-0.4964,-0.523,0.2503,3
-0.2911,-0.07216,-0.159,3
0.3344,0.4471,-0.2861,3
0.536,0.3787,0.02059,3
-0.2374,-0.5242,0.3529,3
-0.5294,-0.3299,0.07924,3
-0.09564,0.2174,-0.2628,3
0.569,0.6658,-0.1114,3
0.1389,-0.2163,0.2417,3
-0.533,-0.4888,0.2735,3
-0.2948,-0.04895,-0.1016,3
0.3454,0.4678,-0.247,3
0.6081,0.4129,0.01815,3
-0.1384,-0.4729,0.315,3
-0.4744,-0.3165,0.04503,3
-0.03089,0.2003,-0.2873,3
0.6936,0.6548,-0.1541,3
0.2953,-0.1919,0.2014,3
-0.478,-0.4973,0.2026,3
-0.3473,-0.1027,-0.1785,3
0.3063,0.4507,-0.2971,3
0.5714,0.3945,0.005934,3
-0.2789,-0.4937,0.3187,3
-0.5281,-0.3006,0.05725,3
-0.02478,0.2284,-0.2738,3
0.6301,0.6902,-0.08814,3
0.1463,-0.2004,0.2625,3
-0.4658,-0.4924,0.3236,3
-0.1848,-0.09049,-0.07226,3
0.3576,0.4055,-0.2628,3
0.4383,0.3664,-0.04904,3
-0.2752,-0.5108,0.2784,3
-0.4683,-0.3593,0.05725,3
0.006988,0.1649,-0.2897,3
0.5836,0.6279,-0.1834,3
0.02287,-0.2237,0.1721,3
-0.621,-0.5401,0.2466,3
-0.2703,-0.1113,-0.1297,3
0.3857,0.4214,-0.269,3
0.4529,0.3897,0.01326,3
-0.3962,-0.512,0.3492,3
-0.5965,-0.3593,0.1147,3
-0.06754,0.1917,-0.2311,3
0.5726,0.6706,-0.09669,3
0.05219,-0.2127,0.2527,3
-0.5697,-0.4949,0.3175,3
-0.2581,-0.0856,-0.09058,3
0.3442,0.4312,-0.28,3
0.5116,0.419,-0.02217,3
-0.2422,-0.5547,0.315,3
-0.5465,-0.3984,0.06824,3
-0.103,0.1587,-0.2909,3
0.547,0.6071,-0.1859,3
0.1976,-0.1442,0.1904,3
-0.4524,-0.5266,0.2686,3
-0.3046,-0.1528,-0.1114,3
0.2355,0.3713,-0.3105,3
0.5971,0.4678,-0.04416,3
-0.06632,-0.4863,0.2845,3
-0.4841,-0.369,0.05725,3
-0.1518,0.1209,-0.28,3
0.5445,0.6279,-0.1443,3
0.3088,-0.1051,0.2368,3
-0.2899,-0.4423,0.2857,3
-0.2337,-0.1027,-0.09791,3
0.2281,0.4104,-0.2714,3
0.5226,0.4202,0.01082,3
-0.1176,-0.4558,0.3126,3
-0.4243,-0.3128,0.05114,3
-0.09319,0.1587,-0.3117,3
0.5262,0.6425,-0.1663,3
0.1902,-0.187,0.2148,3
-0.5074,-0.5291,0.271,3
-0.3852,-0.1345,-0.1199,3
0.1707,0.3835,-0.3032,3
0.536,0.4923,0.001047,3
-0.1152,-0.4839,0.3578,3
-0.4964,-0.3642,0.1208,3
-0.0712,0.1514,-0.258,3
0.5763,0.6303,-0.1651,3
0.1634,-0.08682,0.1843,3
-0.5794,-0.5205,0.3053,3
-0.3791,-0.1504,-0.06615,3
0.2831,0.386,-0.2836,3
0.6533,0.5656,-0.01361,3
-0.01134,-0.4533,0.3566,3
-0.5147,-0.4094,0.1513,3
-0.2288,0.08666,-0.2616,3
0.5189,0.5644,-0.2152,3
0.3088,0.02435,0.1171,3
-0.4829,-0.5169,0.2515,3
-0.4658,-0.2078,-0.0918,3
0.1414,0.3261,-0.3105,3
0.6631,0.5754,-0.04904,3
-0.05776,-0.4155,0.2991,3
-0.6112,-0.4118,0.1501,3
-0.2227,0.08055,-0.2128,3
0.5934,0.5937,-0.1761,3
0.4835,0.01825,0.1428,3
-0.2948,-0.4607,0.2637,3
-0.3986,-0.2188,-0.08814,3
0.1353,0.3286,-0.2861,3
0.6606,0.4654,-0.02705,3
-0.0003424,-0.4179,0.2894,3
-0.6222,-0.4216,0.08657,3
-0.3424,0.06711,-0.2677,3
0.4847,0.601,-0.1517,3
0.4273,-0.004967,0.2197,3
-0.3412,-0.4436,0.337,3
-0.4084,-0.1772,-0.05149,3
0.1218,0.3579,-0.2983,3
0.635,0.5314,-0.06004,3
-0.007673,-0.4362,0.282,3
-0.6161,-0.4375,0.1049,3
-0.2813,0.072,-0.2531,3
0.4847,0.59,-0.2091,3
0.3466,0.04635,0.1342,3
-0.406,-0.4619,0.293,3
-0.4243,-0.1797,-0.05515,3
0.1121,0.3616,-0.2861,3
0.5372,0.5326,-0.04538,3
-0.1812,-0.413,0.2759,3
-0.5672,-0.3825,0.1159,3
-0.1384,0.1099,-0.2091,3
0.4798,0.5973,-0.1162,3
0.1805,-0.05872,0.2063,3
-0.4255,-0.468,0.3236,3
-0.2874,-0.1394,-0.04538,3
0.2721,0.386,-0.2641,3
0.5763,0.5094,-0.02583,3
-0.04677,-0.4448,0.293,3
-0.4182,-0.3715,0.09146,3
-0.03577,0.08788,-0.2677,3
0.547,0.557,-0.2054,3
0.2012,-0.0856,0.1147,3
-0.4414,-0.5181,0.2466,3
-0.3314,-0.1846,-0.1089,3
0.2074,0.3432,-0.3117,3
0.5201,0.4874,-0.0637,3
-0.1482,-0.4729,0.2723,3
-0.4243,-0.3544,0.09634,3
-0.01745,0.1429,-0.2238,3
0.5641,0.6291,-0.1101,3
0.2122,-0.1039,0.2087,3
-0.3546,-0.468,0.2869,3
-0.1799,-0.0966,-0.08936,3
0.3014,0.3689,-0.2616,3
0.4566,0.5118,0.001047,3
-0.2129,-0.5291,0.3444,3
-0.5562,-0.4265,0.1196,3
-0.1396,0.1172,-0.2555,3
0.5055,0.6144,-0.1785,3
0.2061,-0.1051,0.1672,3
-0.4829,-0.5413,0.3004,3
-0.3192,-0.176,-0.08692,3
0.2965,0.3738,-0.3325,3
0.6936,0.5021,-0.03683,3
-0.06509,-0.4619,0.3101,3
-0.5416,-0.4106,0.1061,3
-0.125,0.1087,-0.2286,3
0.5507,0.612,-0.1052,3
0.1597,-0.1259,0.2124,3
-0.5232,-0.5266,0.2906,3
-0.373,-0.187,-0.1016,3
0.2587,0.3579,-0.2946,3
0.5409,0.4434,-0.02339,3
-0.3852,-0.5413,0.2649,3
-0.858,-0.4558,0.01937,3
-0.3901,0.1514,-0.3166,3
0.4908,0.7317,-0.1223,3
0.2538,-0.03062,0.2894,3
-0.3717,-0.3935,0.4177,3
-0.2031,-0.06117,0.02793,3
0.3503,0.4471,-0.1847,3
0.5568,0.535,0.04014,3
-0.1262,-0.4631,0.3321,3
-0.5391,-0.3923,0.09023,3
-0.1677,0.1306,-0.2873,3
0.6227,0.6694,-0.1798,3
0.299,-0.09782,0.1794,3
-0.4487,-0.5205,0.2943,3
-0.3009,-0.1601,-0.1187,3
0.3882,0.3835,-0.3252,3
0.7412,0.5888,-0.01972,3
-0.1042,-0.5095,0.304,3
-0.478,-0.4509,0.06458,3
-0.004008,0.05612,-0.3313,3
0.7217,0.5827,-0.2189,3
0.3527,-0.04895,0.1391,3
-0.544,-0.5938,0.3089,3
-0.5892,-0.3116,-0.1333,3
0.009431,0.3432,-0.4204,3
0.7877,0.7427,-0.08081,3
0.1023,-0.3996,0.3578,3
-0.3962,-0.4155,0.2222,3
0.003323,0.07567,-0.1847,3
0.6093,0.6218,-0.1761,3
0.2452,0.1038,0.1281,3
-0.4719,-0.5169,0.3334,3
-0.3998,-0.209,-0.04171,3
0.2208,0.3383,-0.3142,3
0.7046,0.7232,-0.03316,3
-0.002786,-0.4485,0.3163,3
-0.5171,-0.4839,0.1892,3
-0.1653,-0.007411,-0.2286,3
0.4444,0.5265,-0.247,3
0.2819,0.1783,0.07557,3
-0.3656,-0.5719,0.3236,3
-0.3889,-0.2713,-0.05515,3
0.1377,0.2369,-0.3581,3
0.5348,0.6914,-0.09058,3
-0.0431,-0.4106,0.2918,3
-0.4732,-0.5083,0.2405,3
-0.1604,-0.02329,-0.1993,3
0.4322,0.5057,-0.2861,3
0.3735,0.3237,0.0267,3
-0.2887,-0.5352,0.3419,3
-0.4292,-0.2896,0.02059,3
0.09617,0.2382,-0.3044,3
0.5238,0.711,-0.09791,3
-0.1298,-0.3874,0.2381,3
-0.5819,-0.5132,0.221,3
-0.1946,-0.05139,-0.1883,3
0.4163,0.4617,-0.2457,3
0.3613,0.2944,0.07679,3
-0.3339,-0.5657,0.4006,3
-0.4829,-0.3605,0.02793,3
-0.01378,0.1917,-0.3801,3
0.6362,0.6804,-0.192,3
0.0693,-0.3483,0.2197,3
-0.6198,-0.5865,0.2576,3
-0.3546,-0.1161,-0.1932,3
0.3344,0.4715,-0.3594,3
0.5445,0.4837,-0.02217,3
-0.2728,-0.5132,0.3541,3
-0.5562,-0.3532,0.08657,3
-0.04555,0.1893,-0.2763,3
0.4688,0.7061,-0.1223,3
-0.1689,-0.286,0.2258,3
-0.6857,-0.5303,0.3138,3
-0.2826,-0.08194,-0.09058,3
0.3405,0.4874,-0.2225,3
0.4871,0.441,0.09146,3
-0.1323,-0.4619,0.4177,3
-0.2508,-0.3092,0.09146,3
0.1866,0.1844,-0.2922,3
0.6166,0.6914,-0.1297,3
-0.07365,-0.3507,0.2307,3
-0.6686,-0.5865,0.2747,3
-0.2777,-0.1442,-0.1712,3
0.4028,0.4556,-0.3264,3
0.5629,0.4397,-0.01606,3
-0.2251,-0.5144,0.3321,3
-0.4377,-0.358,0.0377,3
0.1194,0.2027,-0.3313,3
0.7522,0.7256,-0.1834,3
0.2745,-0.1772,0.2112,3
-0.4072,-0.5059,0.2625,3
-0.2031,-0.1455,-0.1566,3
0.3772,0.4336,-0.3142,3
0.6398,0.419,-0.02094,3
-0.1469,-0.4692,0.3175,3
-0.4951,-0.3825,0.02059,3
-0.08464,0.1612,-0.3276,3
0.6056,0.7122,-0.1517,3
0.156,-0.1552,0.271,3
-0.5013,-0.4961,0.3187,3
-0.2899,-0.1296,-0.1223,3
0.2611,0.4532,-0.2971,3
0.5763,0.5082,0.002269,3
-0.03944,-0.5071,0.3773,3
-0.4463,-0.4155,0.09023,3
-0.1873,0.1404,-0.3044,3
0.5177,0.7049,-0.1932,3
0.3014,-0.11,0.2026,3
-0.3339,-0.5731,0.2772,3
-0.1714,-0.165,-0.1395,3
0.1707,0.3493,-0.374,3
0.492,0.5106,-0.03316,3
-0.01989,-0.523,0.3822,3
-0.4304,-0.4216,0.07313,3
-0.3998,0.1135,-0.3557,3
0.2538,0.6975,-0.2152,3
0.3747,-0.07827,0.2845,3
-0.1494,-0.5719,0.4164,3
-0.3461,-0.1687,-0.0637,3
-0.1347,0.3872,-0.3447,3
0.4676,0.6132,-0.04416,3
0.1463,-0.4558,0.3737,3
-0.329,-0.413,0.1318,3
-0.1909,0.105,-0.2738,3
0.3711,0.7256,-0.1895,3
0.1854,-0.08682,0.2002,3
-0.4841,-0.5816,0.3224,3
-0.3388,-0.2004,-0.1223,3
0.2147,0.3848,-0.3362,3
0.6973,0.6633,-0.01239,3
-0.04799,-0.501,0.3896,3
-0.5159,-0.5034,0.1318,3
-0.1848,0.05001,-0.3154,3
0.4859,0.6792,-0.2555,3
0.299,0.0549,0.1562,3
-0.4683,-0.5486,0.3602,3
-0.3852,-0.2224,-0.05149,3
0.1621,0.3677,-0.3117,3
0.5629,0.6926,-0.04904,3
-0.1714,-0.4546,0.3431,3
-0.5513,-0.5095,0.1806,3
-0.1286,0.02069,-0.2445,3
0.4322,0.6389,-0.2323,3
0.3014,0.07811,0.1428,3
-0.4341,-0.5474,0.3541,3
-0.3962,-0.2725,-0.05515,3
0.1035,0.3212,-0.3459,3
0.6166,0.6816,-0.0857,3
-0.04677,-0.4277,0.3224,3
-0.5403,-0.5266,0.1684,3
-0.2276,-0.03307,-0.2861,3
0.3674,0.579,-0.3349,3
0.5519,0.116,0.2429,3
0.09007,-0.4851,0.4726,3
-0.2887,-0.231,0.002269,3
-0.2997,0.2895,-0.3471,3
0.481,0.6694,-0.07592,3
0.2269,-0.3299,0.3077,3
-0.3742,-0.5034,0.1977,3
-0.4243,-0.04895,-0.2641,3
0.09984,0.5827,-0.3142,3
0.4822,0.1697,0.1611,3
-0.008894,-0.4863,0.3859,3
-0.3559,-0.2737,-0.04538,3
-0.1372,0.2846,-0.3704,3
0.4957,0.6621,-0.1297,3
0.1866,-0.3605,0.3114,3
-0.3852,-0.4876,0.1965,3
-0.34,-0.03429,-0.2396,3
0.2831,0.6157,-0.2714,3
0.4346,0.1673,0.1269,3
-0.2459,-0.501,0.3419,3
-0.4402,-0.2273,-0.05637,3
-0.08953,0.3163,-0.3325,3
0.6301,0.7623,-0.0576,3
0.1169,-0.3397,0.3382,3
-0.3705,-0.4546,0.2271,3
-0.1482,0.01458,-0.1834,3
0.4126,0.6083,-0.203,3
0.4224,0.2088,0.1513,3
-0.2936,-0.5034,0.3749,3
-0.3803,-0.2444,-0.0295,3
-0.08709,0.2895,-0.3105,3
0.4517,0.6939,-0.04782,3
0.00821,-0.4827,0.4042,3
-0.5562,-0.5731,0.2417,3
-0.4683,-0.08194,-0.2531,3
0.0008794,0.4874,-0.2641,3
0.2245,0.1416,0.1501,3
-0.1482,-0.6513,0.3615,3
-0.2716,-0.2762,-0.05393,3
-0.04555,0.2003,-0.2641,3
0.4028,0.6682,0.03648,3
-0.3192,-0.4729,0.4506,3
-0.698,-0.4888,0.2442,3
-0.4499,-0.05261,-0.2396,3
0.5055,0.4226,-0.1627,3
0.02287,0.2675,0.2368,3
-0.8653,-0.4741,0.3468,3
-0.8299,-0.2505,-0.07226,3
-0.05532,0.1978,-0.3056,3
0.6863,0.6951,-0.07714,3
0.07418,-0.2835,0.2759,3
-0.1091,-0.5218,0.1904,3
0.04364,-0.03918,-0.2482,3
0.2477,0.4495,-0.2262,3
-0.01012,0.3542,0.1403,3
-0.4475,-0.5144,0.3444,3
-0.2936,-0.2383,-0.03194,3
-0.09808,0.1893,-0.3154,3
0.2953,0.6169,-0.03316,3
0.1719,-0.22,0.3981,3
-0.07365,-0.4619,0.2943,3
-0.05899,-0.04284,-0.2286,3
0.09984,0.4129,-0.3313,3
0.3979,0.4715,0.02915,3
-0.1103,-0.5095,0.3248,3
-0.2447,-0.2945,0.01204,3
-0.02966,0.1404,-0.3569,3
0.4053,0.6364,-0.1395,3
0.05586,-0.1882,0.2906,3
-0.3363,-0.534,0.271,3
-0.1946,-0.09538,-0.2201,3
0.02287,0.3835,-0.3154,3
0.415,0.5375,0.0658,3
0.03264,-0.5315,0.3847,3
-0.1873,-0.3263,0.0377,3
-0.1848,0.1416,-0.3691,3
0.1609,0.6242,-0.2018,3
0.02898,-0.07949,0.2417,3
-0.3314,-0.5926,0.3065,3
-0.1225,-0.09171,-0.1785,3
0.05708,0.3591,-0.2971,3
0.4077,0.6267,0.06458,3
0.1377,-0.5083,0.392,3
0.1964,-0.3837,0.08657,3
0.211,0.07322,-0.3129,3
0.3992,0.5802,-0.1847,3
0.2709,0.1123,0.2539,3
-0.06387,-0.556,0.3077,3
-0.02478,-0.1809,-0.1663,3
-0.1677,0.3115,-0.3533,3
0.1976,0.6939,-0.00384,3
-0.02844,-0.4485,0.3908,3
0.02776,-0.4326,0.1367,3
0.08151,0.04635,-0.3203,3
0.1133,0.5546,-0.2274,3
0.1035,0.1917,0.2026,3
-0.1421,-0.5438,0.337,3
0.1817,-0.1894,-0.1187,3
0.08518,0.2369,-0.3752,3
0.222,0.6584,-0.05393,3
-0.1433,-0.4912,0.3419,3
-0.0993,-0.4961,0.1196,3
-0.05043,-0.01718,-0.3288,3
-0.1127,0.4654,-0.2299,3
-0.02478,0.1881,0.2161,3
-0.06509,-0.5804,0.3615,3
0.3417,-0.1809,-0.1101,3
0.05708,0.2675,-0.3679,3
-0.01012,0.7049,-0.04416,3
-0.2361,-0.4069,0.3944,3
0.05586,-0.4998,0.199,3
0.3075,0.02313,-0.3019,3
-0.04188,0.4532,-0.2531,3
-0.1641,0.3212,0.1281,3
-0.3363,-0.5731,0.3553,3
0.1499,-0.2823,-0.03927,3
0.1634,0.1844,-0.3643,3
0.1145,0.6633,-0.07592,3
-0.2471,-0.308,0.3358,3
-0.2801,-0.5682,0.2405,3
0.03387,-0.121,-0.258,3
0.006988,0.4104,-0.2995,3
0.04242,0.4459,0.06091,3
-0.3962,-0.5303,0.3761,3
-0.1164,-0.3226,0.04136,3
0.1121,0.1881,-0.3252,3
0.244,0.7036,-0.1077,3
-0.1506,-0.165,0.3114,3
-0.3107,-0.5205,0.282,3
0.08518,-0.1003,-0.1712,3
0.02654,0.4068,-0.2958,3
-0.0003424,0.5424,0.04747,3
-0.34,-0.5328,0.3834,3
-0.04555,-0.3898,0.03648,3
0.01798,0.1465,-0.3948,3
0.1768,0.6462,-0.159,3
0.03509,-0.1589,0.3187,3
-0.09564,-0.5535,0.3321,3
0.1536,-0.1003,-0.2128,3
0.04608,0.3958,-0.374,3
0.2587,0.5387,-0.0001745,3
-0.0431,-0.49,0.381,3
0.01798,-0.38,0.08657,3
-0.04066,0.09521,-0.3423,3
0.1475,0.6047,-0.1761,3
0.1169,-0.07827,0.2833,3
-0.1396,-0.5279,0.304,3
-0.08464,-0.132,-0.1785,3
-0.2532,0.3652,-0.3117,3
0.1108,0.6413,0.04503,3
0.0131,-0.4631,0.4225,3
0.244,-0.3336,0.1269,3
0.05097,0.1404,-0.3252,3
-0.1237,0.612,-0.1553,3
-0.1445,0.001141,0.2759,3
-0.06632,-0.5059,0.3334,3
0.321,-0.09171,-0.1443,3
-0.007673,0.3286,-0.2848,3
0.002101,0.5961,0.06213,3
-0.1176,-0.5071,0.3908,3
0.2245,-0.391,0.05603,3
0.1304,0.06345,-0.3704,3
-0.09564,0.4837,-0.1785,3
-0.1799,-0.0404,0.2527,3
-0.1115,-0.5572,0.2833,3
0.3992,-0.0966,-0.1895,3
0.06563,0.3005,-0.3655,3
-0.026,0.6316,-0.01484,3
-0.1958,-0.4924,0.3309,3
0.2147,-0.4204,0.04625,3
0.2672,0.06956,-0.3716,3
-0.08464,0.4923,-0.1944,3
-0.2117,0.1404,0.2808,3
-0.09319,-0.5547,0.3224,3
0.3784,-0.1284,-0.1456,3
-0.03333,0.2589,-0.3117,3
-0.1799,0.6572,0.05358,3
-0.3791,-0.5083,0.4103,3
0.04364,-0.468,0.1244,3
0.2672,0.06711,-0.3459,3
-0.2056,0.4568,-0.2604,3
-0.4292,0.2357,0.1538,3
-0.5269,-0.6183,0.3395,3
0.1255,-0.2151,-0.08081,3
0.1304,0.243,-0.3875,3
0.1108,0.6572,-0.05149,3
-0.3241,-0.4314,0.3382,3
-0.06143,-0.5022,0.1794,3
0.2623,0.01092,-0.2836,3
0.09007,0.4373,-0.2213,3
-0.06509,0.32,0.2161,3
-0.5513,-0.5315,0.4409,3
-0.3876,-0.1833,-0.05882,3
-0.2203,0.2198,-0.352,3
0.5519,0.6303,0.06702,3
0.2342,-0.4387,0.4299,3
-0.01256,-0.4888,0.2393,3
-0.0712,0.002363,-0.3252,3
-0.1482,0.4214,-0.341,3
0.1988,0.3799,0.1244,3
-0.05776,-0.6207,0.3138,3
0.1866,-0.253,-0.09547,3
0.1218,0.1807,-0.4302,3
0.3796,0.6352,-0.07592,3
0.1695,-0.3018,0.3077,3
0.04364,-0.5462,0.2197,3
0.08274,-0.08071,-0.2665,3
-0.1775,0.3872,-0.258,3
0.09862,0.4776,0.1489,3
-0.03089,-0.5266,0.4006,3
0.244,-0.2408,0.02915,3
0.1084,0.171,-0.3105,3
0.1389,0.689,-0.06737,3
-0.1995,-0.2774,0.3578,3
-0.1567,-0.4863,0.2356,3
0.04975,-0.02818,-0.2616,3
-0.1665,0.4019,-0.2665,3
-0.005229,0.5033,0.1477,3
-0.1042,-0.5499,0.3712,3
0.2782,-0.2652,-0.01361,3
-0.006451,0.1184,-0.3569,3
-0.08098,0.5876,-0.07226,3
-0.1934,-0.2298,0.3541,3
0.07418,-0.5181,0.2588,3
0.3711,-0.06117,-0.2311,3
-0.1164,0.3115,-0.3068,3
-0.07242,0.5399,0.06458,3
-0.08953,-0.5621,0.326,3
0.5665,-0.3519,0.02304,3
0.365,0.09399,-0.3594,3
-0.1115,0.568,-0.1443,3
-0.07242,-0.1051,0.2991,3
0.3161,-0.5328,0.2466,3
0.5543,-0.1174,-0.2262,3
-0.2862,0.2919,-0.2983,3
-0.3705,0.5729,0.09756,3
-0.04799,-0.5376,0.3578,3
0.5006,-0.3532,-0.006283,3
0.1988,0.05245,-0.374,3
-0.5171,0.5387,-0.1785,3
-0.621,-0.007411,0.271,3
-0.114,-0.5584,0.2454,3
0.5323,-0.1284,-0.2433,3
-0.0712,0.2821,-0.3765,3
-0.4084,0.6462,0.007156,3
-0.4035,-0.479,0.3602,3
0.2562,-0.4069,0.04259,3
0.3479,0.06101,-0.4021,3
-0.2215,0.5179,-0.2286,3
-0.5843,0.105,0.2075,3
-0.3449,-0.4998,0.2833,3
0.5055,-0.1149,-0.148,3
0.3026,0.3261,-0.3276,3
0.04608,0.7195,0.01815,3
-0.2972,-0.3813,0.3908,3
0.2135,-0.4204,0.133,3
0.5164,0.04757,-0.3471,3
0.02043,0.5045,-0.258,3
-0.4585,0.1673,0.1257,3
-0.4426,-0.5181,0.2759,3
0.4798,-0.1711,-0.115,3
0.4273,0.2467,-0.3557,3
0.1279,0.6584,-0.03927,3
-0.4157,-0.4778,0.3334,3
-0.015,-0.4924,0.1025,3
0.4896,-0.03307,-0.3985,3
0.2807,0.4178,-0.3435,3
-0.2349,0.04879,0.05358,3
-0.6943,-0.6415,0.2637,3
-0.1555,-0.3128,-0.0918,3
0.003323,0.1954,-0.3386,3
0.1157,0.6768,-0.009948,3
-0.2154,-0.3251,0.4238,3
0.145,-0.4118,0.2808,3
0.5384,0.01214,-0.1895,3
0.1621,0.4275,-0.2091,3
-0.384,0.2064,0.1147,3
-0.7028,-0.5376,0.326,3
0.09007,-0.209,-0.03927,3
0.2697,0.2198,-0.3447,3
0.145,0.678,-0.06126,3
-0.4023,-0.3275,0.3456,3
-0.09808,-0.4472,0.2087,3
0.47,-0.007411,-0.2677,3
0.2147,0.4165,-0.2946,3
-0.1066,0.3347,0.06213,3
-0.5684,-0.545,0.2979,3
-0.004008,-0.2835,-0.06737,3
0.1817,0.1624,-0.3972,3
0.1805,0.6548,-0.09913,3
-0.2129,-0.2298,0.359,3
-0.01622,-0.4423,0.2649,3
0.4309,-0.0294,-0.2079,3
0.1206,0.4019,-0.2751,3
-0.09808,0.3872,0.05603,3
-0.2936,-0.4656,0.3297,3
0.3026,-0.1894,0.01937,3
0.2831,0.2296,-0.2971,3
0.06441,0.6389,-0.05882,3
-0.09319,-0.2921,0.3395,3
0.1438,-0.4521,0.1611,3
0.2208,-0.06483,-0.3032,3
-0.3436,0.3188,-0.3056,3
-0.4548,0.2956,0.09634,3
-0.1824,-0.5144,0.3309,3
0.5763,-0.2395,-0.04171,3
0.3259,0.1453,-0.3655,3
-0.2117,0.5888,-0.1285,3
-0.4634,-0.3031,0.2943,3
-0.001564,-0.4582,0.1892,3
0.4896,-0.03551,-0.2555,3
-0.01256,0.3689,-0.2958,3
-0.2728,0.4055,0.08779,3
-0.318,-0.4546,0.3676,3
0.2452,-0.2432,0.02182,3
0.2147,0.1697,-0.3203,3
-0.008894,0.5949,-0.08936,3
-0.2276,-0.1613,0.3346,3
-0.04799,-0.479,0.2564,3
0.3112,-0.1149,-0.2152,3
-0.05776,0.2992,-0.341,3
-0.296,0.4495,0.0548,3
-0.3754,-0.4876,0.348,3
0.1854,-0.3055,0.03526,3
0.3344,0.1282,-0.3203,3
0.1365,0.5668,-0.104,3
-0.3217,-0.1247,0.3444,3
-0.3094,-0.4937,0.3028,3
0.3234,-0.07461,-0.1553,3
0.2171,0.309,-0.3117,3
0.00821,0.4959,0.001047,3
-0.3681,-0.5291,0.2918,3
-0.03455,-0.3605,0.02059,3
0.1267,0.072,-0.3337,3
0.03509,0.5179,-0.1504,3
-0.1738,-0.0575,0.2662,3
-0.1579,-0.5071,0.2576,3
0.288,-0.1406,-0.148,3
0.003323,0.254,-0.2775,3
-0.1653,0.4691,0.08168,3
-0.3449,-0.457,0.3382,3
0.0754,-0.3165,0.04992,3
0.1145,0.05978,-0.28,3
0.03264,0.5253,-0.09425,3
-0.0993,-0.03185,0.3138,3
-0.08831,-0.4411,0.2796,3
0.1927,-0.09049,-0.1395,3
-0.07853,0.3371,-0.2641,3
-0.02966,0.5302,0.07069,3
-0.2007,-0.3776,0.3358,3
0.09984,-0.2799,0.04503,3
0.1658,0.1123,-0.2995,3
0.1389,0.5766,-0.1162,3
-0.1066,-0.05506,0.271,3
-0.1702,-0.4643,0.2136,3
0.1927,-0.1064,-0.1944,3
-0.015,0.3176,-0.2812,3
-0.02844,0.4605,0.05358,3
-0.2569,-0.4472,0.3016,3
0.167,-0.2579,0.004712,3
0.2147,0.1221,-0.3178,3
0.1646,0.5399,-0.1028,3
-0.1555,-0.1491,0.2539,3
-0.1384,-0.4216,0.1635,3
0.1988,-0.0294,-0.214,3
0.1829,0.3567,-0.214,3
0.2745,0.3958,0.1269,3
-0.01378,-0.4326,0.2796,3
0.1756,-0.3153,-0.04171,3
-0.04066,0.01947,-0.2958,3
-0.2398,0.4263,-0.07714,3
-0.4047,-0.2481,0.2613,3
-0.09442,-0.3984,0.1758,3
0.3527,0.03168,-0.1761,3
0.1866,0.4019,-0.1676,3
0.1744,0.4507,0.1562,3
-0.02844,-0.4314,0.2784,3
0.2477,-0.2518,-0.05882,3
0.07785,0.07444,-0.2934,3
-0.1054,0.4617,-0.04538,3
-0.3852,-0.2957,0.2943,3
-0.2361,-0.5059,0.1452,3
0.0693,-0.07827,-0.2176,3
-0.1311,0.2944,-0.1957,3
-0.05899,0.3371,0.144,3
-0.01012,-0.49,0.3016,3
0.4138,-0.253,-0.01728,3
0.08762,0.1221,-0.2909,3
-0.2129,0.5509,-0.08081,3
-0.3705,-0.1797,0.2906,3
-0.1726,-0.3959,0.1623,3
0.1524,-0.001302,-0.2091,3
0.02898,0.3872,-0.1785,3
0.07296,0.4532,0.1782,3
-0.1274,-0.4033,0.326,3
0.1609,-0.2102,-0.01117,3
-0.02111,0.1013,-0.2506,3
-0.1213,0.5082,-0.02217,3
-0.2044,-0.2114,0.3236,3
0.009431,-0.4778,0.1696,3
0.31,-0.05017,-0.247,3
-0.05654,0.3212,-0.2616,3
-0.06632,0.3994,0.06824,3
-0.026,-0.4558,0.2344,3
0.4004,-0.231,-0.08936,3
0.1976,0.1001,-0.3227,3
0.07907,0.5216,-0.07348,3
-0.03089,-0.1772,0.2943,3
0.156,-0.4326,0.1367,3
0.2782,-0.08682,-0.2738,3
-0.2129,0.2882,-0.2519,3
-0.2093,0.3762,0.1257,3
-0.08831,-0.4179,0.2833,3
0.3869,-0.2444,-0.05882,3
0.04975,0.07567,-0.3288,3
-0.3021,0.4898,-0.09425,3
-0.3473,-0.1699,0.2967,3
0.09862,-0.3348,0.1721,3
0.3588,0.00725,-0.2286,3
-0.1408,0.3322,-0.247,3
-0.07487,0.3237,0.1257,3
0.08151,-0.3788,0.2906,3
0.2562,-0.1467,-0.0466,3
-0.114,0.1087,-0.2897,3
0.05952,0.419,-0.05393,3
0.6093,-0.198,0.2906,3
1.037,-0.3153,0.1745,3
0.6142,-0.0685,-0.1908,3
-0.4096,0.265,-0.2164,3
-0.7676,0.2357,0.09146,3
-0.5013,-0.3568,0.2075,3
0.08274,-0.1626,-0.1016,3
-0.02722,0.105,-0.2628,3
-0.1689,0.4397,0.002269,3
-0.07853,-0.2102,0.337,3
0.3882,-0.297,0.1403,3
0.3283,-0.0123,-0.2506,3
-0.3632,0.2931,-0.1871,3
-0.4536,0.2406,0.1831,3
0.005766,-0.3739,0.2662,3
0.5873,-0.1381,-0.06981,3
0.1072,0.1013,-0.2787,3
-0.3131,0.4019,-0.04049,3
-0.1873,-0.2615,0.271,3
0.3466,-0.2957,0.1208,3
0.2758,-0.02452,-0.2079,3
-0.3229,0.287,-0.1602,3
-0.3791,0.1575,0.1489,3
-0.026,-0.3544,0.2161,3
0.4089,-0.1271,-0.1114,3
-0.06387,0.138,-0.2946,3
-0.3094,0.4336,-0.02827,3
-0.1641,-0.2762,0.2894,3
0.3295,-0.2689,0.0939,3
0.2098,0.0158,-0.258,3
-0.2349,0.3298,-0.17,3
-0.2691,0.06834,0.1758,3
-0.06509,-0.3727,0.2271,3
0.3283,-0.1174,-0.09913,3
-0.03211,0.1587,-0.2506,3
-0.2557,0.3958,0.009599,3
-0.1726,-0.3385,0.2759,3
0.2965,-0.2823,0.05725,3
0.1793,-0.01596,-0.3154,3
-0.07731,0.2711,-0.1822,3
0.2403,0.06589,0.2515,3
0.3833,-0.286,0.2808,3
0.1964,-0.05506,-0.1187,3
-0.4194,0.2223,-0.2751,3
-0.5465,0.3738,0.01082,3
-0.2936,-0.297,0.2649,3
0.211,-0.231,0.04625,3
0.05464,-0.003746,-0.2457,3
-0.274,0.3005,-0.08936,3
-0.09808,0.00725,0.271,3
-0.004008,-0.3752,0.2454,3
0.1621,-0.1296,-0.1395,3
-0.2349,0.1624,-0.2519,3
-0.34,0.3689,0.01937,3
-0.1702,-0.3348,0.2601,3
0.2794,-0.2249,0.04259,3
0.1035,0.05368,-0.258,3
-0.1848,0.4055,-0.1223,3
-0.1079,-0.0123,0.2246,3
0.1133,-0.3214,0.1623,3
0.2208,-0.06605,-0.1688,3
-0.2203,0.2162,-0.1969,3
-0.2166,0.3298,0.1269,3
0.05952,-0.3226,0.2943,3
0.4456,-0.2066,0.01449,3
0.04608,0.01336,-0.2531,3
-0.417,0.353,-0.08325,3
-0.2007,-0.0856,0.2649,3
0.3381,-0.2847,0.1672,3
0.4468,-0.03062,-0.192,3
-0.09442,0.2443,-0.2152,3
0.01554,0.309,0.1098,3
0.3491,-0.253,0.2625,3
0.5604,-0.1223,-0.03072,3
-0.03699,0.1001,-0.2836,3
-0.4695,0.3933,-0.08936,3
-0.2044,-0.1296,0.2356,3
0.2636,-0.2493,0.1183,3
0.156,-0.03795,-0.1932,3
-0.3327,0.2162,-0.1517,3
-0.186,0.2211,0.1843,3
0.167,-0.3238,0.2564,3
0.288,-0.1491,-0.0637,3
-0.2801,0.05368,-0.2079,3
-0.3705,0.32,0.01571,3
0.1475,-0.1943,0.2772,3
0.5653,-0.2261,0.1122,3
0.1292,-0.05995,-0.214,3
-0.4683,0.2186,-0.1578,3
-0.1372,0.1184,0.1318,3
0.3601,-0.319,0.1562,3
0.4199,-0.1601,-0.1297,3
-0.3327,0.0268,-0.2531,3
-0.5,0.2699,-0.02217,3
0.08518,-0.2664,0.1977,3
0.6203,-0.2041,0.03037,3
0.1744,-0.03185,-0.2286,3
-0.533,0.2882,-0.1065,3
-0.2288,0.171,0.2026,3
0.3588,-0.264,0.177,3
0.6154,-0.1149,-0.1077,3
0.1194,0.06345,-0.1663,3
0.1133,0.375,0.1086,3
0.1756,-0.1381,0.282,3
0.1634,-0.1247,0.0548,3
-0.2813,0.02069,-0.1957,3
-0.5538,0.2834,-0.06126,3
0.07663,0.08422,0.271,3
0.4322,-0.242,0.1977,3
0.1512,-0.08438,-0.1468,3
-0.5794,0.1343,-0.2091,3
-0.4072,0.254,0.0548,3
0.2464,-0.2664,0.2136,3
0.5519,-0.1406,-0.0001745,3
-0.06509,0.004806,-0.2286,3
-0.4634,0.2724,-0.1016,3
0.1658,-0.05995,0.144,3
0.7229,-0.2175,0.03526,3
0.4248,-0.03673,-0.2347,3
-0.3229,0.1758,-0.1724,3
-0.001564,0.2369,0.1513,3
0.5604,-0.2249,0.2112,3
0.602,-0.09538,-0.05027,3
-0.1506,0.01458,-0.1944,3
-0.3082,0.2797,0.01937,3
0.09495,-0.07827,0.2417,3
0.2367,-0.1821,0.09634,3
-0.1885,-0.04773,-0.1895,3
-0.6833,0.2039,-0.1223,3
-0.1469,0.1624,0.1538,3
0.3259,-0.2359,0.1648,3
0.3527,-0.06972,-0.1333,3
-0.3155,0.08788,-0.2482,3
-0.4548,0.2382,-0.0295,3
0.1011,-0.2273,0.1868,3
0.5629,-0.176,0.008378,3
0.05097,-0.01718,-0.2347,3
-0.5306,0.2479,-0.0747,3
-0.1738,0.09155,0.2307,3
0.2293,-0.2432,0.1819,3
0.1548,-0.08071,-0.1614,3
-0.4939,0.07567,-0.214,3
-0.4072,0.2382,0.07435,3
0.2587,-0.2004,0.2735,3
0.5983,-0.1223,0.06213,3
-0.04677,-0.02574,-0.2457,3
-0.6894,0.2149,-0.1504,3
-0.2618,-0.02818,0.1477,3
0.3588,-0.253,0.1318,3
0.321,-0.06728,-0.1798,3
-0.3852,0.1355,-0.2054,3
-0.4096,0.2724,0.09268,3
0.09251,-0.2481,0.2307,3
0.481,-0.1064,-0.005061,3
-0.04921,0.05001,-0.2189,3
-0.4695,0.3237,-0.0356,3
-0.08464,-0.01352,0.2894,3
0.3784,-0.2518,0.1758,3
0.2367,-0.006189,-0.2005,3
-0.3876,0.2235,-0.1993,3
-0.2093,0.3554,0.1599,3
0.2098,-0.3067,0.2845,3
0.459,-0.1589,-0.03072,3
-0.1738,0.03413,-0.2909,3
-0.5257,0.3371,-0.08081,3
0.0008794,-0.08194,0.2869,3
0.4725,-0.319,0.1709,3
0.2122,-0.06972,-0.2091,3
-0.5636,0.1978,-0.2189,3
-0.2801,0.3151,0.1415,3
0.3173,-0.3617,0.2772,3
0.5714,-0.2017,-0.01239,3
-0.1408,0.02802,-0.2665,3
-0.5465,0.3347,-0.08814,3
0.003323,-0.1198,0.2759,3
0.4969,-0.3617,0.1696,3
0.2122,-0.05017,-0.2115,3
-0.6454,0.2247,-0.2274,3
-0.2044,0.3884,0.1281,3
0.4664,-0.3434,0.2845,3
0.58,-0.2114,-0.005061,3
-0.3217,0.01947,-0.2738,3
-0.7578,0.3579,-0.09425,3
0.05708,-0.08438,0.3016,3
0.6288,-0.3519,0.2002,3
0.2929,-0.08805,-0.192,3
-0.6906,0.1893,-0.2311,3
-0.5135,0.3457,0.09268,3
0.2501,-0.358,0.2246,3
0.6692,-0.2395,-0.02827,3
-0.08098,-0.002524,-0.2861,3
-0.6772,0.4006,-0.1052,3
-0.1054,0.008472,0.2515,3
0.5775,-0.2982,0.1831,3
0.4077,-0.03062,-0.1724,3
-0.5257,0.2675,-0.2152,3
-0.2716,0.4898,0.1183,3
0.3405,-0.3202,0.282,3
0.6679,-0.2017,-0.01117,3
-0.1604,0.01336,-0.3252,3
-0.7493,0.4239,-0.1419,3
-0.2435,-0.004967,0.2368,3
0.4212,-0.4081,0.1782,3
0.4065,-0.132,-0.203,3
-0.478,0.2039,-0.2531,3
-0.5025,0.4129,0.08901,3
0.1292,-0.4216,0.2894,3
0.6765,-0.3153,0.0267,3
0.01065,-0.03307,-0.2702,3
-0.7028,0.364,-0.1138,3
-0.1995,-0.07216,0.2869,3
0.4774,-0.391,0.2148,3
0.3246,-0.07094,-0.2018,3
-0.5465,0.2455,-0.2751,3
-0.2789,0.4532,0.1122,3
0.3662,-0.3348,0.3395,3
0.5714,-0.1785,0.003491,3
-0.3009,0.04635,-0.3691,3
-0.9118,0.3994,-0.203,3
-0.09808,-0.02574,0.2784,3
0.718,-0.3324,0.2491,3
0.4554,-0.05628,-0.1969,3
-0.5721,0.2186,-0.2946,3
-0.4878,0.3762,0.1,3
0.1854,-0.391,0.315,3
0.6496,-0.2163,-0.008727,3
-0.0822,0.009693,-0.3362,3
-0.6418,0.3603,-0.1395,3
-0.09808,-0.06239,0.2833,3
0.4957,-0.3984,0.2075,3
0.4028,-0.07338,-0.2384,3
-0.4805,0.2211,-0.3129,3
-0.4047,0.3884,0.09146,3
0.2526,-0.3703,0.3321,3
0.6704,-0.1956,0.0377,3
-0.01989,0.002363,-0.3081,3
-0.5428,0.3225,-0.137,3
0.02287,-0.1174,0.2967,3
0.5983,-0.3617,0.2173,3
0.2538,-0.09782,-0.1859,3
-0.632,0.1502,-0.236,3
-0.3241,0.2992,0.1306,3
0.343,-0.3617,0.3016,3
0.547,-0.1504,-0.001396,3
-0.3436,0.03901,-0.2641,3
-0.7285,0.3506,-0.07714,3
0.1377,-0.1027,0.3175,3
0.7608,-0.2383,0.1904,3
0.2025,-0.004967,-0.2323,3
-0.8018,0.2773,-0.2567,3
-0.2777,0.3383,0.1415,3
0.591,-0.308,0.2991,3
0.7095,-0.1174,-0.03805,3
-0.4023,0.05612,-0.2909,3
-0.8018,0.353,-0.07226,3
0.03142,-0.1418,0.3224,3
0.6765,-0.3092,0.1758,3
0.1866,-0.06972,-0.2604,3
-0.6808,0.2003,-0.2714,3
-0.1543,0.2858,0.155,3
0.514,-0.3532,0.315,3
0.6215,-0.132,-0.0295,3
-0.3033,0.06223,-0.2995,3
-0.5721,0.3603,-0.08325,3
0.1096,-0.1699,0.3114,3
0.5543,-0.2835,0.1696,3
0.09984,-0.04651,-0.2506,3
-0.5904,0.2394,-0.2189,3
-0.04555,0.2992,0.2026,3
0.481,-0.3397,0.3272,3
0.4871,-0.1308,-0.04416,3
-0.4719,0.05856,-0.2812,3
-0.5636,0.353,-0.02217,3
0.2489,-0.1626,0.3541,3
0.624,-0.2615,0.1758,3
0.02531,-0.08316,-0.2653,3
-0.7432,0.1868,-0.2457,3
-0.1579,0.232,0.1562,3
0.4297,-0.3055,0.2478,3
0.5397,-0.1161,-0.1065,3
-0.2691,0.06589,-0.3081,3
-0.4499,0.3628,-0.04904,3
-0.02722,-0.2029,0.2564,3
0.4431,-0.2591,0.0939,3
0.1756,-0.04773,-0.258,3
-0.4096,0.2736,-0.1749,3
-0.1787,0.2088,0.1868,3
0.2245,-0.3165,0.2246,3
0.4517,-0.09538,-0.1101,3
-0.2288,0.1062,-0.2543,3
-0.3253,0.4287,0.03648,3
-0.01378,-0.2432,0.2967,3
0.3307,-0.2554,0.04014,3
0.1585,-0.09171,-0.3081,3
-0.1555,0.2443,-0.2176,3
0.04242,0.1465,0.1806,3
0.09862,-0.3226,0.2234,3
0.07785,-0.1149,-0.1602,3
-0.3265,0.09888,-0.3178,3
-0.2606,0.3579,0.009599,3
0.01921,-0.2628,0.3187,3
0.2953,-0.2493,0.08412,3
0.06685,-0.04528,-0.3044,3
-0.1897,0.3017,-0.1639,3
0.04853,0.1319,0.2466,3
0.1634,-0.3165,0.2845,3
0.1194,-0.1528,-0.09058,3
-0.3253,0.1025,-0.2445,3
-0.1396,0.3897,0.04503,3
0.03753,-0.2188,0.2955,3
0.05708,-0.1956,0.0548,3
-0.09197,-0.009854,-0.2555,3
0.03264,0.3603,-0.08692,3
0.1353,0.105,0.2442,3
-0.001564,-0.319,0.2002,3
-0.1457,-0.143,-0.1859,3
-0.2691,0.105,-0.2494,3
0.0412,0.3212,0.08168,3
-0.002786,-0.3153,0.2784,3
-0.07975,-0.2347,0.0267,3
-0.2936,0.0158,-0.2519,3
-0.1274,0.375,-0.0637,3
0.03142,-0.003746,0.2857,3
0.04242,-0.2835,0.2124,3
-0.1298,-0.0123,-0.1724,3
-0.1384,0.2259,-0.1785,3
0.2648,0.4226,0.1745,3
0.1915,-0.2579,0.3163,3
-0.07731,-0.1956,0.01571,3
-0.3608,0.001141,-0.2763,3
-0.0822,0.3322,-0.09425,3
0.07907,-0.02574,0.2014,3
-0.08342,-0.3483,0.1159,3
-0.1237,-0.11,-0.2409,3
-0.008894,0.1917,-0.2115,3
0.156,0.3921,0.1318,3
-0.2899,-0.3153,0.232,3
-0.318,-0.231,-0.06859,3
-0.2276,0.04268,-0.2775,3
0.1108,0.4361,-0.03438,3
0.167,0.004806,0.2894,3
0.05097,-0.3092,0.1941,3
-0.05043,-0.05139,-0.1895,3
-0.1286,0.2565,-0.214,3
0.3576,0.419,0.1477,3
0.4383,-0.3678,0.2943,3
0.3417,-0.2725,-0.03805,3
-0.2557,0.006028,-0.319,3
-0.23,0.4202,-0.1101,3
0.2196,-0.05872,0.293,3
0.3637,-0.4301,0.2014,3
0.1585,-0.08805,-0.2225,3
-0.3009,0.2565,-0.2873,3
0.09862,0.5314,0.08535,3
0.3063,-0.3813,0.304,3
0.4529,-0.2322,-0.005061,3
-0.07365,0.08422,-0.33,3
-0.2264,0.5411,-0.1407,3
0.09495,0.06345,0.2772,3
0.2538,-0.4448,0.2381,3
0.2098,-0.07705,-0.1981,3
-0.3681,0.2785,-0.2971,3
-0.02722,0.6939,0.09023,3
0.09251,-0.4509,0.3798,3
0.2697,-0.3825,0.06091,3
-0.1494,0.01214,-0.3545,3
-0.2936,0.4959,-0.1969,3
0.1927,0.2125,0.2686,3
0.2281,-0.6207,0.3053,3
0.1841,-0.2066,-0.1639,3
-0.4487,0.1905,-0.3752,3
0.01554,0.7268,0.008378,3
0.277,-0.3813,0.403,3
0.3686,-0.4876,0.155,3
-0.03211,-0.02085,-0.3288,3
-0.4194,0.4654,-0.2787,3
0.1817,0.4336,0.1782,3
0.2587,-0.6109,0.3321,3
0.2574,-0.2371,-0.09303,3
-0.4365,0.171,-0.352,3
-0.1347,0.733,-0.03072,3
0.2464,-0.3703,0.3957,3
0.3454,-0.523,0.1843,3
-0.1262,-0.05872,-0.3019,3
-0.5672,0.3994,-0.2751,3
0.1524,0.4434,0.1806,3
0.365,-0.6085,0.3553,3
0.3136,-0.2444,-0.08447,3
-0.4732,0.1465,-0.3643,3
-0.2813,0.7207,-0.05515,3
0.0974,-0.2823,0.37,3
0.1658,-0.6085,0.2063,3
-0.1152,-0.09049,-0.2861,3
-0.5611,0.3787,-0.2812,3
0.06197,0.5876,0.1806,3
0.1011,-0.5926,0.3822,3
0.0008794,-0.3312,-0.02705,3
-0.5562,0.09888,-0.3349,3
-0.3107,0.678,-0.05149,3
0.1634,-0.2078,0.4079,3
0.2061,-0.5987,0.2735,3
-0.07975,-0.07827,-0.2482,3
-0.511,0.3872,-0.3081,3
0.2049,0.6303,0.1489,3
0.2953,-0.5865,0.3676,3
0.189,-0.3299,-0.05027,3
-0.4536,0.1013,-0.4009,3
-0.285,0.6731,-0.1431,3
0.3112,-0.1601,0.3456,3
0.437,-0.6171,0.2429,3
0.03997,-0.1479,-0.2702,3
-0.6589,0.3286,-0.3154,3
0.1145,0.535,0.177,3
0.4908,-0.5743,0.4115,3
0.1695,-0.3397,-0.03805,3
-0.7505,0.05123,-0.3667,3
-0.4829,0.6071,-0.07103,3
0.2599,-0.1381,0.3798,3
0.4065,-0.5694,0.2772,3
-0.02722,-0.08682,-0.269,3
-0.7334,0.3897,-0.3374,3
0.05219,0.6658,0.155,3
0.5201,-0.5401,0.4238,3
0.4993,-0.2884,0.009599,3
-0.3656,0.1099,-0.3606,3
-0.4108,0.6364,-0.1223,3
0.3344,-0.04284,0.3712,3
0.5311,-0.628,0.2796,3
0.1072,-0.1467,-0.2311,3
-0.7798,0.2785,-0.3019,3
-0.08586,0.6059,0.1648,3
0.3979,-0.6134,0.4042,3
0.4517,-0.3947,0.001047,3
-0.4365,0.02558,-0.3862,3
-0.5978,0.6022,-0.1663,3
0.2025,-0.03918,0.3602,3
0.5067,-0.5804,0.2723,3
0.1731,-0.07216,-0.2824,3
-0.6699,0.3591,-0.3814,3
0.02165,0.6951,0.1134,3
0.4273,-0.5303,0.4006,3
0.3698,-0.3018,0.008378,3
-0.4878,0.08055,-0.3398,3
-0.4622,0.6206,-0.1089,3
0.4248,0.01825,0.4152,3
0.5409,-0.5938,0.3187,3
0.02043,-0.1198,-0.2152,3
-0.8751,0.2724,-0.3056,3
-0.03699,0.6535,0.1782,3
0.5128,-0.6183,0.436,3
0.4627,-0.3739,0.01326,3
-0.4817,-0.0123,-0.3997,3
-0.114,0.4336,-0.1737,3
1.055,-0.02085,0.3639,3
0.6973,-0.5963,0.2869,3
-0.2386,-0.1332,-0.2909,3
-1.299,0.2247,-0.4082,3
-0.2398,0.7391,0.07679,3
0.3503,-0.4766,0.3786,3
0.3234,-0.3605,0.02793,3
-0.3803,0.07078,-0.3838,3
-0.7517,0.5973,-0.2128,3
-0.06265,0.2333,0.3065,3
0.1548,-0.661,0.3211,3
0.08029,-0.1455,-0.192,3
-0.5733,0.243,-0.352,3
0.1597,0.6975,0.122,3
0.4615,-0.4839,0.4824,3
0.1108,-0.5071,0.1318,3
-0.621,-0.03062,-0.3569,3
-0.4622,0.3762,-0.2433,3
0.7119,0.4471,0.3126,3
0.4627,-0.6012,0.4128,3
-0.08831,-0.2249,-0.1578,3
-0.9056,0.171,-0.4718,3
-0.05776,0.6987,-0.08325,3
0.6044,-0.2799,0.3896,3
0.4248,-0.5266,0.1819,3
-0.2276,-0.06239,-0.3716,3
-0.7102,0.4092,-0.3508,3
0.2098,0.5118,0.1843,3
0.4175,-0.5914,0.3859,3
0.3198,-0.2469,-0.08081,3
-0.5782,0.1343,-0.3618,3
-0.219,0.6682,-0.002618,3
0.3625,-0.2579,0.4396,3
0.415,-0.523,0.2368,3
-0.1017,-0.06483,-0.3044,3
-0.7627,0.397,-0.3129,3
0.02409,0.5534,0.1672,3
0.3063,-0.5706,0.3859,3
0.3662,-0.2493,-0.05637,3
-0.3827,0.1392,-0.3972,3
-0.2227,0.7268,-0.09913,3
0.1695,-0.2469,0.3505,3
0.3454,-0.5853,0.1977,3
0.08518,-0.09538,-0.3032,3
-0.4768,0.3591,-0.2946,3
0.09984,0.5986,0.1745,3
0.1487,-0.6268,0.3908,3
0.211,-0.3593,-0.03194,3
-0.4182,0.03413,-0.3752,3
-0.08098,0.6169,-0.1065,3
0.459,-0.1039,0.3602,3
0.4138,-0.6207,0.2796,3
0.0412,-0.1186,-0.2494,3
-0.5318,0.2748,-0.3325,3
0.2318,0.7672,0.111,3
0.1768,-0.5792,0.3773,3
-0.08709,-0.3739,-0.05149,3
-0.6283,0.04635,-0.3862,3
-0.001564,0.6462,-0.07592,3
0.5629,0.1135,0.3896,3
0.1524,-0.5963,0.2833,3
-0.2789,-0.1137,-0.2482,3
-0.6601,0.254,-0.3252,3
0.3747,0.7659,0.1672,3
0.5617,-0.5157,0.4494,3
0.233,-0.3642,0.05236,3
-0.6222,0.009693,-0.3667,3
-0.4695,0.4886,-0.1969,3
0.4981,0.116,0.3272,3
0.4346,-0.6574,0.3114,3
-0.01745,-0.1516,-0.2335,3
-0.7725,0.182,-0.4009,3
0.1817,0.7598,0.07435,3
0.4737,-0.4949,0.4189,3
0.2819,-0.4314,0.06824,3
-0.4084,0.00725,-0.3801,3
-0.4402,0.4422,-0.2103,3
0.4248,0.4214,0.3163,3
0.3417,-0.5853,0.37,3
0.1023,-0.154,-0.1553,3
-0.6271,0.182,-0.3508,3
0.05952,0.7488,0.09634,3
0.3051,-0.3361,0.4421,3
0.1573,-0.4814,0.1562,3
-0.3253,-0.02574,-0.3496,3
-0.5513,0.4116,-0.2286,3
0.3124,0.5033,0.2723,3
0.3185,-0.6293,0.3883,3
0.1108,-0.253,-0.1236,3
-0.7199,0.1038,-0.3948,3
-0.1469,0.6597,0.003491,3
0.343,-0.3055,0.403,3
0.3088,-0.5657,0.1684,3
-0.1909,-0.0966,-0.3752,3
-0.5562,0.3139,-0.3215,3
0.3845,0.5741,0.2136,3
0.4725,-0.5719,0.3908,3
0.277,-0.2762,-0.09547,3
-0.5648,0.07444,-0.4021,3
-0.1934,0.6731,-0.05515,3
0.2025,-0.2004,0.3834,3
0.1121,-0.5425,0.2136,3
-0.2618,-0.1088,-0.3215,3
-0.467,0.3322,-0.3142,3
0.4517,0.6829,0.1831,3
0.3576,-0.5547,0.4006,3
0.134,-0.2994,-0.04782,3
-0.5452,0.05123,-0.3972,3
-0.03577,0.6474,-0.08814,3
0.3576,-0.04284,0.3627,3
0.07663,-0.5877,0.2503,3
-0.2948,-0.1442,-0.2983,3
-0.5733,0.2553,-0.3814,3
0.4835,0.7513,0.1196,3
0.4957,-0.5364,0.414,3
0.3527,-0.3996,0.01937,3
-0.3107,-0.001302,-0.3716,3
-0.1079,0.5473,-0.1028,3
0.2684,0.09888,0.359,3
0.1793,-0.6036,0.2979,3
0.1609,-0.1418,-0.2115,3
-0.4389,0.2296,-0.3105,3
0.1951,0.7708,0.1354,3
0.222,-0.5242,0.4287,3
0.1646,-0.5181,0.1049,3
-0.2997,-0.07461,-0.352,3
-0.417,0.4129,-0.2299,3
0.2159,0.353,0.2222,3
0.2135,-0.6,0.3089,3
0.1805,-0.1943,-0.1407,3
-0.5428,0.182,-0.3313,3
-0.04432,0.8111,0.03403,3
0.09007,-0.3556,0.3456,3
0.09007,-0.4802,0.09879,3
-0.2728,-0.07461,-0.3252,3
-0.3046,0.4324,-0.1908,3
0.3234,0.5228,0.2222,3
0.189,-0.6,0.3004,3
-0.01745,-0.2774,-0.1627,3
-0.6625,0.08544,-0.3728,3
0.01921,0.6926,0.003491,3
0.6435,-0.3141,0.3981,3
0.3625,-0.523,0.1147,3
-0.4841,-0.09049,-0.3948,3
-0.9093,0.3579,-0.3508,3
0.3295,0.4691,0.2564,3
0.6325,-0.6378,0.4103,3
0.0131,-0.2493,-0.1529,3
-0.946,0.06101,-0.4327,3
-0.2227,0.645,-0.06615,3
0.514,-0.2456,0.4067,3
0.4016,-0.5682,0.2039,3
-0.2386,-0.0856,-0.3386,3
-0.7273,0.353,-0.3154,3
0.2269,0.7268,0.1941,3
0.31,-0.5865,0.4213,3
0.134,-0.3226,-0.03072,3
-0.4402,0.06956,-0.3801,3
-0.03455,0.6609,-0.07714,3
0.4383,-0.04406,0.3908,3
0.1634,-0.5792,0.2918,3
-0.2642,-0.1565,-0.2445,3
-0.6185,0.298,-0.3362,3
0.3393,0.7354,0.1391,3
0.3931,-0.5804,0.4091,3
0.1023,-0.3923,0.007156,3
-0.5868,0.0158,-0.3923,3
-0.2251,0.5912,-0.1504,3
0.5116,0.0439,0.3541,3
0.3198,-0.5963,0.2906,3
-0.1738,-0.1479,-0.2433,3
-0.7273,0.2614,-0.3386,3
0.3564,0.8075,0.1257,3
0.5714,-0.5047,0.4152,3
0.3503,-0.3654,0.06213,3
-0.4023,0.04635,-0.3484,3
-0.3192,0.5998,-0.1834,3
0.3637,0.1355,0.3016,3
0.2745,-0.5987,0.2991,3
-0.04799,-0.1662,-0.1822,3
-0.6051,0.254,-0.3056,3
0.3466,0.7672,0.1623,3
0.5678,-0.4985,0.4396,3
0.02043,-0.4387,0.04625,3
-0.8103,-0.04162,-0.3765,3
-0.4463,0.4813,-0.2091,3
0.5458,0.2699,0.2991,3
0.3466,-0.6415,0.3419,3
-0.103,-0.2078,-0.1871,3
-0.7175,0.1832,-0.3716,3
0.1365,0.7843,0.04992,3
0.3821,-0.4509,0.3932,3
0.09984,-0.4998,0.09756,3
-0.5013,-0.04406,-0.3643,3
-0.6857,0.4898,-0.2482,3
0.02531,0.3909,0.2613,3
-0.01622,-0.6598,0.3211,3
-0.3119,-0.2322,-0.181,3
-0.7175,0.1697,-0.3862,3
0.1878,0.7476,0.01326,3
0.6838,-0.3984,0.4128,3
0.354,-0.5083,0.1721,3
-0.3534,-0.03551,-0.3178,3
-0.6063,0.4605,-0.2812,3
0.2379,0.4947,0.1623,3
0.3845,-0.5987,0.3138,3
0.1279,-0.3226,-0.07837,3
-0.5098,0.083,-0.3288,3
-0.219,0.6425,-0.07348,3
0.1634,-0.3556,0.2747,3
0.09373,-0.716,0.1672,3
-0.2117,-0.2261,-0.2213,3
-0.3974,0.3261,-0.2286,3
0.1939,0.5253,0.1098,3
0.02165,-0.683,0.2979,3
-0.2056,-0.4411,-0.02827,3
-0.5184,0.1196,-0.2958,3
-0.1445,0.7867,-0.05882,3
0.1548,-0.1332,0.3505,3
-0.05654,-0.6598,0.2588,3
-0.1836,-0.09293,-0.1773,3
-0.3669,0.4654,-0.2763,3
0.2709,0.8002,0.06824,3
0.05708,-0.4998,0.3346,3
-0.1922,-0.4802,-0.01239,3
-0.4316,0.105,-0.3471,3
-0.2361,0.7134,-0.1529,3
0.1463,0.07444,0.2491,3
-0.1201,-0.7185,0.2307,3
-0.1628,-0.2359,-0.1871,3
-0.3742,0.2919,-0.3178,3
0.1072,0.8111,0.03403,3
-0.03944,-0.5279,0.3444,3
-0.1237,-0.5963,0.04869,3
-0.06387,0.03657,-0.3337,3
0.02654,0.5961,-0.2128,3
0.2831,0.3383,0.2124,3
-0.125,-0.6549,0.3016,3
0.03142,-0.2078,-0.1114,3
-0.05532,0.2956,-0.33,3
0.365,0.8771,0.005934,3
0.1512,-0.38,0.3566,3
-0.04799,-0.5511,0.1281,3
-0.006451,0.001141,-0.2702,3
0.02287,0.5338,-0.1993,3
0.3698,0.4397,0.2039,3
-0.02478,-0.6427,0.348,3
0.00821,-0.3116,-0.05882,3
-0.1372,0.1771,-0.3203,3
0.2904,0.7782,-0.01728,3
0.1304,-0.3568,0.3651,3
-0.1115,-0.6256,0.1672,3
-0.06265,-0.08194,-0.2836,3
-0.0712,0.4495,-0.2995,3
0.4126,0.5741,0.1196,3
0.0412,-0.6146,0.3395,3
0.01676,-0.3141,-0.03927,3
-0.1885,0.1477,-0.3667,3
0.2025,0.7488,-0.1321,3
0.1793,-0.1956,0.3126,3
-0.103,-0.6464,0.2185,3
-0.03822,-0.1125,-0.2238,3
-0.1042,0.3994,-0.2848,3
0.4041,0.7012,0.1269,3
-0.01622,-0.5731,0.3834,3
-0.1335,-0.4008,0.02548,3
-0.241,0.09033,-0.319,3
0.1243,0.7,-0.1089,3
0.1964,-0.06361,0.3321,3
-0.1677,-0.6574,0.2662,3
-0.1237,-0.1479,-0.1749,3
-0.1958,0.3335,-0.2971,3
0.4358,0.7916,0.09268,3
0.1279,-0.5584,0.3639,3
-0.002786,-0.4827,0.02426,3
-0.197,0.01214,-0.3569,3
-0.03577,0.5558,-0.2103,3
0.2868,0.1245,0.2613,3
-0.01622,-0.7148,0.2759,3
0.00821,-0.2053,-0.1627,3
-0.252,0.2467,-0.3313,3
0.244,0.8185,0.03037,3
0.08884,-0.5022,0.3688,3
0.0302,-0.523,0.08046,3
-0.08709,0.01702,-0.3056,3
-0.1005,0.5546,-0.2005,3
0.255,0.3359,0.2503,3
-0.008894,-0.6366,0.3199,3
0.1035,-0.2017,-0.115,3
-0.2264,0.2479,-0.3349,3
0.2281,0.8588,-0.0001745,3
0.1023,-0.3605,0.3737,3
-0.02233,-0.6232,0.1306,3
-0.05166,-0.04895,-0.3068,3
-0.1836,0.452,-0.2787,3
0.2929,0.6022,0.1367,3
-0.08953,-0.6513,0.3285,3
-0.004008,-0.3556,-0.05393,3
-0.2178,0.1111,-0.3496,3
0.2086,0.7391,-0.0747,3
0.1683,-0.1907,0.3431,3
-0.125,-0.6794,0.2271,3
-0.07975,-0.1223,-0.2176,3
-0.1653,0.3762,-0.2934,3
0.3931,0.7549,0.08535,3
-0.0822,-0.5706,0.3444,3
-0.1445,-0.424,0.008378,3
-0.2569,0.06834,-0.3374,3
0.1023,0.6816,-0.137,3
0.1683,-0.01474,0.2857,3
-0.1702,-0.6818,0.2478,3
-0.07365,-0.1565,-0.192,3
-0.2618,0.3237,-0.3068,3
0.3698,0.8099,0.08168,3
0.03631,-0.5279,0.3847,3
-0.006451,-0.4876,0.05847,3
-0.1836,0.02191,-0.33,3
-0.05043,0.6157,-0.1724,3
0.1414,0.1441,0.2662,3
-0.1176,-0.6598,0.3089,3
0.01798,-0.1894,-0.1285,3
-0.1836,0.2846,-0.3227,3
0.2489,0.8111,0.01571,3
-0.1274,-0.4973,0.348,3
-0.09686,-0.501,0.08168,3
-0.1005,0.004806,-0.3178,3
0.02531,0.5851,-0.1969,3
0.1609,0.2174,0.2271,3
-0.1763,-0.6696,0.2955,3
0.02409,-0.1956,-0.1321,3
-0.2239,0.2504,-0.3239,3
0.2526,0.8331,0.04136,3
-0.0431,-0.4509,0.4018,3
-0.04432,-0.5389,0.1281,3
-0.06143,-0.006189,-0.3117,3
-0.1054,0.5399,-0.2347,3
0.1487,0.4043,0.188,3
-0.2007,-0.6647,0.315,3
-0.03211,-0.2664,-0.09425,3
-0.2068,0.1856,-0.3606,3
0.3136,0.8124,-0.05393,3
0.1512,-0.3495,0.3492,3
-0.04921,-0.6183,0.1562,3
-0.04921,-0.06483,-0.2861,3
-0.136,0.4593,-0.2897,3
0.321,0.5778,0.122,3
-0.05654,-0.639,0.3187,3
0.01432,-0.3104,-0.06126,3
-0.2557,0.1319,-0.3337,3
0.1731,0.7647,-0.03438,3
0.2391,-0.2493,0.3859,3
0.08396,-0.6488,0.2197,3
-0.001564,-0.08927,-0.2299,3
-0.3485,0.3701,-0.2714,3
0.1768,0.7024,0.1318,3
-0.04066,-0.628,0.3786,3
0.1292,-0.38,0.01204,3
-0.1384,0.08055,-0.3667,3
-0.08586,0.678,-0.17,3
0.0302,-0.1051,0.2845,3
-0.07487,-0.7233,0.2429,3
0.1047,-0.1394,-0.2066,3
-0.2215,0.3041,-0.3459,3
0.1878,0.7965,0.04014,3
-0.1518,-0.5547,0.3456,3
-0.01745,-0.4643,0.04136,3
-0.05654,0.05245,-0.3337,3
0.01432,0.6181,-0.1651,3
0.1719,0.2076,0.2943,3
-0.1274,-0.6427,0.3334,3
0.0412,-0.1675,-0.104,3
-0.2007,0.2882,-0.2885,3
0.2978,0.8441,0.07435,3
0.00821,-0.4741,0.4189,3
-0.026,-0.5328,0.1306,3
-0.103,-0.009854,-0.3227,3
-0.1298,0.5363,-0.2421,3
0.1108,0.2821,0.2124,3
-0.1616,-0.672,0.3126,3
0.1096,-0.2127,-0.1211,3
-0.136,0.2308,-0.3667,3
0.2342,0.8173,-0.03438,3
-0.0431,-0.4411,0.3382,3
-0.026,-0.5389,0.111,3
0.003323,-0.007411,-0.3044,3
-0.03944,0.5094,-0.2201,3
0.2122,0.4214,0.2087,3
-0.1763,-0.6488,0.3272,3
-0.001564,-0.2493,-0.0857,3
-0.2789,0.1673,-0.3313,3
0.1157,0.7806,-0.001396,3
-0.03089,-0.3617,0.3944,3
-0.05166,-0.6036,0.1831,3
0.02898,-0.03062,-0.2873,3
-0.1592,0.4349,-0.2897,3
0.2012,0.6193,0.1293,3
-0.2129,-0.6488,0.3407,3
0.02531,-0.3141,-0.04538,3
-0.1616,0.1221,-0.3752,3
-0.0003424,0.7305,-0.104,3
-0.09075,-0.2175,0.3382,3
-0.1555,-0.6427,0.2124,3
0.06197,-0.07094,-0.2384,3
-0.1323,0.3738,-0.2848,3
0.1866,0.6878,0.1171,3
-0.2251,-0.6134,0.3737,3
-0.01622,-0.3727,0.04136,3
-0.07609,0.09399,-0.3215,3
0.08518,0.6755,-0.1162,3
0.03509,-0.05384,0.3236,3
-0.1836,-0.6647,0.2674,3
0.01676,-0.1039,-0.1957,3
-0.1433,0.3493,-0.3264,3
0.2293,0.7855,0.07924,3
-0.1323,-0.5877,0.3688,3
-0.05532,-0.457,0.04992,3
-0.08342,0.05734,-0.3423,3
0.02165,0.6218,-0.1785,3
0.09984,0.07689,0.2759,3
-0.1152,-0.6952,0.2625,3
0.04975,-0.1406,-0.1676,3
-0.2325,0.2773,-0.3081,3
0.03997,0.7867,0.0829,3
-0.2264,-0.5621,0.3749,3
-0.114,-0.4766,0.07313,3
-0.0822,0.04757,-0.33,3
-0.05654,0.5595,-0.2018,3
0.1646,0.2223,0.2613,3
0.006988,-0.6965,0.2882,3
0.2086,-0.1516,-0.1517,3
-0.1506,0.254,-0.3581,3
0.1035,0.8209,0.001047,3
0.01554,-0.4888,0.3712,3
0.1695,-0.556,0.1098,3
0.1609,0.03046,-0.3264,3
-0.1421,0.5057,-0.2396,3
-0.01134,0.43,0.2087,3
-0.2361,-0.6904,0.3224,3
0.1805,-0.2212,-0.08447,3
-0.0431,0.1917,-0.3337,3
0.156,0.7916,-0.006283,3
-0.07731,-0.3385,0.3737,3
-0.08709,-0.6549,0.1819,3
0.1133,-0.03185,-0.269,3
-0.04432,0.4312,-0.2751,3
0.1524,0.6706,0.1232,3
-0.263,-0.6464,0.3309,3
0.03264,-0.3422,-0.02827,3
0.0693,0.1477,-0.3679,3
0.244,0.7195,-0.1333,3
-0.04921,-0.154,0.2906,3
-0.2496,-0.6965,0.1977,3
0.08518,-0.08927,-0.2445,3
0.04608,0.3542,-0.3215,3
0.3674,0.7354,0.05847,3
-0.1225,-0.5828,0.3126,3
-0.006451,-0.3971,0.008378,3
-0.01378,0.06101,-0.3288,3
0.1402,0.6254,-0.115,3
0.02043,-0.02207,0.2979,3
-0.2349,-0.6989,0.2527,3
0.04486,-0.1381,-0.17,3
-0.05654,0.3005,-0.2909,3
0.2831,0.7452,0.07802,3
-0.114,-0.556,0.3529,3
-0.06021,-0.446,0.04503,3
-0.09319,0.04268,-0.3508,3
0.02898,0.6254,-0.1859,3
0.01676,0.04879,0.2454,3
-0.1555,-0.6464,0.2503,3
0.0754,-0.1332,-0.1932,3
-0.1152,0.3273,-0.33,3
0.2208,0.8002,0.05847,3
-0.1702,-0.5193,0.3615,3
-0.01622,-0.4314,0.0658,3
-0.02356,0.05245,-0.3203,3
0.08518,0.6206,-0.148,3
0.03997,0.072,0.2894,3
-0.208,-0.6769,0.2967,3
0.1047,-0.1271,-0.1627,3
-0.02478,0.3029,-0.3349,3
0.266,0.8246,0.04503,3
-0.05043,-0.5279,0.3786,3
0.1597,-0.479,0.0939,3
0.09373,0.01702,-0.3643,3
-0.114,0.535,-0.2457,3
-0.01867,0.2711,0.21,3
-0.2203,-0.7001,0.2857,3
0.1182,-0.2127,-0.1541,3
-0.1311,0.1893,-0.3887,3
0.01554,0.7855,-0.0295,3
-0.3278,-0.4533,0.3529,3
-0.252,-0.5926,0.1623,3
0.009431,0.003585,-0.2616,3
-0.04188,0.4617,-0.203,3
0.1414,0.5717,0.2258,3
-0.1152,-0.639,0.4115,3
0.3051,-0.2175,0.01815,3
0.1536,0.1917,-0.3129,3
0.1328,0.7378,-0.06859,3
-0.1641,-0.2909,0.3468,3
-0.208,-0.716,0.2148,3
0.1512,-0.07949,-0.2665,3
-0.0431,0.3408,-0.3594,3
0.1353,0.6328,0.03648,3
-0.2716,-0.6818,0.3138,3
0.06197,-0.4497,-0.01972,3
0.08274,0.06345,-0.3936,3
0.1047,0.6303,-0.1785,3
-0.07731,-0.08071,0.2808,3
-0.2435,-0.7148,0.2503,3
0.1438,-0.08682,-0.1944,3
0.02531,0.3408,-0.3044,3
0.3283,0.8368,0.09512,3
-0.1506,-0.5425,0.3993,3
-0.04921,-0.4485,0.1037,3
-0.01867,0.072,-0.3081,3
0.05341,0.5925,-0.1651,3
0.08274,0.2443,0.2723,3
-0.2325,-0.7001,0.3187,3
0.09984,-0.1772,-0.1395,3
-0.08709,0.2272,-0.3581,3
0.2,0.7928,-0.001396,3
-0.1616,-0.4985,0.3602,3
-0.04432,-0.5682,0.09512,3
0.0974,-0.01718,-0.3801,3
-0.01745,0.4886,-0.3032,3
0.04364,0.4068,0.1574,3
-0.3192,-0.6769,0.315,3
0.1658,-0.2127,-0.09669,3
0.04242,0.1856,-0.3594,3
0.2636,0.7928,-0.0185,3
-0.1555,-0.3837,0.3859,3
-0.1494,-0.5792,0.1843,3
0.09007,0.002363,-0.2763,3
0.05219,0.4911,-0.2396,3
0.1695,0.546,0.1733,3
-0.3155,-0.6696,0.3627,3
0.005766,-0.2676,-0.05149,3
-0.07975,0.149,-0.3789,3
0.1683,0.7586,-0.08447,3
-0.1091,-0.3324,0.3553,3
-0.1323,-0.6708,0.1904,3
0.1231,-0.06728,-0.2958,3
-0.06632,0.375,-0.3203,3
0.1389,0.6096,0.1049,3
-0.34,-0.6855,0.3578,3
0.02043,-0.358,-0.01117,3
0.0008794,0.09033,-0.3557,3
0.1683,0.7183,-0.0918,3
-0.0431,-0.1357,0.3712,3
-0.1787,-0.6794,0.2967,3
0.1389,-0.07583,-0.1908,3
-0.002786,0.3725,-0.3068,3
0.233,0.8405,0.08412,3
-0.2716,-0.5828,0.3859,3
-0.06876,-0.413,0.04014,3
-0.02722,0.07444,-0.3936,3
0.1035,0.6548,-0.2176,3
0.06807,0.08788,0.2637,3
-0.1628,-0.7099,0.2857,3
0.1096,-0.1491,-0.1712,3
-0.1347,0.2663,-0.3471,3
0.2012,0.7916,0.03159,3
-0.1066,-0.5731,0.3786,3
0.005766,-0.5315,0.0939,3
-0.04555,-0.002524,-0.3349,3
-0.1457,0.5179,-0.2262,3
0.02898,0.2565,0.2368,3
-0.1812,-0.7111,0.3065,3
0.1328,-0.1858,-0.1419,3
-0.1482,0.2186,-0.4192,3
0.02043,0.8136,-0.09669,3
-0.1201,-0.391,0.3798,3
0.02287,-0.5376,0.1904,3
0.1854,0.07078,-0.2848,3
-0.1005,0.5069,-0.2897,3
0.005766,0.5179,0.1428,3
-0.5232,-0.6574,0.3334,3
-0.1824,-0.2615,-0.05637,3
-0.2826,0.1184,-0.3239,3
0.01432,0.6609,-0.02217,3
0.005766,-0.3116,0.4299,3
-0.2752,-0.6818,0.2649,3
-0.186,-0.07827,-0.2409,3
-0.4231,0.3322,-0.3325,3
-0.1482,0.6804,0.08046,3
-0.5868,-0.6415,0.3566,3
-0.4023,-0.3861,0.03159,3
-0.2716,0.1331,-0.3826,3
-0.09808,0.6291,-0.2189,3
-0.0003424,0.07322,0.2882,3
-0.4719,-0.639,0.2454,3
-0.2484,-0.08071,-0.2262,3
-0.2337,0.3054,-0.3459,3
0.156,0.7476,0.1281,3
-0.3779,-0.5364,0.4543,3
-0.8323,-0.4717,0.1134,3
-0.814,0.04146,-0.3557,3
-0.511,0.4862,-0.1895,3
-0.4377,0.182,0.3236,3
-1.055,-0.6745,0.3517,3
-0.7297,-0.132,-0.0466,3
-0.6747,0.2736,-0.3178,3
-0.4512,0.6401,-0.06981,3
-1.024,-0.5902,0.2588,3
-1.323,-0.4802,0.06702,3
-0.6784,0.06834,-0.3203,3
-0.1677,0.4886,-0.269,3
-0.008894,0.1905,0.1293,3
-0.6295,-0.5828,0.1684,3
-0.5868,-0.1528,-0.1761,3
-0.3204,0.2333,-0.3814,3
-0.07487,0.4874,-0.06981,3
-0.384,-0.4326,0.2735,3
-0.803,-0.413,0.06946,3
-0.5477,0.07078,-0.2971,3
-0.3021,0.386,-0.258,3
-0.2569,0.1917,0.1098,3
-0.7322,-0.5645,0.1806,3
-0.7603,-0.1699,-0.0918,3
-0.2093,0.2528,-0.2628,3
0.3161,0.4776,-0.03805,3
0.4529,-0.2896,0.3089,3
-0.1922,-0.4167,0.1696,3
-0.2105,0.06223,-0.1676,3
0.1621,0.4446,-0.236,3
0.4468,0.4507,0.06824,3
0.1218,-0.5144,0.2246,3
-0.4866,-0.2395,-0.04538,3
-0.05899,0.2394,-0.3166,3
0.5006,0.5204,-0.126,3
0.5836,-0.1076,0.2454,3
-0.307,-0.5266,0.1525,3
-0.296,-0.04773,-0.1993,3
0.1988,0.353,-0.2934,3
0.5445,0.4947,0.07069,3
0.255,-0.5755,0.3553,3
-0.5122,-0.3886,0.09756,3
-0.08709,0.1429,-0.2567,3
0.5445,0.5094,-0.159,3
0.7816,0.1758,0.2246,3
0.2855,-0.534,0.2955,3
0.2025,-0.1137,-0.05515,3
0.5543,0.353,-0.2995,3
0.751,0.6841,-0.02583,3
0.4028,-0.38,0.348,3
-0.3082,-0.4252,0.1403,3
0.004545,0.07933,-0.2482,3
0.4737,0.4788,-0.2225,3
0.6069,0.3591,0.1709,3
-0.01989,-0.6097,0.3419,3
-0.3424,-0.2469,-0.01972,3
0.0974,0.2174,-0.3105,3
0.5226,0.5815,-0.05027,3
0.4993,-0.2737,0.4103,3
-0.2716,-0.5743,0.2527,3
-0.1017,-0.0575,-0.1834,3
0.3173,0.4129,-0.2983,3
0.6301,0.579,0.04869,3
0.1279,-0.5499,0.3529,3
-0.3498,-0.3397,0.03403,3
0.1463,0.1832,-0.3594,3
0.7339,0.5998,-0.2115,3
0.9074,0.07811,0.2332,3
0.4871,-0.6,0.2772,3
0.7999,-0.1479,-0.1223,3
0.9954,0.3127,-0.3264,3
1.383,0.6572,0.01693,3
1.29,-0.4851,0.3871,3
1.34,-0.5609,0.1122,3
1.517,-0.0685,-0.3227,3
1.67,0.3933,-0.3239,3
2.102,0.3054,0.05847,3
1.351,-0.5438,0.2979,3
0.7987,-0.5731,-0.04171,3
0.696,-0.02207,-0.3471,3
1.334,0.7171,-0.1651,3
0.9673,-0.1296,0.221,3
0.4566,-0.4998,0.1953,3
0.7584,-0.2102,-0.2787,3
1.552,0.3493,-0.4253,3
2.253,0.4581,-0.1297,3
1.368,-0.3055,0.1501,3
0.7608,-0.5291,-0.1566,3
1.119,-0.1968,-0.4657,3
1.892,0.4788,-0.3484,3
1.418,-0.1662,0.03281,3
0.5641,-0.5584,0.01937,3
0.4431,-0.6513,-0.385,3
1.237,-0.05995,-0.517,3
1.599,0.3188,-0.1724,3
0.602,-0.1369,0.1574,3
-0.07975,-0.5438,-0.03194,3
0.3821,-0.3788,-0.3594,3
1.246,0.3713,-0.3704,3
0.5641,0.1978,0.001047,3
-0.4096,-0.1809,0.1623,3
-0.4536,-0.4619,-0.1114,3
0.481,-0.02574,-0.3313,3
0.7107,0.4996,-0.1614,3
-0.1237,0.1148,0.1538,3
-0.5843,-0.3018,0.1061,3
-0.02356,-0.3141,-0.1773,3
0.6496,0.2907,-0.2641,3
0.2709,0.3249,0.04625,3
-0.4499,-0.0856,0.2466,3
-0.4328,-0.4607,-0.03927,3
0.3674,-0.1504,-0.2775,3
0.6386,0.5082,-0.192,3
-0.06509,0.1783,0.2197,3
-0.6491,-0.2799,0.2185,3
-0.1812,-0.3861,-0.1223,3
0.5482,0.1832,-0.2604,3
0.4554,0.5436,0.06213,3
-0.4719,0.04512,0.3334,3
-0.7334,-0.4656,0.111,3
0.0974,-0.2554,-0.2103,3
0.8292,0.4837,-0.2213,3
0.2122,0.1453,0.0939,3
-0.2777,-0.49,0.1758,3
-0.06387,-0.8895,-0.214,3
0.8219,-0.5034,-0.3875,3
1.142,-0.2212,-0.1419,3
0.1243,-0.7356,0.08046,3
-0.6124,-1.367,-0.2018,3
-0.08342,-1.456,-0.6294,3
0.6716,-1.084,-0.6843,3
0.7926,-1.162,-0.4718,3
0.0583,-1.57,-0.462,3
-0.1543,-1.905,-0.8114,3
-0.03211,-1.895,-1.066,3
0.481,-1.466,-0.8994,3
0.4712,-1.382,-0.6379,3
-0.09197,-1.726,-0.7027,3
-0.05532,-1.756,-0.9605,3
0.244,-1.511,-1.036,3
0.8353,-0.964,-0.743,3
0.4493,-0.964,-0.5426,3
-0.008894,-1.17,-0.6611,3
-0.005229,-1.047,-0.8371,3
0.2342,-0.6818,-0.7369,3
0.613,-0.2224,-0.4302,3
0.3882,-0.4191,-0.3789,3
0.1255,-0.5828,-0.55,3
-0.07609,-0.5486,-0.5903,3
0.07052,-0.06728,-0.1737,3
0.2208,-0.008633,0.05114,3
0.2501,-0.2151,-0.08692,3
0.1023,-0.3422,-0.3679,3
-0.1482,-0.1919,-0.1798,3
0.1585,0.2088,0.04014,3
0.2526,0.07811,0.05603,3
-0.1396,-0.198,-0.2238,3
-0.5452,-0.2725,-0.341,3
-0.2056,0.1172,0.05114,3
0.1597,0.2773,0.221,3
-0.1213,-0.03795,-0.01239,3
-0.4389,-0.2066,-0.3093,3
-0.3424,-0.08194,-0.07592,3
0.2917,0.265,0.2063,3
0.3772,0.03657,0.2454,3
0.04608,-0.2884,-0.04294,3
-0.1616,-0.3385,-0.236,3
-0.01622,-0.01963,0.2197,3
0.3906,0.2467,0.2796,3
0.1829,-0.01963,0.1183,3
-0.3388,-0.2456,-0.203,3
-0.5929,-0.08682,-0.1492,3
0.01798,0.2711,0.2478,3
0.376,0.2711,0.221,3
-0.05043,-0.08316,-0.05882,3
-0.4328,-0.2114,-0.2421,3
-0.2093,0.06467,-0.002618,3
0.5384,0.3518,0.1599,3
0.3259,0.03779,0.1073,3
-0.3815,-0.308,-0.2519,3
-0.5623,-0.1894,-0.269,3
0.04242,0.2516,0.1098,3
0.437,0.1893,0.1415,3
0.1145,-0.1088,-0.00384,3
-0.1518,-0.2408,-0.3239,3
-0.2838,-0.06605,-0.01361,3
-0.09197,0.05368,0.06213,3
0.01065,-0.01352,0.1134,3
0.1964,-0.1051,-0.1175,3
0.0008794,-0.3018,-0.3337,3
-0.01378,-0.1552,-0.1162,3
-0.2496,-0.0685,0.2833,3
0.08884,0.01458,0.1513,3
0.3845,0.1343,-0.006283,3
0.08151,-0.1357,-0.1016,3
-0.4597,-0.2359,-0.02583,3
-0.1909,0.01947,-0.0295,3
0.2782,0.2345,0.03159,3
0.6777,0.1746,-0.1957,3
-0.08953,-0.2237,-0.1358,3
-0.6137,-0.2823,0.03281,3
-0.1201,0.07078,0.01571,3
0.4053,0.265,-0.05637,3
0.2367,-0.08316,-0.0356,3
-0.329,-0.2786,0.07802,3
-0.3485,-0.04895,0.03526,3
0.08518,0.1343,0.1061,3
0.5213,0.1991,-0.08814,3
-0.4964,-0.2444,0.1049,3
-0.1005,0.09033,0.03281,3
0.3332,0.2369,0.1208,3
0.459,0.1392,-0.06126,3
-0.2141,-0.1638,0.03526,3
-0.4524,-0.03062,0.08168,3
0.01676,0.2088,0.0377,3
0.3747,0.2064,0.06336,3
0.09251,-0.08194,-0.07837,3
-0.4316,-0.231,-0.09791,3
-0.2948,0.03535,-0.04416,3
0.1169,0.1636,0.04503,3
0.3674,0.06223,-0.2079,3
-0.2508,-0.2139,-0.06126,3
-0.2166,0.08911,-0.1602,3
0.1646,0.3921,-0.09669,3
